"initialpoint","repeat","row_dim","col_dim","rank","mineigval_correction","tolKKTres","maxOuterIter","maxtime","verbosity","P","PA","x0",
20,5,10,2,1e-05,4,1000,60,1,1,0,0,0,1,1,1,1,0,1,-1.6218,0,0,0,-3.1,0.10809,0.41979,0.87184,0,-1.8806,1,0,0,0,0,0,0,0,0,0,
,,,,,,,,,,1,1,0,1,1,0,0,0,0,0,-1.5285,0.59855,0,0.010721,-1.6341,0,0,0,0,0,0,1,0,0,0,0,0,0,0,0,
,,,,,,,,,,1,0,1,0,1,0,1,0,0,1,0.96561,0,1.3355,0,0.071667,0,0.16359,0,0,-0.19621,0,0,0,0,0,0,0,0,0,0,
,,,,,,,,,,0,0,0,0,0,0,0,1,0,1,0,0,0,0,0,0,0,0.046507,0,2.04,0,0,0,0,0,0,0,0,0,0,
,,,,,,,,,,0,1,0,1,1,1,0,0,0,0,0,-1.3359,0,-1.7756,2.5329,-0.53907,0,0,0,0,0,0,0,0,0,0,0,0,0,0,
