,ALM,LQH,LSE,Riemannian_SQP,dim
0,0.6248603305785123,0.013219301329727293,0.01695735243355195,0.038565419238683125,"[4, 8]"
0,0.7092755294117646,0.016271835284976967,0.022375149768711612,0.07082318772136953,"[5, 10]"
0,0.7291617433414044,0.020121378079747444,0.029387778662420386,0.12068998390989542,"[6, 12]"
0,0.6903863636363636,0.024089893092105265,0.03705334922227797,0.18472672413793104,"[7, 14]"
