,ALM,LQH,LSE,Riemannian_SQP,log10residual
0,0.0,0.0,0.0,3.934e-05,-3
1,0.0,0.0,0.0,3.934e-05,-2
2,0.0,0.0,0.0,3.934e-05,-1
3,1.2609,0.089122,0.79242,0.041227999999999994,0
4,3.1467,0.089122,0.79242,0.08225700000000001,1
5,3.8681,0.089122,2.9275,0.20586999999999997,2
6,9.8589,0.21946,7.1979,0.3251,3
7,13.7433,0.3299,9.0555,0.40634000000000003,4
8,20.7826,0.36286999999999997,9.0555,0.44568,5
9,,0.45093999999999995,,0.4857,6
10,,,,0.4857,7
11,,,,0.52585,8
