,ALM,LQH,LSE,Riemannian_SQP,log10residual
0,0.0,0.0,0.0,2.7391e-05,-3
1,0.0,0.0,0.0,2.7391e-05,-2
2,0.0,0.0,0.0,0.19607,-1
3,1.6979,0.28465999999999997,1.5521,0.38543,0
4,3.4948,0.28465999999999997,1.5521,2.5108,1
5,4.3777,0.28465999999999997,6.428,3.654,2
6,8.1375,4.9726,16.0997,3.654,3
7,24.4643,10.5205,137.8522,7.407,4
8,,,,9.3173,5
9,,,,12.7071,6
10,,,,22.4576,7
11,,,,57.0125,8
12,,,,144.8908,9
