,ALM,LQH,LSE,Riemannian_SQP,log10residual
0,0.0,0.0,0.0,3.2923e-05,-3
1,0.0,0.0,0.0,3.2923e-05,-2
2,0.0,0.0,0.0,3.2923e-05,-1
3,1.8124,0.31844,1.317,0.25440999999999997,0
4,3.5996,0.31844,1.317,0.49845,1
5,5.345,0.31844,,1.4937,2
6,8.0223,8.4096,,1.7376,3
7,14.0603,16.3492,,5.7338,4
8,22.8151,107.8884,,5.8675,5
9,,,,6.1222,6
10,,,,6.3695,7
11,,,,7.2208,8
12,,,,10.0281,9
13,,,,160.6312,10
