"repeat","row_dim","col_dim","rank","mineigval_correction","tolKKTres","maxOuterIter","maxtime","verbosity","P","PA",
1,4,12,1,1e-05,3,10000,180,1,0,1,1,0,1,1,0,1,1,0,0,1,0,0.21683,-0.29528,0,-0.1284,0.22804,0,0.013228,-0.30305,0,0,-0.32527,
,,,,,,,,,1,0,0,0,0,0,1,0,0,0,1,1,-0.54515,0,0,0,0,0,0.33687,0,0,0,0.14932,-0.60918,
,,,,,,,,,0,0,0,0,1,1,1,0,0,0,0,0,0,0,0,0,-0.042979,0.07633,0.060208,0,0,0,0,0,
,,,,,,,,,0,1,0,0,0,0,0,0,0,0,1,1,0,0.15242,0,0,0,0,0,0,0,0,0.056046,-0.22866,
