"repeat","row_dim","col_dim","rank","mineigval_correction","tolKKTres","maxOuterIter","maxtime","verbosity","P","PA",
1,3,9,2,1e-05,7,10000,180,1,1,1,1,1,1,1,1,1,1,-1.659,-1.0354,0.38982,-0.49102,0.32978,0.64034,-1.6927,1.6399,0.74781,
,,,,,,,,,1,1,1,1,1,1,1,0,1,-2.0278,-1.6717,0.24883,-0.46861,0.5157,1.0975,-2.3325,0,1.1236,
,,,,,,,,,1,1,1,1,1,1,0,1,0,2.018,2.1231,0.0098263,0.31758,-0.6406,-1.4483,0,-1.6926,0,
