"iter","cost","gradnorm","time","stepsize","ls_max_steps_break","dist","qpexitflag","rho","KKT_residual","maxviolation","meanviolation",
0,0.75834,2.9168,5.8525e-05,NaN,NaN,NaN,NaN,1,2.9514,0.34619,0.11439,
1,0.3059,0.31299,0.0090283,1,0,0.97721,1,1,0.31299,0,0,
2,0.25891,0.43517,0.020128,0.38742,0,1.8662,1,1,0.43517,0,0,
3,0.0043902,0.093267,0.029623,1,0,1.1064,1,1,0.093267,0,0,
4,3.4532e-08,0.00024337,0.042063,1,0,0.15009,1,1,0.00024337,0,0,
5,2.7739e-15,6.4272e-08,0.050407,1,0,0.00076576,1,1,6.4272e-08,0,0,
