"iter","cost","gradnorm","time","stepsize","ls_max_steps_break","dist","qpexitflag","rho","KKT_residual","maxviolation","meanviolation",
0,3.0929,4.0443,5.8147e-05,NaN,NaN,NaN,NaN,1,4.0452,0.072544,0.016191,
1,1.9178,4.3982,0.015525,1,0,1.028,1,3.5637,4.3982,0,0,
2,0.034637,15.6866,0.027453,1,0,1.9407,1,19.6329,15.6866,0,0,
3,0.034637,0.00099841,0.03937,1,0,2.2593e-05,1,127.4666,0.00099841,0,0,
4,0.034637,3.4138e-06,0.051304,1,0,1.1983e-05,1,333.6369,3.4138e-06,0,0,
