"iter","cost","gradnorm","time","stepsize","ls_max_steps_break","dist","qpexitflag","rho","KKT_residual","maxviolation","meanviolation",
0,0.049369,2.4247,6.4566e-05,NaN,NaN,NaN,NaN,1,2.5245,0.57409,0.19337,
1,0.0018937,5.8935e-06,0.0088263,1,0,0.70469,1,1,5.8935e-06,0,0,
2,0.0018937,8.1924e-07,0.017197,1,0,0.0069395,1,1,8.1924e-07,0,0,
3,0.0018937,7.6134e-08,0.025295,1,0,0.0079341,1,1,7.6134e-08,9.8783e-19,2.011e-19,
