"iter","time","dist","rho","maxviolation","meanviolation","cost","maxabsLagMult","KKT_residual","LagGradNorm",
0,0,NaN,1,0.016034,0.0030981,6.1041,1,5.2641,5.2641,
1,0.01698,3.6058,3.3333,0,0,0.19244,0.80622,1.9131,1.9131,
2,0.024784,3.6058,3.3333,0,0,0.0060168,0.56888,0.38085,0.38085,
3,0.030333,0.54271,3.3333,0,0,0.0021658,0.35909,0.03781,0.03781,
4,0.037807,0.044797,11.1111,0,0,0.00044629,0.17075,0.032448,0.032448,
5,0.046937,0.036623,11.1111,0,0,6.2103e-09,0,0.02829,0.02829,
6,0.052691,0.030398,11.1111,0,0,6.2103e-09,0,0.00010618,0.00010618,
7,0.057847,0,11.1111,0,0,6.2103e-09,0,0.00010618,0.00010618,
8,0.061114,0,11.1111,0,0,6.2103e-09,0,0.00010618,0.00010618,
9,0.064177,0,11.1111,0,0,6.2103e-09,0,0.00010618,0.00010618,
10,0.067629,0,11.1111,0,0,6.2103e-09,0,0.00010618,0.00010618,
11,0.072529,0,11.1111,0,0,6.8109e-11,0,1.0956e-05,1.0956e-05,
12,0.075721,0.00010618,11.1111,0,0,6.8109e-11,0,1.0956e-05,1.0956e-05,
13,0.078811,0,11.1111,0,0,6.8109e-11,0,1.0956e-05,1.0956e-05,
14,0.081977,0,11.1111,0,0,6.8109e-11,0,1.0956e-05,1.0956e-05,
15,0.084844,0,11.1111,0,0,6.8109e-11,0,1.0956e-05,1.0956e-05,
16,0.08769,0,11.1111,0,0,6.8109e-11,0,1.0956e-05,1.0956e-05,
17,0.090525,0,11.1111,0,0,6.8109e-11,0,1.0956e-05,1.0956e-05,
18,0.093532,0,11.1111,0,0,6.8109e-11,0,1.0956e-05,1.0956e-05,
19,0.096538,0,11.1111,0,0,6.8109e-11,0,1.0956e-05,1.0956e-05,
20,0.099625,0,11.1111,0,0,6.8109e-11,0,1.0956e-05,1.0956e-05,
21,0.1051,0,11.1111,0,0,9.6254e-13,0,1.3024e-06,1.3024e-06,
22,0.11053,1.0956e-05,11.1111,0,0,9.6254e-13,0,1.3024e-06,1.3024e-06,
23,0.11572,0,11.1111,0,0,9.6254e-13,0,1.3024e-06,1.3024e-06,
24,0.12166,0,11.1111,0,0,9.6254e-13,0,1.3024e-06,1.3024e-06,
25,0.12692,0,11.1111,0,0,9.6254e-13,0,1.3024e-06,1.3024e-06,
26,0.13099,0,11.1111,0,0,9.6254e-13,0,1.3024e-06,1.3024e-06,
27,0.1354,0,11.1111,0,0,9.6254e-13,0,1.3024e-06,1.3024e-06,
28,0.13939,0,11.1111,0,0,9.6254e-13,0,1.3024e-06,1.3024e-06,
29,0.14334,0,11.1111,0,0,9.6254e-13,0,1.3024e-06,1.3024e-06,
30,0.14907,0,11.1111,0,0,1.3603e-14,0,1.5483e-07,1.5483e-07,
