"repeat","row_dim","col_dim","rank","mineigval_correction","tolKKTres","maxOuterIter","maxtime","verbosity","P","PA",
1,4,8,2,1e-05,2,10000,180,1,1,1,1,1,0,1,1,1,0.17518,-0.3906,-0.45476,0.37399,0,-0.094638,-0.26132,-0.15118,
,,,,,,,,,0,0,1,1,0,0,1,1,0,0,0.56844,-3.52,0,0,1.0782,-2.0496,
,,,,,,,,,1,1,1,1,0,1,1,0,-0.27661,0.75795,0.80539,-0.73661,0,0.20917,0.48108,0,
,,,,,,,,,1,1,0,1,1,1,0,1,-2.221,-2.6389,0,3.1129,0.53881,-2.0119,0,3.2848,
