"iter","cost","gradnorm","time","stepsize","ls_max_steps_break","dist","qpexitflag","rho","KKT_residual","maxviolation","meanviolation",
0,1.7948,1.6631,0.00026393,NaN,NaN,NaN,NaN,1,1.6631,0,0,
1,1.7875,0.026503,0.011561,1,0,0.04182,1,1.9136,0.026503,0,0,
2,1.7875,0.002165,0.022344,1,0,0.010373,1,1.9136,0.002165,0,0,
3,1.7875,3.7248e-06,0.032816,1,0,0.023181,1,1.9136,3.7248e-06,0,0,
4,1.7875,6.6223e-07,0.041545,1,0,0.0034701,1,4.2911,6.6223e-07,0,0,
