"iter","cost","gradnorm","time","stepsize","ls_max_steps_break","dist","qpexitflag","rho","KKT_residual","maxviolation","meanviolation",
0,0.4024,2.2579,3.8513e-05,NaN,NaN,NaN,NaN,1,2.3143,0.48541,0.079384,
1,0.36606,0.15316,0.012913,1,0,0.5418,1,1,0.15316,0,0,
2,0.3642,0.01598,0.026294,1,0,0.062468,1,1,0.01598,0,0,
3,0.3642,0.00045515,0.044777,1,0,0.0068413,1,1,0.00045515,0,0,
4,0.3642,6.7838e-07,0.05815,1,0,0.014442,1,1,6.7838e-07,0,0,
