"iter","cost","gradnorm","time","stepsize","ls_max_steps_break","dist","qpexitflag","rho","KKT_residual","maxviolation","meanviolation",
0,3.5657,4.4911,3.9268e-05,NaN,NaN,NaN,NaN,1,4.496,0.12081,0.02451,
1,3.9902,21.4203,0.028706,1,0,0.37348,1,15.7001,21.4203,4.6388e-10,6.414e-11,
2,3.7691,2.3236,0.054985,1,0,0.484,1,15.7001,2.3236,0,0,
3,3.2169,0.90236,0.08283,0.6561,0,2.4526,1,15.7001,0.90236,0,0,
4,2.4404,0.30989,0.10884,1,0,1.2542,1,15.7001,0.30989,0,0,
5,2.3714,0.21992,0.13558,1,0,0.66787,1,15.7001,0.21992,0,0,
6,2.3586,0.015649,0.16177,1,0,0.10781,1,15.7001,0.015649,0,0,
7,2.3583,0.006246,0.18799,1,0,0.035132,1,15.7001,0.006246,0,0,
