,ALM,LQH,LSE,Riemannian_SQP,log10residual
0,0.0,0.0,0.0,2.5935e-05,-3
1,0.0,0.0,0.0,2.5935e-05,-2
2,0.0,0.0,0.0,2.5935e-05,-1
3,1.4113,0.0,0.84716,0.075017,0
4,2.2811,0.38273,1.9738,0.21424,1
5,6.1804,0.38273,10.6173,0.36,2
6,,1.5421,,5.8218,3
7,,1.9161,,12.9351,4
8,,34.5928,,29.7487,5
9,,,,53.8953,6
