,ALM,LQH,LSE,Riemannian_SQP,log10residual
0,0.0,0.0,0.0,2.667e-05,-3
1,0.0,0.0,0.0,2.667e-05,-2
2,0.0,0.0,0.0,2.667e-05,-1
3,0.7944399999999999,0.0,0.80167,0.043463,0
4,0.81868,0.13180999999999998,0.80167,0.20954,1
5,0.83167,0.13180999999999998,1.3043,0.40323000000000003,2
6,0.84373,0.13180999999999998,1.5819,0.52191,3
7,0.9028200000000001,0.51468,1.8049,0.56213,4
8,,0.54473,,0.56213,5
9,,,,0.60037,6
10,,,,0.60037,7
