,ALM,LQH,LSE,Riemannian_SQP,log10residual
0,0.0,0.0,0.0,2.7208e-05,-3
1,0.0,0.0,0.0,2.7208e-05,-2
2,0.0,0.0,0.0,2.7208e-05,-1
3,1.3087,0.23869,0.9291299999999999,0.072474,0
4,2.2033,0.23869,0.9291299999999999,0.1458,1
5,,0.4557,1.8349,0.59319,2
6,,1.5993,3.1089,0.66523,3
7,,3.0551,4.6122,0.81824,4
8,,50.2584,,1.1158,5
9,,,,1.3304,6
