,ALM,LQH,LSE,Riemannian_SQP,log10residual
0,0.0,0.0,0.0,2.6384e-05,-3
1,0.0,0.0,0.0,2.6384e-05,-2
2,0.0,0.0,0.0,2.6384e-05,-1
3,1.1234,0.0,0.8387,0.039664,0
4,1.4319,0.23735,0.8387,0.12703,1
5,1.439,0.23735,1.0667,0.46381000000000006,2
6,1.4476,0.23735,1.7409999999999999,0.55274,3
7,,0.3198,2.2469,0.60115,4
8,,4.7478,2.6894,0.60115,5
9,,,,0.6509,6
