,ALM,LQH,LSE,Riemannian_SQP,log10residual
0,0.0,0.0,0.0,2.5436999999999997e-05,-3
1,0.0,0.0,0.0,2.5436999999999997e-05,-2
2,0.0,0.0,0.0,2.5436999999999997e-05,-1
3,1.3271,0.20403,1.1278,0.15,0
4,2.3415,0.20403,1.1278,0.299,1
5,2.4355,0.20403,1.7728,0.43693000000000004,2
6,2.6143,1.5779,2.2213,0.58321,3
7,2.8249,1.9552,2.9877,0.72945,4
8,3.0898,,4.1476,5.4898,5
9,,,,9.0087,6
