,ALM,LQH,LSE,Riemannian_SQP,log10residual
0,0.0,0.0,0.0,2.6281999999999997e-05,-3
1,0.0,0.0,0.0,2.6281999999999997e-05,-2
2,0.0,0.0,0.0,2.6281999999999997e-05,-1
3,0.65556,0.0,0.43188000000000004,0.040616,0
4,0.69692,0.079706,0.43188000000000004,0.25436,1
5,0.8272,0.079706,0.55676,0.38824000000000003,2
6,1.1791,0.079706,0.70739,0.43285,3
7,3.5502,0.15287,5.1998,1.6563,4
8,4.4037,,,2.1133,5
9,4.51,,,2.2034,6
