,ALM,LQH,LSE,Riemannian_SQP,log10residual
0,0.0,0.0,0.0,2.5909000000000002e-05,-3
1,0.0,0.0,0.0,2.5909000000000002e-05,-2
2,0.0,0.0,0.0,2.5909000000000002e-05,-1
3,1.2234,0.0,0.8412299999999999,0.041688,0
4,1.2581,0.075774,0.8412299999999999,0.31840999999999997,1
5,1.2923,0.075774,1.1581,0.35619,2
6,1.2923,0.075774,1.272,0.39414,3
7,1.3661,0.15075,1.5049,0.43655,4
8,,0.37851999999999997,1.9895,0.47658,5
9,,,27.0672,0.51744,6
