,ALM,LQH,LSE,Riemannian_SQP,log10residual
0,0.0,0.0,0.0,2.5736999999999998e-05,-3
1,0.0,0.0,0.0,2.5736999999999998e-05,-2
2,0.0,0.0,0.0,2.5736999999999998e-05,-1
3,1.276,0.8644200000000001,1.1528,0.07409099999999999,0
4,3.7805,0.8644200000000001,1.1528,0.21902,1
5,4.4830000000000005,6.5197,4.6634,0.58554,2
6,4.9785,22.9823,4.9,0.6546,3
7,5.0245,,5.7266,0.72638,4
8,,,,0.72638,5
9,,,,0.72638,6
