,ALM,LQH,LSE,Riemannian_SQP
0,0.0,0.0,0.0,6.6077e-05
1,1.8133,1.9539,2.1671,0.43833999999999995
2,3.5501,3.9906,4.3214,0.77244
3,5.5449,,,1.8642
4,7.5569,,,2.8325
5,13.7096,,,5.7973
6,15.7341,,,6.4556
7,16.8362,,,7.407
8,17.7172,,,8.3354
9,17.8146,,,41.5436
10,,,,390.6391
