"initialpoint","repeat","row_dim","col_dim","rank","mineigval_correction","tolKKTres","maxOuterIter","maxtime","verbosity","P","PA","x0",
3,4,8,2,1e-05,4,1000,60,1,1,0,1,0,1,1,1,1,-0.051776,0,0.076994,0,-0.10356,0.075916,-0.32619,-0.43605,1,0,0,0,0,0,0,0,
,,,,,,,,,,1,0,1,0,0,1,1,0,-0.40218,0,-0.96195,0,0,0.81335,1.3611,0,0,1,0,0,0,0,0,0,
,,,,,,,,,,0,1,1,1,1,1,1,1,0,0.67079,-0.53796,0.070695,1.5122,1.1743,-0.34715,-0.022996,0,0,0,0,0,0,0,0,
,,,,,,,,,,0,1,1,1,1,1,0,0,0,0.77881,0.62501,-0.56834,-1.1469,-0.045761,0,0,0,0,0,0,0,0,0,0,
