"initialpoint","repeat","row_dim","col_dim","rank","mineigval_correction","tolKKTres","maxOuterIter","maxtime","verbosity","P","PA","x0",
7,5,10,2,1e-05,4,1000,60,1,1,0,0,0,1,1,0,0,0,0,-0.95231,0,0,0,-0.17184,1.7383,0,0,0,0,1,0,0,0,0,0,0,0,0,0,
,,,,,,,,,,1,0,1,0,1,1,1,1,0,0,1.199,0,-0.22868,0,0.23654,-1.3528,-1.3569,-1.2505,0,0,0,1,0,0,0,0,0,0,0,0,
,,,,,,,,,,1,0,1,1,1,0,1,1,1,1,-1.5823,0,-0.031842,-1.4159,-0.34102,0,0.79627,0.93237,-0.45997,0.49421,0,0,0,0,0,0,0,0,0,0,
,,,,,,,,,,1,0,0,1,1,1,0,1,1,0,1.2444,0,0,0.82961,0.30099,0.89398,0,0.082005,-0.72387,0,0,0,0,0,0,0,0,0,0,0,
,,,,,,,,,,0,1,0,1,1,0,0,1,1,1,0,1.8629,0,0.091129,0.11432,0,0,0.5136,-0.87731,0.91015,0,0,0,0,0,0,0,0,0,0,
