"initialpoint","repeat","row_dim","col_dim","rank","mineigval_correction","tolKKTres","maxOuterIter","maxtime","verbosity","eqconstratio","maskratio","filepath","P","A","x0",
"feasible_region",19,5,10,2,1e-05,6,100000,60,1,0.5,0.5,"nrep19Rowdim5Coldim10Rank2Tol6Eqratio5.0e-01Maskratio5.0e-01",1,1,0,0,0,1,0,0,0,0,0.11019,0.27092,0.14877,0.4115,0.098261,0.053046,0.18634,0.38956,0.59738,0.38523,0.84337,0.31413,0.33427,0.53025,0.098261,0.67877,0.08787,0.76633,0.12369,0.38523,
,,,,,,,,,,,,,0,0,0,1,0,0,1,0,0,1,0.30309,0.42025,0.72866,0.55338,0.44939,0.11186,0.8985,0.83549,0.87883,0.49209,0.31053,0.32972,0.72866,0.4512,0.22825,0.11186,0.48927,0.83549,0.87883,0.12598,
,,,,,,,,,,,,,1,0,0,0,0,0,0,0,0,1,0.11102,0.21279,0.20903,0.30748,0.13216,0.047139,0.25919,0.34878,0.46035,0.28304,0.28454,0.21352,0.417,0.30748,0.12964,0.15964,0.25919,0.53652,0.46035,0.122,
,,,,,,,,,,,,,0,0,0,0,0,0,0,0,0,1,0.24747,0.38414,0.55463,0.52483,0.34432,0.095627,0.68491,0.71196,0.81401,0.4734,0.24747,0.40097,0.97166,0.52483,0.30591,2.9613e-06,0.68491,1.0231,1.2384,0.090152,
,,,,,,,,,,,,,0,1,0,0,1,0,1,0,0,0,0.17223,0.27573,0.37773,0.3802,0.235,0.06743,0.46668,0.50158,0.58625,0.34413,0.75246,0.27458,0.28213,0.46628,0.08256,0.60927,0.066244,0.669,0.088192,0.34413,
