"initialpoint","repeat","row_dim","col_dim","rank","mineigval_correction","tolKKTres","maxOuterIter","maxtime","verbosity","eqconstratio","maskratio","filepath","P","A","x0",
"feasible_region",6,5,10,2,1e-05,6,100000,60,1,0.5,0.5,"nrep6Rowdim5Coldim10Rank2Tol6Eqratio5.0e-01Maskratio5.0e-01",0,0,1,0,1,0,0,0,0,1,0.10253,0.026432,0.028318,0.087335,0.024409,0.090931,0.092307,0.093307,0.10619,0.066736,0.1803,0.49122,0.31776,1.0887,0.2859,0.090931,0.53455,0.65101,0.20218,0.86273,
,,,,,,,,,,,,,0,1,0,0,0,0,0,0,0,0,0.2892,0.33726,0.10195,0.4194,0.28032,0.17393,0.39636,0.32901,0.33512,0.38245,0.083553,0.31682,0.10195,0.16156,0.30087,0.17393,0.39636,0.32291,0.29654,0.39906,
,,,,,,,,,,,,,0,0,1,0,1,0,0,0,0,1,0.52941,0.36377,0.16532,0.60068,0.30899,0.3981,0.59429,0.53875,0.5791,0.51262,0.15264,0.36377,0.29548,1.122,0.14369,6.238e-07,0.36572,0.53875,0.052678,0.73081,
,,,,,,,,,,,,,0,0,0,0,0,0,0,0,0,0,0.6803,0.9208,0.25053,1.0705,0.76199,0.36909,0.99834,0.80586,0.80557,0.99387,0.2081,0.79578,0.25053,0.37669,0.76199,0.44308,0.99834,0.80586,0.7538,0.99387,
,,,,,,,,,,,,,1,1,0,0,1,1,0,0,1,0,1.001,0.4675,0.29408,0.99065,0.4069,0.82199,1.0097,0.96347,1.0651,0.8064,0.16918,0.46895,0.29408,0.99065,0.28342,0.097183,0.51496,0.61277,0.20797,0.80945,
