"initialpoint","repeat","row_dim","col_dim","rank","mineigval_correction","tolKKTres","maxOuterIter","maxtime","verbosity","eqconstratio","maskratio","filepath","P","A","x0",
"feasible_region",14,5,10,2,1e-05,6,100000,60,1,0.5,0.5,"nrep14Rowdim5Coldim10Rank2Tol6Eqratio5.0e-01Maskratio5.0e-01",0,0,1,1,0,1,0,0,1,0,0.40798,0.09439,0.11969,0.054449,0.5768,0.43505,0.38212,0.19761,0.37226,0.15067,0.075631,0.26666,0.40526,0.39649,0.0017273,0.08779,0.21721,0.28891,0.32696,0.25138,
,,,,,,,,,,,,,0,0,0,0,0,0,1,0,1,0,0.89036,0.24876,0.37705,0.15561,1.1804,0.75359,0.79337,0.43084,0.85387,0.30674,0.0063951,0.018405,0.12163,0.0011531,1.1804,0.75359,0.95981,0.43084,0.17943,0.12245,
,,,,,,,,,,,,,0,0,1,0,0,0,0,0,0,0,1.13,0.35757,0.5919,0.23348,1.4213,0.76477,0.9672,0.54639,1.1243,0.3677,0.049941,0.17246,0.34404,0.23348,1.0338,0.71087,0.9672,0.54639,0.34871,0.25454,
,,,,,,,,,,,,,0,1,0,0,1,0,0,0,1,0,0.40042,0.094972,0.12378,0.055445,0.56183,0.4163,0.37283,0.19392,0.36762,0.14667,0.012781,0.043585,0.099676,0.055445,0.42166,0.28124,0.37283,0.19392,0.10944,0.07861,
,,,,,,,,,,,,,1,0,0,0,0,0,1,0,0,0,1.0078,0.3113,0.50731,0.2017,1.2815,0.71685,0.8698,0.48737,0.99531,0.33185,0.088721,0.3113,0.50731,0.45328,0.43313,0.37554,0.59868,0.48737,0.43899,0.33185,
