"initialpoint","repeat","row_dim","col_dim","rank","mineigval_correction","tolKKTres","maxOuterIter","maxtime","verbosity","eqconstratio","maskratio","filepath","P","A","x0",
"feasible_region",18,5,10,2,1e-05,6,100000,60,1,0.5,0.5,"nrep18Rowdim5Coldim10Rank2Tol6Eqratio5.0e-01Maskratio5.0e-01",1,0,0,0,0,0,0,0,0,1,0.1231,0.33569,0.65311,0.55161,0.7943,0.63323,0.69722,0.68792,0.19266,0.71881,0.26069,0.33569,0.58204,0.38171,0.18182,0.63323,0.38716,0.68792,0.19023,0.21552,
,,,,,,,,,,,,,1,1,0,0,0,0,1,1,0,0,0.098483,0.25706,0.46483,0.41256,0.56977,0.46587,0.51565,0.49603,0.13769,0.50739,0.21708,0.18543,0.46483,0.19062,0.044623,0.40937,0.17709,0.4887,0.13769,0.08645,
,,,,,,,,,,,,,0,0,0,1,0,1,0,0,0,0,0.044205,0.11479,0.20567,0.1837,0.25236,0.20701,0.22928,0.21984,0.060954,0.22425,0.020185,0.23598,0.089329,0.31347,0.25236,0.31217,0.35422,0.24101,0.060954,0.22425,
,,,,,,,,,,,,,0,1,0,0,0,1,0,0,1,0,0.19905,0.39787,0.329,0.52961,0.45631,0.51052,0.59619,0.4275,0.1042,0.30917,0.046257,0.40118,0.17528,0.52961,0.41991,0.54045,0.59619,0.4275,0.10895,0.37592,
,,,,,,,,,,,,,0,0,0,0,0,0,0,0,1,0,0.044868,0.13713,0.3122,0.238,0.37396,0.28316,0.3083,0.32058,0.091368,0.349,0.13089,0.1408,0.28638,0.15413,0.059804,0.28316,0.15154,0.32058,0.089401,0.080782,
