"initialpoint","repeat","row_dim","col_dim","rank","mineigval_correction","tolKKTres","maxOuterIter","maxtime","verbosity","eqconstratio","maskratio","filepath","P","A","x0",
"feasible_region",4,5,10,2,1e-05,6,100000,60,1,0.5,0.5,"nrep4Rowdim5Coldim10Rank2Tol6Eqratio5.0e-01Maskratio5.0e-01",0,0,0,0,0,0,0,0,0,1,0.26918,0.64923,0.51041,0.20181,0.51572,0.070292,0.12451,0.51651,0.54216,0.43827,0.17258,0.42027,0.090012,0.24729,0.73997,0.60903,0.12451,0.45127,0.54216,0.060995,
,,,,,,,,,,,,,1,1,0,0,0,0,1,0,0,1,0.42332,1.1853,0.97367,0.39601,0.77938,0.34164,0.16313,0.81144,0.76185,0.53268,0.26326,0.43437,0.15739,0.39601,0.5952,0.4453,0.24039,0.81144,0.71198,0.070617,
,,,,,,,,,,,,,0,0,0,0,1,0,0,0,0,0,0.50645,1.4207,1.1677,0.47509,0.9319,0.4126,0.19462,0.97076,0.90994,0.63466,0.32536,0.59074,0.18928,0.48453,0.87474,0.67648,0.28394,0.97076,0.90994,0.093123,
,,,,,,,,,,,,,1,1,0,0,0,0,0,1,0,0,0.35196,1.0803,0.90823,0.37464,0.62972,0.41746,0.11676,0.67415,0.58102,0.3525,0.24128,0.26956,0.15674,0.37464,0.2137,0.1073,0.25171,0.82024,0.58102,0.050776,
,,,,,,,,,,,,,0,0,1,0,1,0,0,0,1,0,0.14375,0.51965,0.4526,0.19057,0.24207,0.28087,0.032082,0.27494,0.19396,0.069204,0.14375,0.51965,0.058504,0.19057,1.0541,0.90414,0.062316,0.27494,0.54596,0.069204,
