"initialpoint","repeat","row_dim","col_dim","rank","mineigval_correction","tolKKTres","maxOuterIter","maxtime","verbosity","eqconstratio","maskratio","filepath","P","A","x0",
"feasible_region",2,5,10,2,1e-05,6,100000,60,1,0.5,0.5,"nrep2Rowdim5Coldim10Rank2Tol6Eqratio5.0e-01Maskratio5.0e-01",0,0,0,0,0,0,0,0,0,0,0.65524,0.38108,0.55517,0.77751,0.41072,0.91654,0.34966,0.49349,0.2619,0.7103,0.43701,0.15086,0.012979,0.13171,0.27061,0.40642,0.24868,0.23454,0.36148,0.49347,
,,,,,,,,,,,,,0,1,0,0,0,1,0,0,0,1,0.34533,0.22355,0.27464,0.38998,0.26561,0.54302,0.24264,0.29591,0.24055,0.45081,0.30109,0.75716,0.6464,0.64509,0.26561,0.80035,0.81939,0.24408,0.71807,0.39699,
,,,,,,,,,,,,,0,0,1,0,1,0,0,0,0,0,0.33099,0.32177,0.1783,0.28012,0.48722,0.80437,0.5088,0.4532,0.71574,0.79401,0.83669,0.32177,0.057005,0.28012,0.52209,0.80437,0.5088,0.4532,0.71574,0.94765,
,,,,,,,,,,,,,0,0,0,0,1,0,0,0,1,0,0.48045,0.37466,0.33183,0.48713,0.50726,0.92355,0.5011,0.51208,0.62187,0.84145,0.7206,0.56686,0.33183,0.48713,0.48476,0.92355,0.72564,0.4269,0.82446,0.84145,
,,,,,,,,,,,,,1,1,1,0,0,1,0,0,1,0,0.18661,0.17827,0.10301,0.16066,0.26789,0.4452,0.27878,0.25055,0.38935,0.43708,0.26332,0.95588,0.85192,0.81342,0.26789,0.93391,1.008,0.25055,0.83887,0.37282,
