"initialpoint","repeat","row_dim","col_dim","rank","mineigval_correction","tolKKTres","maxOuterIter","maxtime","verbosity","eqconstratio","maskratio","filepath","P","A","x0",
"feasible_region",18,4,8,2,1e-05,6,100000,60,1,0.5,0.5,"nrep18Rowdim4Coldim8Rank2Tol6Eqratio5.0e-01Maskratio5.0e-01",1,0,0,0,0,0,1,0,0.35991,0.41988,0.63306,0.2864,0.52652,0.52173,0.61574,0.73442,0.72329,0.59835,0.63306,0.32443,0.52652,0.36747,0.38306,0.73442,
,,,,,,,,,,,,,1,0,1,0,0,0,0,0,0.27465,0.32509,0.44788,0.20199,0.39558,0.38242,0.42629,0.54011,0.63832,0.52757,0.55239,0.28837,0.46425,0.31858,0.33158,0.64202,
,,,,,,,,,,,,,0,1,0,0,0,0,0,0,0.4897,0.58137,0.78549,0.35398,0.70302,0.67602,0.74389,0.95546,0.4897,0.44193,0.89949,0.066299,0.38757,0.67602,0.74389,0.95546,
,,,,,,,,,,,,,1,0,0,0,0,1,1,0,0.52121,0.66198,0.51047,0.22355,0.69081,0.57419,0.3888,0.82891,0.86173,0.69382,0.51047,0.46593,0.61121,0.21663,0.20555,0.63778,
