"initialpoint","repeat","row_dim","col_dim","rank","mineigval_correction","tolKKTres","maxOuterIter","maxtime","verbosity","eqconstratio","maskratio","filepath","P","A","x0",
"feasible_region",11,4,8,2,1e-05,6,100000,60,1,0.5,0.5,"nrep11Rowdim4Coldim8Rank2Tol6Eqratio5.0e-01Maskratio5.0e-01",0,1,1,0,1,0,0,0,0.16573,0.52353,0.4286,0.40138,0.44067,0.44243,0.31761,0.39241,0.1645,0.53392,0.45909,0.40633,0.086956,0.089191,0.053809,0.39241,
,,,,,,,,,,,,,1,0,0,0,0,0,0,0,0.12277,0.69037,0.64732,0.46551,0.52262,0.43609,0.36947,0.35324,0.27184,0.29767,0.00029414,0.35943,0.59582,0.60901,0.36947,0.64541,
,,,,,,,,,,,,,1,1,0,0,1,0,0,0,0.10026,0.46165,0.41729,0.32338,0.36057,0.31955,0.25643,0.26735,0.11475,0.44726,0.41729,0.32338,0.0028044,0.0031486,0.0016364,0.27412,
,,,,,,,,,,,,,0,0,0,0,0,0,1,0,0.28081,0.91105,0.75236,0.69343,0.76223,0.75826,0.54881,0.66987,0.28081,0.91105,0.78318,0.69343,0.14875,0.15257,0.092047,0.66987,
