"initialpoint","repeat","row_dim","col_dim","rank","mineigval_correction","tolKKTres","maxOuterIter","maxtime","verbosity","P","PA","x0",
17,5,10,2,1e-05,4,1000,60,1,1,1,1,1,1,1,0,1,1,0,1.3336,2.2648,0.82155,-0.88527,1.3172,3.3862,0,3.2886,-3.1891,0,1,0,0,0,0,0,0,0,0,0,
,,,,,,,,,,0,0,1,0,1,1,0,1,0,0,0,0,-0.42627,0,-1.1048,-2.1335,0,-1.0367,0,0,0,1,0,0,0,0,0,0,0,0,
,,,,,,,,,,0,0,0,0,1,0,1,1,1,1,0,0,0,0,-0.27345,0,0.50981,-1.0435,0.79896,0.70446,0,0,0,0,0,0,0,0,0,0,
,,,,,,,,,,1,1,0,0,0,1,1,0,1,1,-3.0734,1.6398,0,0,0,1.9433,0.64297,0,-1.8438,0.13126,0,0,0,0,0,0,0,0,0,0,
,,,,,,,,,,1,1,1,1,1,0,0,0,0,1,0.91563,-1.6026,-0.47765,0.40032,-0.98216,0,0,0,0,0.64804,0,0,0,0,0,0,0,0,0,0,
