"initialpoint","repeat","row_dim","col_dim","rank","mineigval_correction","tolKKTres","maxOuterIter","maxtime","verbosity","P","PA","x0",
16,5,10,2,1e-05,4,1000,60,1,0,0,0,0,0,1,0,1,1,1,0,0,0,0,0,0.19249,0,0.57844,-1.8294,0.98452,1,0,0,0,0,0,0,0,0,0,
,,,,,,,,,,1,0,0,0,1,1,0,0,1,1,2.1307,0,0,0,-1.1685,-0.66767,0,0,-0.59087,1.3112,0,1,0,0,0,0,0,0,0,0,
,,,,,,,,,,1,0,1,1,0,0,0,1,1,0,1.1287,0,-0.2038,-2.0733,0,0,0,1.2961,0.72721,0,0,0,0,0,0,0,0,0,0,0,
,,,,,,,,,,1,0,1,0,1,1,0,1,1,0,-0.1855,0,0.64163,0,2.2825,1.3403,0,-0.89739,-0.9891,0,0,0,0,0,0,0,0,0,0,0,
,,,,,,,,,,0,1,0,0,1,1,0,0,0,1,0,0.83595,0,0,2.8247,1.6536,0,0,0,-1.6222,0,0,0,0,0,0,0,0,0,0,
