"initialpoint","repeat","row_dim","col_dim","rank","mineigval_correction","tolKKTres","maxOuterIter","maxtime","verbosity","P","PA","x0",
13,4,8,2,1e-05,4,1000,60,1,1,1,1,1,1,0,1,1,2.6196,0.50002,2.9677,-1.3209,-2.7091,0,-0.66499,-0.70264,1,0,0,0,0,0,0,0,
,,,,,,,,,,0,1,1,1,1,1,0,1,0,0.12331,-0.9809,-0.062163,0.23169,0.24261,0,0.16128,0,1,0,0,0,0,0,0,
,,,,,,,,,,0,1,1,1,0,1,1,0,0,-0.28241,-1.3385,0.69406,0,0.22924,0.451,0,0,0,0,0,0,0,0,0,
,,,,,,,,,,1,1,1,1,1,1,1,0,0.73963,0.26198,0.71469,-0.56276,-0.97801,-0.097285,-0.53608,0,0,0,0,0,0,0,0,0,
