"initialpoint","repeat","row_dim","col_dim","rank","mineigval_correction","tolKKTres","maxOuterIter","maxtime","verbosity","P","PA","x0",
2,4,8,2,1e-05,4,1000,60,1,0,1,0,1,1,1,1,1,0,3.4832,0,-1.9819,-0.32075,1.3501,-3.3044,2.2018,1,0,0,0,0,0,0,0,
,,,,,,,,,,0,1,1,1,0,1,1,1,0,-0.32974,1.3189,-5.6855,0,-0.58492,-1.9372,3.2431,0,1,0,0,0,0,0,0,
,,,,,,,,,,1,1,0,1,1,1,1,1,0.099078,4.3405,0,1.5815,1.6579,1.9977,-2.5657,0.36294,0,0,0,0,0,0,0,0,
,,,,,,,,,,0,1,1,0,0,1,0,0,0,-1.6393,-0.19931,0,0,-0.62632,0,0,0,0,0,0,0,0,0,0,
