"initialpoint","repeat","row_dim","col_dim","rank","mineigval_correction","tolKKTres","maxOuterIter","maxtime","verbosity","P","PA","x0",
13,5,10,2,1e-05,4,1000,60,1,1,1,0,0,0,1,1,0,1,1,-0.20438,0.28465,0,0,0,1.5753,-0.5693,0,0.10335,0.64263,1,0,0,0,0,0,0,0,0,0,
,,,,,,,,,,1,1,0,1,1,1,0,0,1,0,0.18559,1.3829,0,-2.5041,-0.86076,3.0177,0,0,-2.0021,0,0,1,0,0,0,0,0,0,0,0,
,,,,,,,,,,0,0,0,0,0,1,0,0,0,1,0,0,0,0,0,0.85866,0,0,0,-0.32959,0,0,0,0,0,0,0,0,0,0,
,,,,,,,,,,1,1,1,0,1,0,1,0,1,0,0.04787,0.39708,1.1538,0,-0.22841,0,0.11026,0,-0.56334,0,0,0,0,0,0,0,0,0,0,0,
,,,,,,,,,,1,1,0,1,1,0,0,0,1,1,-0.82305,-0.51235,0,-1.8177,2.9278,0,0,0,2.3444,-0.80817,0,0,0,0,0,0,0,0,0,0,
