"iter","cost","gradnorm","time","stepsize","ls_max_steps_break","dist","qpexitflag","qp_pow","rho","violation_sum","maxviolation","meanviolation",
0,62.2753,327.3135,8.4201e-05,NaN,NaN,NaN,NaN,NaN,1,313.156,1.641,0.28411,
1,161.9972,353034310093.7145,0.47763,1,0,1.2997,0,1,66790592533.8964,530.6867,1.58,0.22362,
2,334.8302,38204118668.4357,0.82158,1,0,0.33741,1,1,66790592533.8964,640.937,1.3501,0.16578,
3,575.8294,27219224022.1196,1.1862,1,0,0.48513,1,1,66790592533.8964,438.7379,0.55482,0.08395,
4,637.7354,2576520825.8893,1.5095,1,0,0.32448,1,1,66790592533.8964,243.2203,0.25966,0.028087,
5,635.5262,6619327808925609,1.9178,0.5,0,0.49367,0,1,3743226986852486,263.3236,0.20931,0.024114,
6,642.5434,3746238480.541,2.2553,1,0,0.063103,1,1,3743226986852486,230.6411,0.17702,0.018887,
7,642.5434,314496228.1347,2.604,3.5527e-15,0,1.0847e-15,-3,1,1.623876249535128e+16,230.6411,0.17702,0.018887,
