"iter","cost","gradnorm","time","stepsize","ls_max_steps_break","dist","qpexitflag","rho","violation_sum","maxviolation","meanviolation",
0,0.44921,3.6302,8.0047e-05,NaN,NaN,NaN,NaN,1,3.6926,0.49864,0.12987,
1,-0.33506,0.94824,0.018442,0.29199,0,1.5708,-2,1,0.94824,3.36e-07,3.36e-08,
2,-0.3724,9.0894,0.040457,0.073098,1,1.5708,-2,8.243,9.0894,0,0,
3,-0.39347,17.5435,0.068613,0.073098,1,1.3885,1,13.7954,17.5435,0,0,
4,-0.47573,0.47528,0.085239,1,0,0.17102,1,13.7954,0.47528,0,0,
5,-0.79036,0.62909,0.10151,1,0,1.2951,1,13.7954,0.62909,1.1959e-14,2.4228e-15,
6,-0.80146,0.0044421,0.11751,1,0,0.18409,1,13.7954,0.0044421,0,0,
7,-0.80147,2.724e-06,0.13392,1,0,0.007517,1,13.7954,2.724e-06,0,0,
8,-0.80147,2.5714e-12,0.14391,1,0,4.4773e-07,1,13.7954,2.5714e-12,0,0,
