"iter","cost",
0,-2.378,
1,-5.5326,
2,-2.803,
3,-1.4392,
4,-0.92377,
5,-0.72276,
6,-0.66843,
7,-0.79703,
8,-0.79213,
9,-0.79139,
10,-0.82811,
11,-0.82782,
12,-0.82681,
13,-0.82662,
14,-0.83461,
15,-0.83369,
16,-0.83361,
17,-0.83358,
18,-0.83502,
19,-0.83484,
20,-0.83483,
21,-0.83482,
22,-0.83508,
23,-0.83505,
24,-0.83505,
25,-0.83505,
26,-0.8351,
27,-0.8351,
28,-0.8351,
29,-0.8351,
30,-0.83511,
31,-0.83511,
32,-0.83511,
33,-0.83511,
34,-0.83511,
34,-0.83511,
