"iter","cost",
0,-0.99694,
1,-2.4245,
2,-0.94422,
3,-1.2363,
4,-0.49963,
5,-0.20168,
6,-0.18966,
7,-0.17947,
8,-0.35025,
9,-0.47552,
10,-0.47141,
11,-0.5949,
12,-0.5991,
13,-0.59835,
14,-0.59815,
15,-0.62573,
16,-0.62584,
17,-0.62578,
18,-0.62577,
19,-0.63152,
20,-0.63144,
21,-0.63144,
22,-0.63144,
23,-0.63259,
24,-0.63259,
25,-0.63258,
26,-0.63258,
27,-0.63258,
28,-0.63282,
29,-0.63281,
30,-0.63281,
31,-0.63281,
32,-0.63286,
33,-0.63286,
34,-0.63286,
35,-0.63287,
36,-0.63287,
36,-0.63287,
