"iter","cost",
0,-1.8235,
1,-2.4523,
2,-1.5427,
3,-0.84967,
4,-0.55846,
5,-0.51331,
6,-0.64502,
7,-0.7513,
8,-0.73412,
9,-0.72896,
10,-0.84971,
11,-0.82898,
12,-0.82736,
13,-0.85077,
14,-0.84886,
15,-0.84859,
16,-0.84856,
17,-0.8531,
18,-0.85277,
19,-0.85276,
20,-0.8536,
21,-0.85357,
22,-0.85357,
23,-0.85373,
24,-0.85373,
25,-0.85376,
26,-0.85376,
27,-0.85376,
27,-0.85376,
