"repeat","dim","snr","delta","rank","mineigval_correction","maxOuterIter","maxtime","minstepsize","verbosity","Z",
1,5,1,0.7,1,1e-12,5000,3600,1e-08,1,1.5932,-0.29197,-0.99662,-0.46811,-0.11764,
,,,,,,,,,,0.20161,-0.058688,-0.067763,0.70808,0.48395,
,,,,,,,,,,-0.6999,-0.50315,-0.22869,-0.11154,0.43936,
,,,,,,,,,,-0.035239,-0.44228,-0.081364,0.36192,-0.049839,
,,,,,,,,,,-0.42118,-0.67791,-0.10463,0.16188,0.31462,
