"repeat","dim","snr","delta","rank","mineigval_correction","maxOuterIter","maxtime","minstepsize","verbosity","Z",
1,5,0.25,0.3,1,1e-12,5000,3600,1e-08,1,-0.5589,-0.65604,0.11493,-0.75729,-0.18544,
,,,,,,,,,,-0.22519,-1.0453,-0.43569,-0.20098,0.85515,
,,,,,,,,,,0.55155,-0.87866,0.35113,-0.037697,-0.17482,
,,,,,,,,,,0.27294,1.1651,0.24491,1.1644,0.18299,
,,,,,,,,,,0.026418,0.43486,0.69993,0.37622,-0.53097,
