"iter","cost","gradnorm","time","stepsize","ls_max_steps_break","dist","qpexitflag","rho","violation_sum","maxviolation","meanviolation",
0,-0.30514,2.8699,5.7015e-05,NaN,NaN,NaN,NaN,1,3.0175,0.54031,0.22476,
1,-0.47785,0.61871,0.01065,0.03125,0,1.5708,-2,1,0.61871,1.008e-06,3.4299e-07,
2,-0.57353,0.83844,0.021567,0.25,0,1.3223,1,1,0.83844,1.859e-07,3.2934e-08,
3,-0.7302,0.31058,0.03011,1,0,0.75102,1,1,0.31058,3.2832e-14,4.4643e-15,
4,-0.73878,0.0039354,0.038032,1,0,0.12804,1,1,0.0039354,0,0,
5,-0.73879,8.6537e-07,0.045907,1,0,0.0020921,1,1,8.6537e-07,0,0,
6,-0.73879,4.4977e-14,0.053998,1,0,9.2591e-09,1,1,4.4977e-14,0,0,
