"iter","cost",
0,0.00060019,
1,-0.21054,
2,-0.37648,
3,-0.51624,
4,-0.47735,
5,-0.48942,
6,-0.49497,
7,-0.63231,
8,-0.53917,
9,-0.53471,
10,-0.54418,
11,-0.54541,
12,-0.54135,
13,-0.54064,
14,-0.5404,
15,-0.54038,
16,-0.54038,
17,-0.54038,
18,-0.54037,
19,-0.54037,
20,-0.54037,
21,-0.54037,
22,-0.54037,
23,-0.54037,
24,-0.54037,
25,-0.54037,
25,-0.54037,
