"iter","cost",
0,-0.0054396,
1,-0.03398,
2,-0.65799,
3,-0.94909,
4,-0.99339,
5,-0.82785,
6,-0.74951,
7,-0.74362,
8,-0.74015,
9,-0.73968,
10,-0.73951,
11,-0.73949,
12,-0.73949,
13,-0.73949,
14,-0.73949,
15,-0.73949,
16,-0.73949,
17,-0.73949,
17,-0.73949,
