"iter","cost","gradnorm","time","stepsize","ls_max_steps_break","dist","qpexitflag","rho","violation_sum","maxviolation","meanviolation",
0,0.011175,5.5224,0.00010308,NaN,NaN,NaN,NaN,1,5.572,0.3658,0.083797,
1,-0.32923,0.96916,0.035286,1,0,1.5708,-2,1,0.96916,0,0,
2,-0.49862,0.40407,0.067989,0.5,0,0.64999,1,1,0.40407,0,0,
3,-0.59975,0.085991,0.10145,1,0,0.51989,1,1,0.085991,1.837e-13,6.1233e-15,
4,-0.60674,0.01029,0.13747,1,0,0.19485,1,1,0.01029,0,0,
5,-0.60674,2.3107e-07,0.16973,1,0,0.00087904,1,1,2.3107e-07,0,0,
6,-0.60674,1.8912e-13,0.20204,1,0,5.4208e-10,1,1,1.8912e-13,0,0,
