"iter","cost","gradnorm","time","stepsize","ls_max_steps_break","dist","qpexitflag","rho","violation_sum","maxviolation","meanviolation",
0,0.20171,3.761,5.3617e-05,NaN,NaN,NaN,NaN,1,3.8481,0.55035,0.10476,
1,-0.41328,2.9999,0.016092,0.125,0,1.5708,-2,1.9487,2.9999,3.574e-06,2.3827e-07,
2,-0.73507,0.95098,0.030015,0.5,0,1.1553,1,1.9487,0.95098,0,0,
3,-0.87694,0.20475,0.044379,0.5,0,0.48114,1,1.9487,0.20475,0,0,
4,-0.8911,0.0040615,0.059172,1,0,0.15173,1,1.9487,0.0040615,0,0,
5,-0.89111,9.6752e-07,0.072671,1,0,0.0030385,1,1.9487,9.6752e-07,0,0,
6,-0.89111,2.7643e-13,0.08528,1,0,3.0155e-08,1,1.9487,2.7643e-13,0,0,
