"iter","cost","gradnorm","time","stepsize","ls_max_steps_break","dist","qpexitflag","rho","violation_sum","maxviolation","meanviolation",
0,0.042069,4.9431,0.00018653,NaN,NaN,NaN,NaN,1,5.0074,0.58295,0.079357,
1,0.024743,1.4655,0.026421,0.5,0,1.5708,-2,1,1.4655,0,0,
2,-0.3254,7.2577,0.053091,0.03125,0,1.1396,1,5.513,7.2577,0,0,
3,-0.40143,0.47276,0.076929,1,0,0.15765,1,5.513,0.47276,0,0,
4,-0.58233,0.45174,0.10583,1,0,1.0722,1,5.513,0.45174,1.795e-12,1.1931e-13,
5,-0.63164,0.060318,0.13385,1,0,0.43034,1,5.513,0.060318,0,0,
6,-0.63287,0.00064749,0.16602,1,0,0.058238,1,5.513,0.00064749,2.8763e-18,1.3066e-19,
7,-0.63287,7.6063e-09,0.19166,1,0,0.00020228,1,5.513,7.6063e-09,0,0,
