"iter","cost",
0,-0.22284,
1,-1.7927,
2,-1.2347,
3,-0.96713,
4,-0.97274,
5,-0.96455,
6,-0.94794,
7,-0.94764,
8,-0.94763,
9,-0.94763,
10,-0.94763,
10,-0.94763,
