"iter","cost",
0,1.3568,
1,0.83541,
2,0.61359,
3,0.43863,
4,0.41082,
5,0.30673,
6,0.29069,
7,0.25987,
8,0.25147,
9,0.25123,
10,0.25123,
11,0.25091,
12,0.25091,
13,0.25083,
14,0.25083,
14,0.25083,
