"iter","cost","gradnorm","time","stepsize","ls_max_steps_break","dist","qpexitflag","rho","violation_sum","maxviolation","meanviolation",
0,-0.39517,1.9174,5.0218e-05,NaN,NaN,NaN,NaN,1,1.9274,0.19636,0.039272,
1,-0.4893,0.27115,0.0055119,1,0,0.29301,1,1,0.27115,0,0,
2,-0.49511,0.0071614,0.012985,1,0,0.20265,1,1,0.0071614,0,0,
3,-0.49513,1.1572e-05,0.020616,1,0,0.010244,1,1,1.1572e-05,1.3282e-14,2.754e-15,
4,-0.49513,4.1473e-08,0.026615,1,0,1.4451e-05,1,1,4.1473e-08,1.1579e-14,2.3497e-15,
5,-0.49513,6.2341e-11,0.032598,1,0,2.1384e-08,1,1,6.2341e-11,0,0,
