"iter","cost",
0,1.4243,
1,-0.55044,
2,-1.4425,
3,-0.84448,
4,-0.53966,
5,-0.4341,
6,-0.37663,
7,-0.60479,
8,-0.59843,
9,-0.59352,
10,-0.6508,
11,-0.64904,
12,-0.64908,
13,-0.66138,
14,-0.66131,
15,-0.66116,
16,-0.66366,
17,-0.66361,
18,-0.6636,
19,-0.6641,
20,-0.66409,
21,-0.66409,
22,-0.66419,
23,-0.66419,
24,-0.66419,
25,-0.66421,
26,-0.66421,
27,-0.66421,
28,-0.66422,
29,-0.66422,
29,-0.66422,
