"iter","cost","gradnorm","time","stepsize","ls_max_steps_break","dist","qpexitflag","rho","violation_sum","maxviolation","meanviolation",
0,-0.091659,3.6198,7.8914e-05,NaN,NaN,NaN,NaN,1,3.6924,0.64985,0.12829,
1,-0.40177,0.66189,0.0090355,1,0,1.5708,-2,1,0.66189,0,0,
2,-0.43474,0.38261,0.017481,0.25,0,0.55504,1,1,0.38261,0,0,
3,-0.49413,0.019901,0.026594,1,0,0.42061,1,1,0.019901,0,0,
4,-0.49421,2.7733e-05,0.034744,1,0,0.016969,1,1,2.7733e-05,0,0,
5,-0.49421,3.962e-10,0.04288,1,0,5.4388e-06,1,1,3.962e-10,0,0,
