"iter","cost","gradnorm","time","stepsize","ls_max_steps_break","dist","qpexitflag","rho","violation_sum","maxviolation","meanviolation",
0,0.061867,5.4554,0.00011101,NaN,NaN,NaN,NaN,1,5.4895,0.48412,0.053727,
1,-0.6847,0.70455,0.036144,1,0,1.2863,1,1,0.70455,2.011e-13,1.8731e-14,
2,-0.7016,0.015252,0.068735,1,0,0.24736,1,1,0.015252,2.7712e-14,9.2374e-16,
3,-0.70166,5.0433e-05,0.10164,1,0,0.014656,1,1,5.0433e-05,0,0,
4,-0.70166,1.4799e-07,0.13622,1,0,2.597e-05,1,1,1.4799e-07,1.0556e-13,3.5188e-15,
5,-0.70166,6.6137e-10,0.16893,1,0,1.1815e-07,1,1,6.6137e-10,7.6474e-14,2.5491e-15,
