"iter","cost","gradnorm","time","stepsize","ls_max_steps_break","dist","qpexitflag","rho","violation_sum","maxviolation","meanviolation",
0,-0.1852,5.4423,7.0985e-05,NaN,NaN,NaN,NaN,1,5.4987,0.51203,0.0813,
1,-0.36954,0.96723,0.036994,1,0,1.5708,-2,1,0.96723,0,0,
2,-0.5482,0.55952,0.071232,0.5,0,1.041,1,1,0.55952,0,0,
3,-0.66714,0.21958,0.10501,1,0,0.82742,1,1,0.21958,8.1082e-14,3.2071e-15,
4,-0.7166,0.064844,0.13925,1,0,0.57095,1,1,0.064844,2.5315e-12,8.4385e-14,
5,-0.71684,0.00017084,0.17322,1,0,0.030316,1,1,0.00017084,0,0,
6,-0.71684,1.9615e-10,0.20712,1,0,3.2552e-05,1,1,1.9615e-10,0,0,
