"iter","cost",
0,-0.3942,
1,-1.3066,
2,-0.77925,
3,-0.68569,
4,-0.57298,
5,-0.65456,
6,-0.66994,
7,-0.69827,
8,-0.69862,
9,-0.69801,
10,-0.69804,
11,-0.69835,
12,-0.69835,
13,-0.69843,
14,-0.69843,
15,-0.69843,
15,-0.69843,
