"iter","cost","gradnorm","time","stepsize","ls_max_steps_break","dist","qpexitflag","rho","violation_sum","maxviolation","meanviolation",
0,0.35157,3.3889,8.2313e-05,NaN,NaN,NaN,NaN,1,3.4238,0.2882,0.096735,
1,-0.50083,2.9592,0.016969,0.5,0,1.5356,1,2.7183,2.9592,0,0,
2,-0.59444,0.27496,0.033876,0.5,0,0.49052,1,2.7183,0.27496,0,0,
3,-0.60109,0.0014288,0.04389,1,0,0.091676,1,2.7183,0.0014288,0,0,
4,-0.60109,9.1048e-08,0.053109,1,0,0.00078298,1,2.7183,9.1048e-08,0,0,
5,-0.60109,7.3622e-14,0.062119,1,0,4.8893e-10,1,2.7183,7.3622e-14,0,0,
