"iter","cost","gradnorm","time","stepsize","ls_max_steps_break","dist","qpexitflag","rho","violation_sum","maxviolation","meanviolation",
0,0.25019,2.8287,6.2301e-05,NaN,NaN,NaN,NaN,1,2.9482,0.63199,0.13394,
1,-0.34742,0.96676,0.013406,1,0,1.5708,-2,1,0.96676,0,0,
2,-0.78489,13.5313,0.02893,0.0625,0,1.2172,1,13.8251,13.5313,0,0,
3,-0.79958,0.23853,0.038841,1,0,0.054762,1,13.8251,0.23853,0,0,
4,-0.82968,0.018043,0.046847,1,0,0.29118,1,13.8251,0.018043,0,0,
5,-0.82989,9.9756e-06,0.055024,1,0,0.023829,1,13.8251,9.9756e-06,0,0,
6,-0.82989,8.6024e-12,0.062782,1,0,1.403e-05,1,13.8251,8.6024e-12,0,0,
