"iter","cost",
0,-0.2312,
1,-1.3859,
2,-0.93753,
3,-0.45695,
4,-0.40491,
5,-0.51608,
6,-0.54867,
7,-0.54083,
8,-0.58904,
9,-0.58882,
10,-0.60149,
11,-0.60096,
12,-0.60097,
13,-0.60097,
14,-0.60097,
15,-0.60097,
16,-0.60106,
17,-0.60106,
18,-0.60106,
19,-0.60108,
20,-0.60108,
21,-0.60108,
22,-0.60109,
23,-0.60109,
23,-0.60109,
