"iter","cost",
0,-0.035066,
1,-0.38269,
2,-1.0542,
3,-0.68514,
4,-0.61428,
5,-0.60881,
6,-0.60799,
7,-0.60758,
8,-0.60755,
9,-0.60755,
10,-0.60755,
11,-0.60755,
12,-0.60755,
13,-0.60755,
14,-0.60755,
14,-0.60755,
