"iter","cost",
0,-0.1056,
1,-0.60804,
2,-0.68365,
3,-0.78078,
4,-0.6599,
5,-0.64365,
6,-0.6446,
7,-0.64325,
8,-0.64172,
9,-0.64153,
10,-0.64151,
11,-0.64151,
12,-0.64151,
13,-0.64151,
14,-0.64151,
15,-0.64151,
16,-0.64151,
16,-0.64151,
