"iter","cost",
0,0.14969,
1,-0.57711,
2,-1.3614,
3,-0.87876,
4,-0.77003,
5,-0.75946,
6,-0.75635,
7,-0.75614,
8,-0.75605,
9,-0.75605,
10,-0.75605,
11,-0.75605,
12,-0.75605,
12,-0.75605,
