"iter","cost","gradnorm","time","stepsize","ls_max_steps_break","dist","qpexitflag","rho","violation_sum","maxviolation","meanviolation",
0,-0.01536,5.0651,4.7953e-05,NaN,NaN,NaN,NaN,1,5.1333,0.40651,0.10455,
1,-0.43586,0.88464,0.026636,1,0,1.5708,-2,1,0.88464,0,0,
2,-0.49193,0.36485,0.052747,0.25,0,0.37674,1,1,0.36485,0,0,
3,-0.53383,0.025345,0.077781,1,0,0.27976,1,1,0.025345,5.4427e-12,2.9099e-13,
4,-0.53394,0.00067475,0.10293,1,0,0.020403,1,1,0.00067475,1.5111e-12,1.0602e-13,
5,-0.53394,2.3203e-05,0.12795,1,0,0.00060349,1,1,2.3203e-05,2.5595e-12,1.5151e-13,
6,-0.53394,8.2463e-07,0.15328,1,0,2.1342e-05,1,1,8.2463e-07,2.6198e-12,3.4876e-13,
7,-0.53394,2.9275e-08,0.17822,1,0,7.572e-07,1,1,2.9275e-08,2.8993e-12,4.483e-13,
8,-0.53394,1.0393e-09,0.20375,1,0,2.6872e-08,1,1,1.0393e-09,2.3135e-12,2.0404e-13,
