"iter","cost",
0,-0.16707,
1,-0.59178,
2,-0.60884,
3,-0.58537,
4,-0.68589,
5,-0.67149,
6,-0.629,
7,-0.6413,
8,-0.68746,
9,-0.64096,
10,-0.64447,
11,-0.64089,
12,-0.64012,
13,-0.64007,
14,-0.64006,
15,-0.64006,
16,-0.64006,
17,-0.64006,
17,-0.64006,
