"iter","cost",
0,0.084767,
1,-0.097943,
2,-0.43582,
3,-0.45981,
4,-0.43841,
5,-0.49267,
6,-0.4787,
7,-0.60689,
8,-0.65103,
9,-0.55005,
10,-0.56702,
11,-0.56186,
12,-0.55929,
13,-0.55883,
14,-0.55862,
15,-0.5586,
16,-0.5586,
17,-0.5586,
18,-0.5586,
19,-0.5586,
20,-0.5586,
21,-0.5586,
21,-0.5586,
