"repeat","dim","snr","delta","rank","mineigval_correction","maxOuterIter","maxtime","minstepsize","verbosity","Z",
1,5,0.1,0.7,1,1e-12,5000,3600,1e-08,1,-1.9033,0.3934,0.19028,0.26047,0.15545,
,,,,,,,,,,-0.61833,-1.0527,-0.58796,-0.45012,-0.081323,
,,,,,,,,,,0.10933,0.4132,-0.88596,0.028853,-0.42017,
,,,,,,,,,,0.36154,0.11937,0.5477,-1.0492,-0.016785,
,,,,,,,,,,0.095275,0.28696,-0.019491,-0.60889,-1.5433,
