"iter","cost","gradnorm","time","stepsize","ls_max_steps_break","dist","qpexitflag","rho","violation_sum","maxviolation","meanviolation",
0,0.098359,1.7076,0.00013971,NaN,NaN,NaN,NaN,1,1.7245,0.18531,0.06785,
1,0.064319,0.52546,0.077104,1,0,0.40602,1,1,0.52546,0,0,
2,-0.037557,0.14031,0.097111,1,0,0.51115,1,1,0.14031,0,0,
3,-0.041169,0.0029126,0.10966,1,0,0.085669,1,1,0.0029126,0,0,
4,-0.041169,1.2377e-05,0.11926,1,0,0.00030219,1,1,1.2377e-05,0,0,
5,-0.041169,8.744e-08,0.15561,1,0,2.1336e-06,1,1,8.744e-08,0,0,
6,-0.041169,6.1152e-10,0.1641,1,0,1.5041e-08,1,1,6.1152e-10,0,0,
