"iter","cost",
0,0.097048,
1,-0.0066588,
2,-0.45833,
3,-0.68161,
4,-0.72887,
5,-0.62734,
6,-0.60819,
7,-0.60541,
8,-0.60527,
9,-0.60524,
10,-0.60519,
11,-0.60519,
12,-0.60519,
13,-0.60519,
14,-0.60519,
14,-0.60519,
