"iter","cost","gradnorm","time","stepsize","ls_max_steps_break","dist","qpexitflag","rho","violation_sum","maxviolation","meanviolation",
0,-0.18534,5.136,4.8708e-05,NaN,NaN,NaN,NaN,1,5.1973,0.39696,0.088825,
1,-0.23059,1.2652,0.035849,1,0,1.5708,-2,1,1.2652,0,0,
2,-0.56839,2.2645,0.069854,0.0625,0,1.342,1,1.2839,2.2645,0,0,
3,-0.75595,0.15002,0.10281,1,0,0.85293,1,1.2839,0.15002,0,0,
4,-0.75667,0.00025968,0.13564,1,0,0.0429,1,1.2839,0.00025968,0,0,
5,-0.75667,9.4673e-10,0.16912,1,0,8.315e-05,1,1.2839,9.4673e-10,0,0,
