"iter","cost","gradnorm","time","stepsize","ls_max_steps_break","dist","qpexitflag","rho","violation_sum","maxviolation","meanviolation",
0,-0.033141,4.8988,8.1935e-05,NaN,NaN,NaN,NaN,1,4.9669,0.49944,0.091673,
1,-0.42471,1.6157,0.034351,0.5,0,1.5708,-2,1,1.6157,0,0,
2,-0.63318,1.9187,0.062581,0.125,0,1.0823,1,1.7649,1.9187,0,0,
3,-0.71279,0.049488,0.089851,1,0,0.43534,1,1.7649,0.049488,0,0,
4,-0.71445,0.00079707,0.12954,1,0,0.082926,1,1.7649,0.00079707,0,0,
5,-0.71445,4.8203e-08,0.1685,1,0,0.00066677,1,1.7649,4.8203e-08,0,0,
6,-0.71445,1.4001e-13,0.1965,1,0,2.8288e-09,1,1.7649,1.4001e-13,0,0,
