"iter","cost","gradnorm","time","stepsize","ls_max_steps_break","dist","qpexitflag","rho","violation_sum","maxviolation","meanviolation",
0,-0.46582,1.9091,0.00024467,NaN,NaN,NaN,NaN,1,2.054,0.49465,0.25642,
1,-0.66827,1.0524,0.0059907,1,0,0.99377,1,1,1.0524,1.1205e-15,2.241e-16,
2,-1.0474,2.8607,0.014849,0.125,0,0.98809,1,3.2424,2.8607,0,0,
3,-1.0676,0.011422,0.020871,1,0,0.075926,1,3.2424,0.011422,0,0,
4,-1.0676,7.2923e-06,0.026992,1,0,0.006686,1,3.2424,7.2923e-06,0,0,
5,-1.0676,9.561e-12,0.032341,1,0,3.0048e-07,1,3.2424,9.561e-12,0,0,
