"iter","cost",
0,0.05493,
1,-0.76803,
2,-1.5436,
3,-0.9598,
4,-0.85571,
5,-0.8334,
6,-0.83043,
7,-0.83013,
8,-0.82997,
9,-0.82992,
10,-0.82989,
11,-0.82989,
12,-0.82989,
13,-0.82989,
14,-0.82989,
15,-0.82989,
15,-0.82989,
