"iter","cost","gradnorm","time","stepsize","ls_max_steps_break","dist","qpexitflag","rho","violation_sum","maxviolation","meanviolation",
0,-0.070279,3.6656,7.6649e-05,NaN,NaN,NaN,NaN,1,3.6911,0.36912,0.051195,
1,-0.63392,0.59192,0.013409,1,0,1.0345,1,1,0.59192,0,0,
2,-0.7241,0.12148,0.035572,1,0,0.52544,1,1,0.12148,0,0,
3,-0.72834,0.0015202,0.059718,1,0,0.11265,1,1,0.0015202,0,0,
4,-0.72834,3.1097e-07,0.075589,1,0,0.0018324,1,1,3.1097e-07,0,0,
5,-0.72834,1.3723e-14,0.092659,1,0,7.1837e-09,1,1,1.3723e-14,0,0,
