"iter","cost","gradnorm","time","stepsize","ls_max_steps_break","dist","qpexitflag","rho","violation_sum","maxviolation","meanviolation",
0,0.097262,3.7724,5.8903e-05,NaN,NaN,NaN,NaN,1,3.8581,0.41367,0.15074,
1,-0.18838,1.1549,0.017553,0.03125,0,1.5708,-2,1,1.1549,8.7917e-07,2.2296e-07,
2,-0.63814,1.0368,0.033311,0.5,0,1.5708,-2,1,1.0368,0,0,
3,-0.78307,1.4591,0.048794,0.0625,0,0.5098,1,1.3321,1.4591,0,0,
4,-0.82002,0.16514,0.06242,1,0,0.15073,1,1.3321,0.16514,0,0,
5,-0.8351,0.0064403,0.076138,1,0,0.19281,1,1.3321,0.0064403,0,0,
6,-0.83511,1.6925e-06,0.088418,1,0,0.0052203,1,1.3321,1.6925e-06,0,0,
7,-0.83511,9.5019e-13,0.1009,1,0,1.5241e-07,1,1.3321,9.5019e-13,0,0,
