"iter","cost",
0,0.42467,
1,-0.75122,
2,-0.18293,
3,-0.1694,
4,-0.083265,
5,-0.2345,
6,-0.34746,
7,-0.36617,
8,-0.36643,
9,-0.48028,
10,-0.47171,
11,-0.47367,
12,-0.473,
13,-0.49617,
14,-0.49594,
15,-0.49586,
16,-0.49573,
17,-0.49571,
18,-0.5006,
19,-0.50033,
20,-0.50032,
21,-0.50126,
22,-0.50123,
23,-0.50123,
24,-0.50142,
25,-0.50141,
26,-0.50141,
27,-0.50145,
28,-0.50145,
29,-0.50146,
30,-0.50146,
30,-0.50146,
