"iter","cost",
0,-0.10416,
1,-0.78007,
2,-1.0373,
3,-0.83148,
4,-0.77014,
5,-0.75748,
6,-0.7571,
7,-0.75312,
8,-0.75261,
9,-0.75237,
10,-0.75234,
11,-0.75227,
12,-0.75226,
13,-0.75225,
14,-0.75226,
15,-0.75225,
16,-0.75225,
17,-0.75225,
18,-0.75225,
19,-0.75225,
20,-0.75225,
21,-0.75225,
22,-0.75225,
22,-0.75225,
