"iter","cost",
0,-0.66121,
1,-0.93764,
2,-1.2019,
3,-1.0616,
4,-1.0279,
5,-1.0218,
6,-1.0216,
7,-1.0215,
8,-1.0215,
9,-1.0215,
9,-1.0215,
