"iter","cost",
0,-0.19134,
1,-0.87618,
2,-0.7145,
3,-0.66374,
4,-0.6603,
5,-0.65995,
6,-0.65995,
7,-0.65995,
7,-0.65995,
