"iter","cost",
0,0.05065,
1,-0.48062,
2,-0.65928,
3,-0.54868,
4,-0.51957,
5,-0.51401,
6,-0.50932,
7,-0.50922,
8,-0.50942,
9,-0.51155,
10,-0.50996,
11,-0.50964,
12,-0.50968,
13,-0.50974,
14,-0.50972,
15,-0.50971,
16,-0.50971,
17,-0.50971,
18,-0.50971,
18,-0.50971,
