"iter","cost","gradnorm","time","stepsize","ls_max_steps_break","dist","qpexitflag","maxviolation","meanviolation",
0,96.6193,22.286,4.833e-05,NaN,NaN,NaN,NaN,6.1162,6.1162,
1,82.6309,55.3416,0.045445,0.0625,0,2.043,1,1.5362,1.5362,
2,71.997,346.5716,0.12096,0.0078125,0,2.2883,1,0.91923,0.91923,
3,69.6075,549.0773,0.20685,0.0019531,0,1.4077,1,0.090097,0.090097,
4,67.1713,7667.6888,0.32445,3.0518e-05,0,0.83643,1,0.0075183,0.0075183,
5,64.5035,35361.871,0.42646,1.5259e-05,0,0.43268,1,0.00015899,0.00015899,
6,64.4918,22.6221,0.4601,0.5,0,0.0020181,1,0.00014863,0.00014863,
7,64.4907,16.7508,0.49383,0.0078125,0,0.00022305,1,0.00014828,0.00014828,
