"initialpoint","repeat","row_dim","col_dim","rank","mineigval_correction","tolKKTres","maxOuterIter","maxtime","verbosity","eqconstratio","maskratio","filepath","P","A","x0",
"feasible_region",12,5,10,2,1e-05,8,100000,60,1,0.5,0.5,"nrep12Rowdim5Coldim10Rank2Tol8Eqratio5.0e-01Maskratio5.0e-01",0,1,1,1,1,0,1,1,0,0,0.57259,0.49886,0.41339,0.21046,0.16405,0.56017,0.62319,0.18161,0.46982,0.40812,0.60084,0.47524,0.48276,0.015475,0.5228,0.11472,1.1276,0.51572,0.46982,0.4211,
,,,,,,,,,,,,,1,0,0,0,0,0,0,0,0,0,0.84615,0.54534,0.5986,0.091472,0.059838,0.83347,0.85712,0.35118,0.65761,0.76986,0.89758,0.72663,0.5986,0.091472,0.67888,0.16893,1.5363,0.66658,0.8142,1.0329,
,,,,,,,,,,,,,0,0,0,0,1,0,0,0,0,0,0.96875,0.77425,0.69494,0.27626,0.21118,0.94979,1.0312,0.33737,0.78154,0.75111,0.79237,0.65077,0.45993,0.11895,0.54224,0.14775,1.2734,0.53041,0.78154,1.1375,
,,,,,,,,,,,,,0,0,0,0,0,0,0,0,1,1,1.0294,0.93596,0.74571,0.42312,0.33216,1.0059,1.1334,0.30963,0.85212,0.69973,1.0613,0.93596,0.1429,0.42312,0.33216,0.18842,1.1334,0.30963,1.4804,3.0821,
,,,,,,,,,,,,,0,1,0,0,0,0,0,0,1,0,1.0087,0.64019,0.71298,0.097683,0.061883,0.99392,1.0185,0.42295,0.78208,0.92642,0.63664,0.52338,0.36574,0.097683,0.43251,0.11864,1.0185,0.42295,0.63141,0.92642,
