"initialpoint","repeat","row_dim","col_dim","rank","mineigval_correction","tolKKTres","maxOuterIter","maxtime","verbosity","eqconstratio","maskratio","filepath","P","A","x0",
"feasible_region",16,4,8,2,1e-05,8,100000,60,1,0.3,0.5,"nrep16Rowdim4Coldim8Rank2Tol8Eqratio3.0e-01Maskratio5.0e-01",1,0,1,0,1,0,0,1,0.67507,0.93937,0.89214,0.80508,0.74846,0.91243,0.44212,1.0467,0.29596,0.58838,0.63579,0.37242,0.97457,0.76342,0.16007,0.6547,
,,,,,,,,,,,,,1,0,0,0,0,0,1,0,0.49161,0.29195,0.49141,0.23623,0.68703,0.52008,0.10104,0.43894,0.20678,0.40716,0.44942,0.23822,0.68703,0.52008,0.095804,0.43894,
,,,,,,,,,,,,,0,0,1,0,0,0,1,0,0.47047,0.36496,0.50482,0.30246,0.62651,0.52922,0.14491,0.49062,0.11446,0.36496,0.063651,0.91308,0.16287,0.7609,0.62293,0.90004,
,,,,,,,,,,,,,0,1,0,1,0,0,0,1,0.50506,0.45185,0.56617,0.3783,0.65082,0.59024,0.18939,0.5762,0.1734,0.36813,0.34143,0.34925,0.53449,0.52662,0.18939,0.49381,
