"initialpoint","repeat","row_dim","col_dim","rank","mineigval_correction","tolKKTres","maxOuterIter","maxtime","verbosity","eqconstratio","maskratio","filepath","P","A","x0",
"feasible_region",7,4,8,2,1e-05,8,100000,60,1,0.5,0.3,"nrep7Rowdim4Coldim8Rank2Tol8Eqratio5.0e-01Maskratio3.0e-01",0,0,0,1,0,0,0,0,1.3711,0.86611,1.1372,1.34,0.63033,1.5663,0.78196,0.85176,0.013381,0.0098976,0.16339,0.15246,0.13592,0.12708,0.13722,0.078729,
,,,,,,,,,,,,,1,0,0,0,0,1,0,0,1.2272,0.86651,1.1289,1.1482,0.55293,1.403,0.78514,0.56234,0.070177,0.052202,0.93494,0.78824,0.81607,0.67667,0.78514,0.39958,
,,,,,,,,,,,,,0,0,0,0,0,0,0,0,0.40218,0.31811,0.41145,0.35716,0.177,0.46023,0.28918,0.10949,0.051438,0.037234,0.41145,0.61766,0.23583,0.46023,0.34571,0.33964,
,,,,,,,,,,,,,1,0,1,0,0,0,0,0,0.92283,0.61735,0.80726,0.88262,0.42001,1.0546,0.55844,0.49787,0.071825,0.051471,0.43612,0.88262,0.14617,0.62456,0.3666,0.49787,
