"iter","cost","gradnorm","time","stepsize","ls_max_steps_break","dist","qpexitflag","rho","KKT_residual","maxviolation","meanviolation",
0,0.60428,5.0657,4.7899e-05,NaN,NaN,NaN,NaN,1,5.385,1.1955e-08,9.0625e-10,
1,0.084915,1.2947,0.049552,1,0,1.0376,1,2.4511,1.2987,0.056214,0.0031185,
2,0.015509,0.38912,0.10097,0.59049,0,0.59391,1,2.4511,0.39199,0.037887,0.0032854,
3,0.00055749,0.050403,0.15128,1,0,0.255,1,2.4511,0.050621,0.0021163,0.00046077,
4,1.5639e-06,0.0025927,0.20241,1,0,0.065457,1,2.4511,0.0026375,0.00032855,3.6164e-05,
5,5.9124e-11,1.2209e-05,0.25294,1,0,0.0028838,1,2.4511,1.2351e-05,1.4615e-06,1.408e-07,
6,2.4517e-16,5.217e-10,0.3023,1,0,2.312e-05,1,2.4511,1.2342e-09,3.6189e-11,4.1146e-12,
