"initialpoint","repeat","row_dim","col_dim","rank","mineigval_correction","tolKKTres","maxOuterIter","maxtime","verbosity","eqconstratio","maskratio","filepath","P","A","x0",
"feasible_region",10,4,8,2,1e-05,8,100000,60,1,0.3,0.5,"nrep10Rowdim4Coldim8Rank2Tol8Eqratio3.0e-01Maskratio5.0e-01",1,0,0,0,0,1,0,0,0.49953,0.42438,0.39923,0.71543,0.15085,0.54141,0.64815,0.71167,0.35684,0.17708,0.71611,0.67213,0.11099,0.11615,0.061791,0.26181,
,,,,,,,,,,,,,1,0,0,1,0,0,1,0,0.46024,0.3947,0.36206,0.64124,0.14567,0.4852,0.60193,0.64485,0.32392,0.66971,0.47264,0.22306,0.14567,0.4852,0.0036696,0.64485,
,,,,,,,,,,,,,0,1,1,0,0,0,0,1,0.55558,0.44885,0.48015,0.90804,0.12589,0.68752,0.69108,0.85951,0.3715,0.30154,0.70468,0.61063,0.12589,0.20836,0.052261,0.36631,
,,,,,,,,,,,,,0,1,0,1,1,0,0,0,0.42035,0.36994,0.31593,0.53981,0.15014,0.40831,0.56193,0.56121,0.42035,0.23509,0.83434,0.77162,0.13309,0.15659,0.070061,0.32961,
