"initialpoint","repeat","row_dim","col_dim","rank","mineigval_correction","tolKKTres","maxOuterIter","maxtime","verbosity","eqconstratio","maskratio","filepath","P","A","x0",
"feasible_region",12,5,10,2,1e-05,8,100000,60,1,0.3,0.3,"nrep12Rowdim5Coldim10Rank2Tol8Eqratio3.0e-01Maskratio3.0e-01",1,0,0,0,1,0,0,0,0,0,0.51307,0.69309,0.48624,1.0416,0.15782,0.4518,0.5597,0.99923,0.93894,0.56757,0.371,0.0017634,0.18656,0.06965,0.12316,0.36442,0.14046,0.24049,0.14415,0.56757,
,,,,,,,,,,,,,1,0,0,1,0,0,0,0,0,1,0.27917,0.40068,0.25221,0.65554,0.084272,0.22211,0.46566,0.5186,0.45074,0.35669,0.068389,0.00011446,0.026356,0.01387,0.027469,0.079058,0.0018104,0.053692,0.0099941,0.12821,
,,,,,,,,,,,,,0,1,0,0,0,0,1,0,0,0,0.20806,0.30137,0.18652,0.49895,0.062617,0.16275,0.36591,0.38355,0.32887,0.27144,0.27541,0.0032192,0.21135,0.042353,0.048207,0.16275,0.3227,0.093613,0.25739,0.20737,
,,,,,,,,,,,,,0,0,1,0,0,0,0,0,0,0,0.27893,0.39214,0.25629,0.62409,0.084757,0.23017,0.40922,0.52688,0.47128,0.33973,0.27893,0.0021023,0.16988,0.048563,0.075027,0.23017,0.1944,0.14629,0.16951,0.33973,
,,,,,,,,,,,,,0,1,0,0,0,0,0,0,1,0,0.33493,0.42811,0.33018,0.58824,0.10468,0.31943,0.19894,0.67821,0.67506,0.32106,0.54755,0.0083028,0.49278,0.074887,0.052787,0.21621,0.85915,0.10153,0.66151,0.19916,
