"iter","cost","gradnorm","time","stepsize","ls_max_steps_break","dist","qpexitflag","rho","KKT_residual","maxviolation","meanviolation",
0,0.70066,5.4895,2.7061e-05,NaN,NaN,NaN,NaN,1,5.9543,5.9406e-09,9.4429e-10,
1,0.0068544,0.33121,0.041432,1,0,1.4548,1,1.9865,0.33252,0.024951,0.0021751,
2,0.0011672,0.079374,0.08179,1,0,0.31051,1,1.9865,0.08061,0.007516,0.0012272,
3,1.6309e-05,0.0090818,0.12224,1,0,0.1288,1,1.9865,0.0090904,0.00024498,3.3495e-05,
4,6.1107e-08,0.00032864,0.16249,1,0,0.014898,1,1.9865,0.00033116,3.7662e-05,2.131e-06,
5,4.6285e-12,1.724e-06,0.20258,1,0,0.0025632,1,1.9865,1.972e-06,9.2029e-07,5.2009e-08,
6,1.9884e-18,1.8066e-10,0.24565,1,0,1.6826e-05,1,1.9865,2.3681e-10,2.9046e-11,1.7695e-12,
