"initialpoint","repeat","row_dim","col_dim","rank","mineigval_correction","tolKKTres","maxOuterIter","maxtime","verbosity","eqconstratio","maskratio","filepath","P","A","x0",
"feasible_region",4,5,10,2,1e-05,8,100000,60,1,0.3,0.7,"nrep4Rowdim5Coldim10Rank2Tol8Eqratio3.0e-01Maskratio7.0e-01",0,1,1,1,0,1,1,0,1,0,1.041,0.59817,0.79059,1.0696,0.72774,1.1333,0.94547,1.2586,0.38227,0.42042,0.8754,0.23145,0.34059,0.73958,0.72774,0.56753,0.25042,0.28469,0.28737,0.42042,
,,,,,,,,,,,,,0,1,0,0,1,1,1,0,0,1,0.6422,0.31319,0.4313,0.82321,0.81049,0.90025,0.70524,0.98707,0.2448,0.20101,0.37965,0.1281,0.4313,0.82321,0.43661,0.50953,0.17519,0.98707,0.23437,0.23795,
,,,,,,,,,,,,,1,1,0,1,1,0,1,0,0,1,0.40914,0.25932,0.3352,0.34952,0.12918,0.35817,0.31867,0.40331,0.14635,0.19055,0.093585,0.053954,0.3352,0.60846,0.20528,0.33819,0.096924,0.94032,0.14635,0.10354,
,,,,,,,,,,,,,1,1,1,0,0,0,0,1,0,0,0.3952,0.21253,0.28542,0.44866,0.37056,0.48268,0.39074,0.53274,0.14746,0.14439,0.34414,0.099702,0.22302,0.44866,0.32412,0.30589,0.11937,0.38334,0.14746,0.18275,
,,,,,,,,,,,,,0,0,0,0,0,0,0,1,1,1,1.0737,0.60122,0.79953,1.1494,0.85267,1.2257,1.0096,1.3577,0.39682,0.41717,1.0737,0.27474,0.32412,0.74123,0.85267,0.60915,0.28517,0.064028,0.31624,0.49731,
