"initialpoint","repeat","row_dim","col_dim","rank","mineigval_correction","tolKKTres","maxOuterIter","maxtime","verbosity","eqconstratio","maskratio","filepath","P","A","x0",
"feasible_region",16,5,10,2,1e-05,8,100000,60,1,0.3,0.7,"nrep16Rowdim5Coldim10Rank2Tol8Eqratio3.0e-01Maskratio7.0e-01",1,0,1,1,1,1,1,1,1,1,0.48575,0.49541,0.31203,0.27755,0.43847,0.47978,0.41765,0.11149,0.53814,0.17384,0.85166,0.20331,0.23789,0.67082,0.34469,0.33762,0.57296,0.7584,0.35399,0.53983,
,,,,,,,,,,,,,0,1,1,1,0,0,1,0,0,0,0.90113,0.92129,0.63754,0.59964,0.92166,0.98652,0.80273,0.20889,1.0957,0.3295,0.80039,0.5034,0.56733,0.73291,0.92166,0.87083,0.9093,0.20889,1.0957,0.64869,
,,,,,,,,,,,,,1,0,0,0,0,0,1,0,0,1,0.20204,0.20813,0.18423,0.19406,0.28278,0.28904,0.19963,0.048285,0.31412,0.078802,0.46384,0.1604,0.18423,0.38164,0.28278,0.27191,0.37102,0.33292,0.31412,0.31648,
,,,,,,,,,,,,,0,1,0,0,1,0,1,1,1,1,0.70541,0.72393,0.57129,0.57368,0.85467,0.89094,0.66275,0.16606,0.97745,0.26655,0.62426,0.39888,0.44937,0.57368,0.73081,0.69028,0.71663,0.15283,0.86983,0.50877,
,,,,,,,,,,,,,0,1,0,0,0,0,0,1,0,0,0.41306,0.4181,0.18174,0.1153,0.21869,0.2706,0.31537,0.091865,0.31897,0.13785,0.41306,0.1589,0.18174,0.34513,0.28256,0.2706,0.34947,0.27057,0.31897,0.28911,
