"initialpoint","repeat","row_dim","col_dim","rank","mineigval_correction","tolKKTres","maxOuterIter","maxtime","verbosity","eqconstratio","maskratio","filepath","P","A","x0",
"feasible_region",14,5,10,2,1e-05,8,100000,60,1,0.5,0.3,"nrep14Rowdim5Coldim10Rank2Tol8Eqratio5.0e-01Maskratio3.0e-01",0,1,0,0,0,1,0,0,0,0,0.75026,0.46129,0.57433,0.35196,0.20032,0.5531,0.64363,0.74733,0.83551,0.4834,0.16694,0.29336,0.3425,0.15797,0.17776,0.18617,0.30565,0.36043,0.2123,0.4834,
,,,,,,,,,,,,,1,0,0,0,0,0,0,0,1,0,0.30791,0.29953,0.3416,0.16541,0.10309,0.31411,0.16286,0.46815,0.42418,0.23054,0.23603,0.29953,0.51695,0.29829,0.21204,0.31411,0.26365,0.46815,0.36464,0.7024,
,,,,,,,,,,,,,0,0,0,0,1,0,0,0,0,0,0.79318,0.50794,0.62665,0.37595,0.21561,0.60075,0.66183,0.81975,0.89825,0.51696,0.19066,0.54897,0.33048,0.041329,0.27594,0.11817,0.66183,0.48861,0.12281,0.51696,
,,,,,,,,,,,,,0,0,0,0,0,0,0,0,0,0,1.1126,0.65537,0.82412,0.51647,0.29162,0.79753,0.98083,1.0662,1.2178,0.70847,0.24906,0.51518,0.489,0.18529,0.29162,0.24353,0.56931,0.56563,0.27339,0.70847,
,,,,,,,,,,,,,0,1,0,0,0,0,0,1,0,0,0.44896,0.32424,0.38999,0.21978,0.129,0.36908,0.34085,0.51781,0.53552,0.30333,0.25771,0.82072,0.42441,0.0047241,0.39981,0.12501,1.0096,0.68877,0.12201,0.68588,
