"initialpoint","repeat","row_dim","col_dim","rank","mineigval_correction","tolKKTres","maxOuterIter","maxtime","verbosity","eqconstratio","maskratio","filepath","P","A","x0",
"feasible_region",3,5,10,2,1e-05,8,100000,60,1,0.3,0.3,"nrep3Rowdim5Coldim10Rank2Tol8Eqratio3.0e-01Maskratio3.0e-01",0,0,0,0,1,0,1,1,0,0,0.23195,0.28823,0.3564,0.20019,0.4699,0.077497,0.080117,0.24975,0.42938,0.26554,0.50459,0.83825,0.064227,7.5113e-06,0.61911,0.065221,0.10683,0.51636,0.88351,0.34826,
,,,,,,,,,,,,,1,0,0,1,0,0,0,0,0,0,0.5012,0.73267,0.90942,0.55987,1.159,0.2166,0.20042,0.57473,1.0773,0.64848,0.86251,1.211,0.42722,0.14415,1.159,0.16093,0.17448,0.69389,1.2784,0.60526,
,,,,,,,,,,,,,0,0,0,1,0,0,0,0,0,0,0.0737,0.24502,0.30781,0.24141,0.34994,0.09327,0.063589,0.12832,0.34526,0.18869,0.60826,0.37136,0.99176,0.41519,1.0365,0.22103,0.10535,0.078789,0.39733,0.44851,
,,,,,,,,,,,,,1,0,0,0,0,0,1,0,0,0,0.30523,0.20042,0.24217,0.056148,0.38446,0.021948,0.060972,0.27157,0.32159,0.22782,0.41154,0.50784,0.30394,0.11423,0.58479,0.092375,0.080684,0.27157,0.53689,0.29194,
,,,,,,,,,,,,,0,1,0,1,0,0,0,0,0,0,0.41568,0.28389,0.34368,0.089156,0.53789,0.034791,0.085757,0.37334,0.45286,0.3177,0.41568,0.62917,0.14072,0.03988,0.53789,0.067406,0.085757,0.37317,0.66371,0.28965,
