"initialpoint","repeat","row_dim","col_dim","rank","mineigval_correction","tolKKTres","maxOuterIter","maxtime","verbosity","eqconstratio","maskratio","filepath","P","A","x0",
"feasible_region",15,4,8,2,1e-05,8,100000,60,1,0.5,0.3,"nrep15Rowdim4Coldim8Rank2Tol8Eqratio5.0e-01Maskratio3.0e-01",0,0,0,0,1,0,0,0,0.24791,0.14937,0.43135,0.34452,0.32471,0.19827,0.13471,0.28411,0.22618,0.28092,0.042606,0.10691,0.0042091,0.011661,0.13471,0.09972,
,,,,,,,,,,,,,0,0,0,1,0,0,0,0,0.078143,0.049052,0.13868,0.10861,0.1035,0.062057,0.04215,0.093452,0.009336,0.060292,0.19325,0.014231,0.1035,0.06088,0.26291,0.0034908,
,,,,,,,,,,,,,1,0,0,0,0,0,0,0,0.37886,0.31609,0.78046,0.52727,0.54748,0.28334,0.19202,0.6081,0.24772,0.31609,0.079764,0.11878,0.02247,0.023211,0.19202,0.10911,
,,,,,,,,,,,,,1,0,0,0,1,0,0,0,0.60725,0.096459,0.68455,0.84163,0.63817,0.54604,0.37246,0.16231,0.26179,0.36612,0.21045,0.132,0.091817,0.06432,0.37246,0.11489,
