"initialpoint","repeat","row_dim","col_dim","rank","mineigval_correction","tolKKTres","maxOuterIter","maxtime","verbosity","eqconstratio","maskratio","filepath","P","A","x0",
"feasible_region",14,5,10,2,1e-05,8,100000,60,1,0.5,0.5,"nrep14Rowdim5Coldim10Rank2Tol8Eqratio5.0e-01Maskratio5.0e-01",0,0,0,0,0,0,0,0,1,0,0.47011,0.050796,0.23275,0.50232,0.30436,0.50288,0.18021,0.55272,0.33768,0.27047,0.084578,0.050796,0.52451,0.50232,0.30436,0.18249,0.18021,0.42222,0.50612,0.24445,
,,,,,,,,,,,,,1,1,0,0,0,0,0,0,1,0,0.17129,0.097698,0.13563,0.85822,0.26063,0.26659,0.50758,0.38006,0.22038,0.35492,0.33141,0.017689,0.45095,1.5056,0.26063,0.26659,0.50758,0.035382,0.71168,0.39687,
,,,,,,,,,,,,,1,0,0,0,0,1,0,0,0,0,0.74493,0.14134,0.40788,1.3148,0.59735,0.86091,0.62514,1.0131,0.60989,0.62558,0.019517,0.11429,1.0284,0.37764,0.59735,0.29577,0.1539,1.0131,0.83592,0.37369,
,,,,,,,,,,,,,0,1,0,0,1,0,1,0,0,0,0.34972,0.08227,0.2017,0.75295,0.31053,0.42093,0.38229,0.51154,0.30589,0.34521,0.14474,0.063293,0.68852,0.79931,0.39939,0.25385,0.28252,0.51154,0.70041,0.34521,
,,,,,,,,,,,,,0,0,0,1,1,0,0,0,1,0,0.55831,0.10792,0.30697,1.0023,0.45145,0.64733,0.47959,0.7638,0.45954,0.47528,0.25415,0.09608,1.0758,1.3651,0.62392,0.4085,0.47959,0.7638,1.1243,0.55959,
