"initialpoint","repeat","row_dim","col_dim","rank","mineigval_correction","tolKKTres","maxOuterIter","maxtime","verbosity","eqconstratio","maskratio","filepath","P","A","x0",
"feasible_region",4,5,10,2,1e-05,8,100000,60,1,0.5,0.7,"nrep4Rowdim5Coldim10Rank2Tol8Eqratio5.0e-01Maskratio7.0e-01",0,1,1,0,0,0,0,0,0,1,0.73746,0.82396,0.73314,0.74236,1.429,0.57449,0.91001,1.376,0.63641,1.4947,0.82103,1.1173,0.68792,0.7469,1.429,0.45674,0.91001,1.376,0.71582,0.969,
,,,,,,,,,,,,,1,0,0,1,0,0,1,1,0,0,0.60071,0.69176,0.71389,0.726,1.2565,0.51295,0.82614,1.2533,0.60767,1.321,0.73693,1.3988,0.71389,0.79794,1.2565,0.44942,1.1317,1.4949,0.89576,1.321,
,,,,,,,,,,,,,0,1,0,1,1,0,1,1,0,0,0.082801,0.15696,0.44767,0.46309,0.45008,0.20533,0.36788,0.56903,0.35092,0.49153,0.3583,0.54783,0.31489,0.34536,0.61966,0.20533,0.44504,0.64003,0.35092,0.49153,
,,,,,,,,,,,,,1,0,0,0,0,0,0,0,0,1,0.70998,0.80878,0.79381,0.80615,1.4455,0.587,0.94009,1.4246,0.68,1.517,1.2282,0.70532,0.79381,0.80615,2.2014,0.587,0.59306,1.4246,0.45291,0.3487,
,,,,,,,,,,,,,0,0,0,1,0,0,1,0,0,1,0.52223,0.56273,0.40153,0.40343,0.9187,0.36148,0.55887,0.84095,0.36069,0.95426,0.52223,0.56273,0.40153,0.42743,0.9187,0.27578,0.46118,0.77817,0.36069,0.44778,
