"initialpoint","repeat","row_dim","col_dim","rank","mineigval_correction","tolKKTres","maxOuterIter","maxtime","verbosity","eqconstratio","maskratio","filepath","P","A","x0",
"feasible_region",5,5,10,2,1e-05,8,100000,60,1,0.3,0.5,"nrep5Rowdim5Coldim10Rank2Tol8Eqratio3.0e-01Maskratio5.0e-01",1,0,0,1,1,1,0,1,1,0,0.86888,0.46547,0.16015,1.2976,0.66317,0.7483,0.87848,1.1016,1.0466,1.1854,0.92495,0.39424,0.37743,0.92403,0.94147,0.41454,0.78768,0.4485,0.94806,1.1319,
,,,,,,,,,,,,,0,1,0,1,0,0,1,0,1,0,0.87377,0.58973,0.14214,1.3039,0.60639,0.77811,1.0161,1.1521,1.169,1.3078,0.81209,0.16327,0.27046,0.74403,0.85123,0.081812,0.43913,0.034457,0.82747,0.94831,
,,,,,,,,,,,,,0,0,0,1,0,0,0,0,1,1,0.77755,0.25269,0.1688,1.1626,0.67497,0.63516,0.60738,0.92613,0.7798,0.90479,0.18101,0.43625,0.19348,0.31287,0.13585,0.63516,0.64983,0.79335,0.19514,0.31084,
,,,,,,,,,,,,,1,0,0,0,1,0,0,0,0,0,0.45937,0.44815,0.05325,0.68429,0.2501,0.43814,0.68487,0.65597,0.74674,0.81905,0.64994,0.37221,0.29691,0.68429,0.64872,0.43814,0.68487,0.50218,0.66872,0.81905,
,,,,,,,,,,,,,0,1,0,0,0,1,0,0,0,0,0.20257,0.078815,0.041958,0.30278,0.16939,0.1682,0.1724,0.246,0.21558,0.24808,0.20257,0.35942,0.17362,0.30278,0.16939,0.51211,0.54946,0.63479,0.21494,0.31582,
