"initialpoint","repeat","row_dim","col_dim","rank","mineigval_correction","tolKKTres","maxOuterIter","maxtime","verbosity","eqconstratio","maskratio","filepath","P","A","x0",
"feasible_region",6,5,10,2,1e-05,8,100000,60,1,0.5,0.3,"nrep6Rowdim5Coldim10Rank2Tol8Eqratio5.0e-01Maskratio3.0e-01",1,1,0,0,0,0,0,0,0,0,0.75179,0.95751,0.48006,0.65344,0.11878,0.21447,0.08262,0.2338,0.22712,0.31859,0.40268,0.27076,0.64895,0.38861,0.11428,0.52451,0.56409,0.37366,0.62469,0.70904,
,,,,,,,,,,,,,0,0,1,0,0,0,0,0,0,0,0.64311,0.89679,0.69468,0.59953,0.52601,0.56427,0.18716,0.74264,0.30651,0.65651,0.61887,0.82749,0.69249,0.4149,0.57846,0.28354,0.20026,0.89695,0.30651,0.65651,
,,,,,,,,,,,,,0,0,0,1,0,0,0,0,0,0,0.39064,0.59982,0.62336,0.39292,0.62045,0.61278,0.19629,0.83589,0.26576,0.67106,0.54954,0.7234,0.62336,0.37347,0.5025,0.26625,0.19629,0.78754,0.29028,0.59496,
,,,,,,,,,,,,,0,0,0,0,0,0,1,0,0,0,0.47097,0.63574,0.43194,0.42809,0.27046,0.31027,0.10557,0.39714,0.19413,0.37696,0.56202,0.63574,0.71465,0.42809,0.41198,0.40451,0.36943,0.72377,0.46223,0.71808,
,,,,,,,,,,,,,0,1,0,0,0,0,1,0,0,0,0.67426,0.88719,0.53447,0.60089,0.26182,0.33169,0.11672,0.40824,0.24476,0.42624,0.35391,0.33975,0.49493,0.29643,0.20011,0.33169,0.33082,0.40824,0.38733,0.51599,
