"initialpoint","repeat","row_dim","col_dim","rank","mineigval_correction","tolKKTres","maxOuterIter","maxtime","verbosity","eqconstratio","maskratio","filepath","P","A","x0",
"feasible_region",5,4,8,2,1e-05,8,100000,60,1,0.3,0.5,"nrep5Rowdim4Coldim8Rank2Tol8Eqratio3.0e-01Maskratio5.0e-01",1,0,0,0,0,0,0,0,1.0756,0.73524,0.46366,1.061,0.95581,0.78614,0.42106,1.1131,0.10459,0.73524,0.2086,0.26012,0.95581,0.13424,0.88986,0.96006,
,,,,,,,,,,,,,0,0,0,1,0,1,1,0,0.54469,0.38237,0.23359,0.54532,0.48317,0.39245,0.21044,0.56105,0.029822,0.39907,0.11273,0.14328,0.58345,0.038036,0.50873,0.56105,
,,,,,,,,,,,,,0,1,0,0,0,0,0,1,1.2051,0.48682,0.56002,0.92021,1.0995,1.0707,0.56528,1.3357,0.55169,0.81132,0.23809,0.25323,0.0079058,0.71192,0.56528,0.41265,
,,,,,,,,,,,,,1,1,1,1,0,0,1,0,0.21723,0.11512,0.097655,0.18769,0.19587,0.17757,0.094298,0.23357,0.22962,0.45501,0.13208,0.1482,0.19587,0.29616,0.39322,0.3497,
