"initialpoint","repeat","row_dim","col_dim","rank","mineigval_correction","tolKKTres","maxOuterIter","maxtime","verbosity","eqconstratio","maskratio","filepath","P","A","x0",
"feasible_region",9,5,10,2,1e-05,8,100000,60,1,0.3,0.3,"nrep9Rowdim5Coldim10Rank2Tol8Eqratio3.0e-01Maskratio3.0e-01",0,0,0,1,0,0,0,0,0,0,0.0091308,0.019569,0.015487,0.018331,0.0087206,0.016373,0.018861,0.012538,0.011529,0.010187,0.010627,0.005175,0.020498,0.017279,0.0087206,0.043116,0.16078,0.0037401,0.011529,0.048027,
,,,,,,,,,,,,,0,0,0,0,0,0,0,0,0,0,0.3989,1.2023,1.0022,1.1325,0.56032,0.88843,1.1112,0.63436,0.83977,0.75024,0.086482,0.039969,0.15132,0.12694,0.073903,0.30364,1.1112,0.032628,0.080542,0.33499,
,,,,,,,,,,,,,1,1,1,0,0,0,0,1,0,0,0.60532,1.3494,1.0755,1.265,0.60502,1.1114,1.2934,0.84419,0.81471,0.72108,0.2186,0.072518,0.17655,0.13899,0.22588,0.13931,0.18529,0.11164,0.026959,0.10402,
,,,,,,,,,,,,,1,0,0,1,0,1,0,0,0,0,0.4204,0.98214,0.78911,0.92144,0.4434,0.79428,0.93546,0.59751,0.60932,0.54029,0.24413,0.084998,0.22614,0.1808,0.24676,0.24396,0.57598,0.12058,0.054954,0.22065,
,,,,,,,,,,,,,0,0,0,1,0,1,0,0,0,0,0.40419,0.92763,0.74309,0.87002,0.41771,0.75536,0.88563,0.57032,0.56972,0.50484,0.40419,0.13403,0.32607,0.25666,0.41771,0.25648,0.33797,0.20647,0.049536,0.19102,
