"initialpoint","repeat","row_dim","col_dim","rank","mineigval_correction","tolKKTres","maxOuterIter","maxtime","verbosity","eqconstratio","maskratio","filepath","P","A","x0",
"feasible_region",8,5,10,2,1e-05,8,100000,60,1,0.5,0.3,"nrep8Rowdim5Coldim10Rank2Tol8Eqratio5.0e-01Maskratio3.0e-01",0,0,0,0,0,0,0,1,0,0,0.39888,0.73872,0.35367,0.31019,0.50136,0.19837,0.65558,0.36933,0.057223,0.8295,0.18102,0.010499,0.35367,0.54148,0.1637,0.034804,0.10761,0.11544,0.65418,0.8295,
,,,,,,,,,,,,,1,0,0,0,0,0,0,0,0,0,1.1376,0.76653,0.71409,0.68662,1.0012,0.81082,1.1631,0.40783,0.067416,1.5748,0.33661,0.088579,0.54288,0.68662,0.29128,0.06158,0.25831,0.23177,0.72222,1.062,
,,,,,,,,,,,,,1,1,0,0,0,0,0,1,0,0,0.74715,0.24071,0.41126,0.41214,0.57353,0.58058,0.62542,0.14132,0.025502,0.87929,0.70551,0.38023,0.81437,0.53668,0.57353,0.12022,0.70541,0.53399,0.12109,0.87183,
,,,,,,,,,,,,,0,0,0,0,0,0,0,0,0,0,1.0316,0.82805,0.67676,0.64227,0.9504,0.71093,1.1248,0.43386,0.070635,1.5065,0.0033247,0.00076923,0.0055375,0.0072716,0.002897,0.00061302,0.0024622,0.002263,0.0078894,0.011224,
,,,,,,,,,,,,,0,1,1,0,0,0,0,0,0,0,0.33098,0.49805,0.26821,0.24041,0.37926,0.18561,0.4834,0.25112,0.03927,0.62048,0.33098,0.18083,0.37797,0.24041,0.2686,0.056287,0.33299,0.25112,0.03927,0.39195,
