"initialpoint","repeat","row_dim","col_dim","rank","mineigval_correction","tolKKTres","maxOuterIter","maxtime","verbosity","eqconstratio","maskratio","filepath","P","A","x0",
"feasible_region",14,4,8,2,1e-05,8,100000,60,1,0.5,0.5,"nrep14Rowdim4Coldim8Rank2Tol8Eqratio5.0e-01Maskratio5.0e-01",0,0,0,1,0,0,0,1,0.59382,0.44827,0.9496,0.78392,0.67067,0.7633,0.67604,0.59289,0.70613,0.28444,0.78135,0.9339,0.67067,0.41164,0.67604,0.33456,
,,,,,,,,,,,,,1,0,0,1,0,0,1,0,0.20987,0.1154,0.37289,0.53607,0.3293,0.73924,0.16704,0.71619,0.24912,0.11418,0.27004,0.19302,0.23538,0.17815,0.28958,0.15023,
,,,,,,,,,,,,,0,0,0,0,0,0,1,0,0.30313,0.23934,0.47564,0.3369,0.31982,0.27497,0.36266,0.17889,0.32879,0.14237,0.35978,0.3369,0.3114,0.2153,0.35144,0.17889,
,,,,,,,,,,,,,1,0,0,1,0,0,0,0,0.085563,0.069339,0.13272,0.084379,0.086457,0.058186,0.10534,0.029529,0.28425,0.069339,0.33287,0.82151,0.27397,0.058186,0.10534,0.029529,
