"initialpoint","repeat","row_dim","col_dim","rank","mineigval_correction","tolKKTres","maxOuterIter","maxtime","verbosity","eqconstratio","maskratio","filepath","P","A","x0",
"feasible_region",17,4,8,2,1e-05,8,100000,60,1,0.3,0.7,"nrep17Rowdim4Coldim8Rank2Tol8Eqratio3.0e-01Maskratio7.0e-01",0,0,1,1,1,0,0,0,0.021577,0.052797,0.17832,0.076844,0.20396,0.037139,0.080646,0.065054,0.63218,0.81563,0.46222,0.34404,0.41277,0.037139,0.080646,0.041706,
,,,,,,,,,,,,,1,1,0,0,1,0,1,0,0.51343,0.26757,0.50656,0.59683,0.31188,0.82419,0.88423,0.80544,0.42397,0.48791,0.73639,0.59683,0.51688,0.82419,0.64821,0.10845,
,,,,,,,,,,,,,1,1,0,0,0,1,1,1,0.4359,0.23748,0.46903,0.51955,0.31214,0.70035,0.7615,0.69155,0.066964,0.020314,0.52573,0.44579,0.31214,0.89764,0.67285,0.094406,
,,,,,,,,,,,,,0,0,1,0,1,1,0,1,0.045287,0.071816,0.22689,0.1127,0.24896,0.0756,0.12845,0.10725,0.045287,0.044214,0.13567,0.1127,0.087311,0.19491,0.14868,0.022346,
