"initialpoint","repeat","row_dim","col_dim","rank","mineigval_correction","tolKKTres","maxOuterIter","maxtime","verbosity","eqconstratio","maskratio","filepath","P","A","x0",
"feasible_region",1,4,8,2,1e-05,8,100000,60,1,0.5,0.3,"nrep1Rowdim4Coldim8Rank2Tol8Eqratio5.0e-01Maskratio3.0e-01",0,0,0,0,0,0,0,0,0.20684,0.32718,0.071707,0.19601,0.25389,0.23187,0.52741,0.22124,0.022448,0.11972,0.045367,0.042476,0.04832,0.090937,0.10226,0.075666,
,,,,,,,,,,,,,1,0,0,1,0,0,0,0,0.2706,0.35282,0.10477,0.25616,0.30131,0.28319,0.60526,0.25029,0.07139,0.41383,0.10477,0.12712,0.16029,0.32205,0.26533,0.25029,
,,,,,,,,,,,,,0,1,0,0,0,0,1,0,0.17177,0.57507,0.015332,0.1639,0.33527,0.27385,0.77975,0.34168,0.051447,0.34031,0.025279,0.081487,0.12394,0.27385,0.11506,0.19264,
,,,,,,,,,,,,,0,0,1,0,0,0,0,0,0.68495,0.16126,0.37187,0.64568,0.46252,0.52073,0.70761,0.25251,0.089296,0.30998,0.37888,0.20896,0.15893,0.19677,0.70761,0.25251,
