"initialpoint","repeat","row_dim","col_dim","rank","mineigval_correction","tolKKTres","maxOuterIter","maxtime","verbosity","eqconstratio","maskratio","filepath","P","A","x0",
"feasible_region",9,5,10,2,1e-05,8,100000,60,1,0.5,0.5,"nrep9Rowdim5Coldim10Rank2Tol8Eqratio5.0e-01Maskratio5.0e-01",0,0,0,0,0,1,0,0,0,0,0.30191,0.16217,0.22104,0.1826,0.47216,0.2035,0.40618,0.21013,0.38809,0.361,0.92916,0.58561,0.48455,0.40994,0.57259,0.89521,0.40618,0.58673,0.84444,0.81615,
,,,,,,,,,,,,,1,0,1,0,0,0,1,0,0,1,0.48278,0.29144,0.43118,0.26986,0.81009,0.34921,0.7249,0.40856,0.70343,0.66741,0.65374,0.39441,0.33742,0.26986,0.37635,0.62874,0.26256,0.40856,0.58134,0.57672,
,,,,,,,,,,,,,1,1,0,1,0,0,0,0,0,1,0.50652,0.20461,0.20755,0.35289,0.67646,0.29143,0.52304,0.20011,0.47706,0.41627,0.28268,0.48121,0.20755,0.44413,0.6304,0.29143,0.52304,0.25164,0.47706,0.20525,
,,,,,,,,,,,,,0,0,0,0,1,0,0,0,0,0,0.81398,0.35329,0.39278,0.55022,1.1291,0.48647,0.89801,0.37688,0.82979,0.73767,0.81398,0.35329,0.39278,0.19076,0.26116,0.77418,0.14528,0.47545,0.62373,0.73767,
,,,,,,,,,,,,,1,0,0,0,0,0,0,0,1,0,0.87257,0.38108,0.42678,0.58819,1.2144,0.52324,0.96821,0.40935,0.89563,0.79741,0.40299,0.89572,0.3375,0.85419,1.2144,0.42866,1.0221,0.40935,0.83244,0.26281,
