"initialpoint","repeat","row_dim","col_dim","rank","mineigval_correction","tolKKTres","maxOuterIter","maxtime","verbosity","eqconstratio","maskratio","filepath","P","A","x0",
"feasible_region",5,5,10,2,1e-05,8,100000,60,1,0.3,0.3,"nrep5Rowdim5Coldim10Rank2Tol8Eqratio3.0e-01Maskratio3.0e-01",1,0,0,0,1,0,0,0,1,0,0.38104,0.64206,1.1435,0.8334,0.91348,0.63651,0.30619,0.42382,0.84158,0.91438,0.091303,0.043754,0.062356,0.087706,0.0851,0.093469,0.15889,0.42382,0.48278,0.23953,
,,,,,,,,,,,,,0,0,0,0,1,0,0,0,0,0,0.40542,0.5708,1.0058,0.73599,0.81503,0.53021,0.34971,0.31388,0.8119,0.88413,0.034316,0.018466,0.02325,0.031171,0.034384,0.036241,0.04133,0.11491,0.12403,0.085991,
,,,,,,,,,,,,,0,0,0,0,0,0,1,0,0,1,0.29617,0.69422,1.2552,0.90961,0.98256,0.75015,0.19641,0.56753,0.79923,0.86491,0.03794,0.021087,0.025643,0.033867,0.038812,0.040437,0.039585,0.1123,0.11804,0.093731,
,,,,,,,,,,,,,1,0,0,0,0,0,0,1,0,0,0.2355,0.44385,0.79504,0.57817,0.63025,0.45494,0.17922,0.31932,0.5551,0.60229,0.031575,0.0014768,0.022828,0.042451,0.013216,0.024822,0.17922,0.44653,0.5551,0.11011,
,,,,,,,,,,,,,0,1,1,0,0,0,0,0,0,0,0.23139,0.36022,0.6387,0.46627,0.51327,0.34768,0.19226,0.22116,0.489,0.53182,0.23139,0.14854,0.15455,0.18886,0.26039,0.25757,0.059954,0.2469,0.15314,0.53182,
