"initialpoint","repeat","row_dim","col_dim","rank","mineigval_correction","tolKKTres","maxOuterIter","maxtime","verbosity","eqconstratio","maskratio","filepath","P","A","x0",
"feasible_region",13,4,8,2,1e-05,8,100000,60,1,0.5,0.3,"nrep13Rowdim4Coldim8Rank2Tol8Eqratio5.0e-01Maskratio3.0e-01",0,0,0,0,0,1,0,0,0.52075,0.57239,0.73048,0.35994,0.41054,0.063142,0.23458,0.12389,0.036562,0.0052411,0.057805,0.35994,0.0082756,0.074184,0.23458,0.04686,
,,,,,,,,,,,,,1,0,0,1,0,0,0,0,0.35602,0.36395,0.4761,0.32895,0.29576,0.061988,0.30689,0.18449,0.10592,0.015184,0.16259,0.2667,0.023658,0.061988,0.2279,0.05058,
,,,,,,,,,,,,,0,0,0,1,0,0,0,0,0.59341,0.65672,0.8362,0.39663,0.46535,0.06888,0.2434,0.12489,0.08508,0.012196,0.13132,0.32889,0.01905,0.072387,0.2498,0.053213,
,,,,,,,,,,,,,0,0,1,0,0,0,0,0,0.56927,0.53208,0.71882,0.6769,0.5004,0.13339,0.75751,0.4767,-1.6866e-11,1.7886e-11,0.0042533,0.6769,0.00027667,0.13339,0.39399,0.074293,
