"initialpoint","repeat","row_dim","col_dim","rank","mineigval_correction","tolKKTres","maxOuterIter","maxtime","verbosity","eqconstratio","maskratio","filepath","P","A","x0",
"feasible_region",14,4,8,2,1e-05,8,100000,60,1,0.5,0.3,"nrep14Rowdim4Coldim8Rank2Tol8Eqratio5.0e-01Maskratio3.0e-01",0,0,1,0,1,0,0,0,0.31609,0.38063,0.16129,0.29008,0.55952,0.45461,0.12467,0.50543,1.0327,0.71373,0.023402,0.41941,0.51449,0.39772,0.27968,0.57632,
,,,,,,,,,,,,,0,1,0,0,0,0,0,0,0.14613,0.16044,0.051248,0.11615,0.23521,0.23341,0.051273,0.25694,0.12984,0.068778,0.0021416,0.05254,0.070348,0.041303,0.029252,0.079499,
,,,,,,,,,,,,,1,0,0,0,0,1,0,0,0.23444,0.25121,0.072904,0.17918,0.36799,0.38376,0.079718,0.42154,0.58652,0.12484,0.0025738,0.23564,0.36799,0.10941,0.079718,0.42154,
,,,,,,,,,,,,,0,0,0,0,0,0,0,0,0.72502,1.0251,0.59842,0.84123,1.5132,0.81504,0.34831,0.93118,0.77964,1.0251,0.036247,0.3211,0.25707,0.50218,0.34831,0.27179,
