"initialpoint","repeat","row_dim","col_dim","rank","mineigval_correction","tolKKTres","maxOuterIter","maxtime","verbosity","eqconstratio","maskratio","filepath","P","A","x0",
"feasible_region",4,4,8,2,1e-05,8,100000,60,1,0.5,0.7,"nrep4Rowdim4Coldim8Rank2Tol8Eqratio5.0e-01Maskratio7.0e-01",1,1,0,0,0,0,0,1,1.0203,0.71666,0.73715,0.2566,0.6963,0.96432,0.073386,0.52947,0.86047,0.46702,0.73715,0.19678,0.6963,0.96432,0.083943,0.05173,
,,,,,,,,,,,,,0,1,0,0,0,0,0,0,1.2144,0.85885,0.99768,0.52353,0.88494,1.0692,0.11252,0.9353,1.0289,0.69496,0.99768,0.27324,0.81236,1.0692,0.11251,0.16238,
,,,,,,,,,,,,,1,0,0,1,0,1,0,0,1.0961,0.77372,0.86999,0.41721,0.7845,0.98496,0.095172,0.76681,0.53518,0.77372,0.86999,0.25672,0.36153,0.30283,0.095172,0.38798,
,,,,,,,,,,,,,0,1,0,1,1,0,0,1,0.99764,0.70205,0.74751,0.29935,0.69332,0.92546,0.077347,0.58547,0.99764,0.8549,1.1216,0.31527,0.7609,0.92546,0.12519,0.29075,
