"initialpoint","repeat","row_dim","col_dim","rank","mineigval_correction","tolKKTres","maxOuterIter","maxtime","verbosity","eqconstratio","maskratio","filepath","P","A","x0",
"feasible_region",10,4,8,2,1e-05,8,100000,60,1,0.5,0.7,"nrep10Rowdim4Coldim8Rank2Tol8Eqratio5.0e-01Maskratio7.0e-01",0,0,0,0,1,0,0,0,0.69365,0.68803,0.5548,0.35756,0.13857,0.51572,0.85821,0.34492,0.74171,0.26081,0.88016,0.35756,0.79279,0.38934,0.85821,0.34492,
,,,,,,,,,,,,,1,0,0,0,0,0,0,1,0.50277,0.32084,0.37737,0.23195,0.10344,0.41684,0.41525,0.17798,1.2344,0.32084,0.37737,0.23195,0.10344,0.41684,0.053305,0.4558,
,,,,,,,,,,,,,1,1,0,0,1,0,0,0,0.026595,0.058896,0.025797,0.018685,0.0047637,0.011905,0.070713,0.026393,5.6309e-05,0.0058371,0.055941,0.018685,0.062537,0.011905,0.070713,0.0061025,
,,,,,,,,,,,,,0,1,1,1,0,1,0,1,0.70218,0.24123,0.49825,0.29229,0.14796,0.63222,0.33941,0.16479,0.60892,0.18405,0.43379,0.19711,0.32793,0.25825,0.33941,0.25177,
