"initialpoint","repeat","row_dim","col_dim","rank","mineigval_correction","tolKKTres","maxOuterIter","maxtime","verbosity","eqconstratio","maskratio","filepath","P","A","x0",
"feasible_region",20,5,10,2,1e-05,8,100000,60,1,0.3,0.5,"nrep20Rowdim5Coldim10Rank2Tol8Eqratio3.0e-01Maskratio5.0e-01",1,1,1,0,1,0,0,0,1,0,0.44527,0.11387,0.17935,0.44309,0.10133,0.27697,0.19543,0.1836,0.19791,0.38142,0.057358,0.09813,0.18041,0.3614,0.23722,0.13024,0.14097,0.21436,0.074622,0.39073,
,,,,,,,,,,,,,0,0,1,0,0,0,0,0,1,0,0.22669,0.060139,0.12054,0.23446,0.065698,0.16923,0.095734,0.093269,0.13541,0.18676,0.12254,0.26275,0.21628,0.098544,0.069442,0.41437,0.095734,0.10135,0.21076,0.12341,
,,,,,,,,,,,,,0,0,1,0,0,1,0,1,1,1,0.37382,0.13391,0.66757,0.52908,0.3346,0.73168,0.097538,0.15052,0.77891,0.18891,0.079555,0.13391,0.25721,0.52908,0.34708,0.17502,0.20401,0.31204,0.10138,0.57132,
,,,,,,,,,,,,,0,1,1,0,0,0,0,0,1,0,0.83934,0.24325,0.72409,0.95252,0.37731,0.89478,0.31871,0.34339,0.83057,0.62094,0.099664,0.17484,0.29968,0.57306,0.37654,0.2374,0.2282,0.34339,0.13385,0.62094,
,,,,,,,,,,,,,0,0,0,1,0,0,1,0,0,0,0.90235,0.22796,0.3257,0.88645,0.18712,0.52483,0.4009,0.37234,0.35632,0.78255,0.16389,0.33996,0.3257,0.27695,0.18712,0.52483,0.17231,0.21239,0.2708,0.31835,
