"initialpoint","repeat","row_dim","col_dim","rank","mineigval_correction","tolKKTres","maxOuterIter","maxtime","verbosity","eqconstratio","maskratio","filepath","P","A","x0",
"feasible_region",18,4,8,2,1e-05,8,100000,60,1,0.3,0.5,"nrep18Rowdim4Coldim8Rank2Tol8Eqratio3.0e-01Maskratio5.0e-01",1,0,0,0,0,0,1,0,0.22527,0.27053,0.40929,0.17111,0.42126,0.22215,0.45277,0.32341,0.67361,0.36806,0.66496,0.24251,0.70197,0.22215,0.59399,0.46096,
,,,,,,,,,,,,,1,0,0,0,1,0,0,0,0.31567,0.40293,0.61293,0.2265,0.61819,0.33184,0.64961,0.43687,0.70182,0.40293,0.6617,0.25731,0.73753,0.26023,0.64961,0.46673,
,,,,,,,,,,,,,0,1,1,0,1,0,1,0,0.40234,0.20471,0.27078,0.46059,0.42668,0.15681,0.63171,0.76816,0.50194,0.46216,0.19523,0.22557,0.58256,0.44334,0.73954,0.21281,
,,,,,,,,,,,,,0,0,0,1,0,1,0,1,0.62881,0.55516,0.81194,0.58893,0.94197,0.44777,1.1368,1.0396,0.82528,0.70977,0.40106,0.35892,0.94197,0.65486,1.1368,0.38474,
