"initialpoint","repeat","row_dim","col_dim","rank","mineigval_correction","tolKKTres","maxOuterIter","maxtime","verbosity","eqconstratio","maskratio","filepath","P","A","x0",
"feasible_region",18,5,10,2,1e-05,8,100000,60,1,0.3,0.7,"nrep18Rowdim5Coldim10Rank2Tol8Eqratio3.0e-01Maskratio7.0e-01",1,0,1,0,1,0,1,1,0,0,0.58075,0.59144,0.49617,0.73676,0.49153,0.25353,0.091251,0.73142,0.51967,0.73113,0.44128,0.51921,0.60121,0.73676,0.52445,0.33665,0.30564,0.71856,0.39809,0.73113,
,,,,,,,,,,,,,1,1,0,1,0,0,1,0,1,1,0.44674,0.44446,0.31593,0.5057,0.35706,0.21441,0.064331,0.54864,0.39759,0.47836,0.17725,0.30242,0.31593,0.35246,0.29957,0.20213,0.12313,0.35387,0.16154,0.42299,
,,,,,,,,,,,,,0,1,0,0,0,0,0,0,0,1,0.51186,0.5304,0.49433,0.70233,0.45149,0.20665,0.085514,0.65681,0.4599,0.71732,0.51484,0.3446,0.49433,0.70233,0.36452,0.20665,0.35559,0.65681,0.4599,0.49324,
,,,,,,,,,,,,,0,0,1,0,1,0,1,1,0,0,0.89223,0.86993,0.52,0.90692,0.67759,0.46093,0.11858,1.0721,0.79043,0.81348,0.89223,0.21814,0.5561,0.98892,0.27271,0.087971,0.6148,0.87481,0.79043,0.3326,
,,,,,,,,,,,,,1,1,1,0,0,0,1,1,1,1,0.3824,0.36323,0.16276,0.33288,0.27116,0.21527,0.045461,0.44669,0.3368,0.2718,0.070659,0.44005,0.3793,0.33288,0.42203,0.30828,0.050306,0.36314,0.069952,0.60876,
