"initialpoint","repeat","row_dim","col_dim","rank","mineigval_correction","tolKKTres","maxOuterIter","maxtime","verbosity","eqconstratio","maskratio","filepath","P","A","x0",
"feasible_region",15,5,10,2,1e-05,8,100000,60,1,0.3,0.5,"nrep15Rowdim5Coldim10Rank2Tol8Eqratio3.0e-01Maskratio5.0e-01",1,0,0,1,1,1,1,0,0,0,0.30299,0.64379,0.43715,0.90186,0.32423,0.84223,0.48947,0.49612,1.1058,0.74488,0.3795,0.64425,0.50323,0.82823,0.55633,0.68498,0.43738,0.43136,0.68171,1.1563,
,,,,,,,,,,,,,1,1,1,1,0,0,0,0,0,0,0.54051,0.65336,0.73813,0.80294,0.35692,0.9684,0.67411,0.7914,1.0901,0.51642,0.62794,0.59179,0.0018385,0.24489,0.59368,0.023205,0.60039,0.34266,0.1994,0.80901,
,,,,,,,,,,,,,0,0,1,0,0,0,0,1,0,0,0.16509,0.43704,0.24545,0.6318,0.21525,0.55195,0.30138,0.28663,0.75625,0.54739,0.056441,0.28807,0.41167,0.57948,0.21525,0.55195,0.11504,0.2146,0.47785,0.61967,
,,,,,,,,,,,,,0,1,0,0,0,0,0,1,0,0,0.484,0.7344,0.67354,0.9621,0.38641,1.0283,0.66368,0.7369,1.2423,0.70749,0.1286,0.50543,0.67354,0.9621,0.38641,0.90427,0.22288,0.37085,0.79321,1.0604,
,,,,,,,,,,,,,0,1,0,0,1,0,0,1,1,0,0.29089,0.75959,0.4316,1.0962,0.37458,0.96123,0.52681,0.50306,1.3138,0.94731,0.29089,0.52001,0.4316,0.69699,0.44448,0.58634,0.34207,0.35113,0.57381,0.94731,
