"initialpoint","repeat","row_dim","col_dim","rank","mineigval_correction","tolKKTres","maxOuterIter","maxtime","verbosity","eqconstratio","maskratio","filepath","P","A","x0",
"feasible_region",18,4,8,2,1e-05,8,100000,60,1,0.5,0.5,"nrep18Rowdim4Coldim8Rank2Tol8Eqratio5.0e-01Maskratio5.0e-01",0,0,0,0,0,0,0,0,0.17559,0.29066,0.378,0.76056,0.66921,0.57645,0.88607,0.30842,0.027304,0.4441,0.47104,0.5442,0.32282,0.67541,0.94958,0.40197,
,,,,,,,,,,,,,1,0,0,0,0,0,1,0,0.19826,0.31684,0.55711,0.82577,0.96115,0.84657,0.89284,0.2148,0.020329,0.31684,0.36245,0.45735,0.21591,0.57448,0.80767,0.2148,
,,,,,,,,,,,,,1,1,0,0,0,0,0,0,0.25351,0.41641,0.58291,1.0887,1.0248,0.88809,1.2486,0.40723,0.033139,0.52582,0.58291,0.71029,0.36848,0.88809,1.2486,0.40723,
,,,,,,,,,,,,,0,1,1,0,0,1,1,0,0.082196,0.12818,0.26753,0.3331,0.45616,0.40589,0.33997,0.051612,0.028929,0.53506,0.44429,0.3331,0.45616,0.38147,0.53631,0.8203,
