"initialpoint","repeat","row_dim","col_dim","rank","mineigval_correction","tolKKTres","maxOuterIter","maxtime","verbosity","eqconstratio","maskratio","filepath","P","A","x0",
"feasible_region",13,5,10,2,1e-05,8,100000,60,1,0.5,0.7,"nrep13Rowdim5Coldim10Rank2Tol8Eqratio5.0e-01Maskratio7.0e-01",1,1,0,0,1,0,0,1,0,0,1.073,0.32724,1.1409,1.3506,0.71683,0.8629,0.98867,0.92041,0.30475,0.37946,0.81471,0.40861,1.0165,1.3506,0.65535,0.8629,0.89082,0.89707,0.29561,0.37946,
,,,,,,,,,,,,,1,0,0,1,0,0,0,0,0,0,0.93988,0.25806,1.0051,1.2083,0.6545,0.80691,0.88867,0.89924,0.29034,0.34522,0.79078,0.40184,1.0051,1.2995,0.6545,0.84766,0.88867,0.89924,0.29034,0.34522,
,,,,,,,,,,,,,0,0,0,0,0,0,0,1,0,1,0.86006,0.29112,0.90887,1.0572,0.54779,0.6402,0.76965,0.64402,0.22071,0.29122,0.86006,0.29112,0.57993,1.7312,0.19886,0.6402,0.29709,0.18305,0.22071,1.019,
,,,,,,,,,,,,,0,1,0,1,0,0,1,1,1,1,1.0239,0.36677,1.0781,1.2409,0.63339,0.72615,0.90032,0.70108,0.24625,0.33764,1.0033,0.45378,1.0781,1.7708,0.63339,0.96725,0.87041,0.83562,0.33185,0.68509,
,,,,,,,,,,,,,1,0,0,0,1,0,1,0,0,0,0.7226,0.34163,0.74448,0.80281,0.36998,0.36459,0.56977,0.2254,0.10605,0.2011,0.42561,0.16881,0.37401,0.80281,0.1854,0.36459,0.26054,0.2254,0.12534,0.39514,
