"initialpoint","repeat","row_dim","col_dim","rank","mineigval_correction","tolKKTres","maxOuterIter","maxtime","verbosity","eqconstratio","maskratio","filepath","P","A","x0",
"feasible_region",2,4,8,2,1e-05,8,100000,60,1,0.5,0.3,"nrep2Rowdim4Coldim8Rank2Tol8Eqratio5.0e-01Maskratio3.0e-01",0,1,0,0,0,0,0,0,0.45567,0.54128,1.3075,0.37714,0.79382,0.30323,0.91198,0.95989,0.010668,0.30183,0.0016136,0.37714,0.25352,0.12756,0.91198,0.64853,
,,,,,,,,,,,,,0,0,0,1,1,0,0,0,0.28263,0.30643,0.78313,0.23057,0.4542,0.19653,0.56137,0.61188,0.25762,0.11235,0.26027,0.62616,0.39771,0.69294,0.033667,0.61188,
,,,,,,,,,,,,,0,0,0,0,0,1,0,0,0.38269,0.26597,0.91879,0.29514,0.42093,0.30912,0.73839,0.91247,0.23982,0.26809,0.23725,0.77613,0.50066,0.69947,0.53232,0.91247,
,,,,,,,,,,,,,0,0,1,0,0,0,0,0,0.14607,0.32093,0.55926,0.13777,0.44653,0.054638,0.31385,0.22459,0.23655,0.20515,0.23584,0.69547,0.44653,0.67019,0.3434,0.77569,
