"initialpoint","repeat","row_dim","col_dim","rank","mineigval_correction","tolKKTres","maxOuterIter","maxtime","verbosity","eqconstratio","maskratio","filepath","P","A","x0",
"feasible_region",6,4,8,2,1e-05,8,100000,60,1,0.5,0.7,"nrep6Rowdim4Coldim8Rank2Tol8Eqratio5.0e-01Maskratio7.0e-01",1,1,1,0,0,0,0,1,0.69526,0.61868,0.82701,0.93459,0.62919,0.17253,0.57334,0.46944,0.1663,0.39719,0.70231,0.93459,0.23129,0.17253,0.57334,0.067124,
,,,,,,,,,,,,,1,0,0,1,1,1,0,1,0.79776,0.70487,1.1359,1.2449,0.99531,0.1791,0.67793,0.96265,0.50556,0.40821,0.93121,1.0864,0.81023,0.1281,0.52763,0.1004,
,,,,,,,,,,,,,0,1,0,1,0,0,0,0,0.30591,0.26822,0.51295,0.54878,0.49475,0.060875,0.26826,0.54454,0.30591,0.21347,0.51295,0.58375,0.49475,0.060875,0.26826,0.056398,
,,,,,,,,,,,,,0,0,0,0,0,0,0,0,0.20163,0.17154,0.53349,0.54203,0.61173,0.020414,0.19779,0.80195,0.43964,0.17154,0.53349,0.54203,0.72915,0.020414,0.17989,0.063512,
