"initialpoint","repeat","row_dim","col_dim","rank","mineigval_correction","tolKKTres","maxOuterIter","maxtime","verbosity","eqconstratio","maskratio","filepath","P","A","x0",
"feasible_region",8,4,8,2,1e-05,8,100000,60,1,0.3,0.7,"nrep8Rowdim4Coldim8Rank2Tol8Eqratio3.0e-01Maskratio7.0e-01",1,1,1,0,0,1,1,1,0.62983,0.1581,0.63409,0.55635,0.21697,0.40851,0.56281,0.64438,0.62165,0.45301,0.67371,0.55635,0.3828,0.78633,0.68134,0.29569,
,,,,,,,,,,,,,1,1,0,0,1,0,1,0,0.1283,0.061135,0.41774,0.35148,0.29231,0.34911,0.27706,0.2733,0.1659,0.26149,0.46489,0.064612,0.39694,0.34911,-5.8472e-09,9.6667e-05,
,,,,,,,,,,,,,0,0,0,0,1,0,0,1,0.65722,0.20726,1.0834,0.92862,0.58905,0.8149,0.82467,0.87999,0.65722,0.39825,0.54865,0.63631,0.23554,0.7514,0.82467,0.35783,
,,,,,,,,,,,,,1,1,0,0,0,0,1,1,0.14205,0.10386,0.82332,0.68691,0.63387,0.71898,0.50982,0.48017,0.43073,0.48969,0.82332,0.28062,0.63387,0.71898,0.24471,0.10632,
