"initialpoint","repeat","row_dim","col_dim","rank","mineigval_correction","tolKKTres","maxOuterIter","maxtime","verbosity","eqconstratio","maskratio","filepath","P","A","x0",
"feasible_region",10,5,10,2,1e-05,8,100000,60,1,0.3,0.7,"nrep10Rowdim5Coldim10Rank2Tol8Eqratio3.0e-01Maskratio7.0e-01",1,1,0,0,0,1,1,0,0,0,0.43085,0.5775,0.50313,1.4171,1.2268,0.56209,0.91642,1.7523,0.86358,0.51173,0.50329,0.052336,0.33092,1.4171,0.82771,0.027125,0.0039737,1.7523,0.78689,0.007464,
,,,,,,,,,,,,,0,1,0,0,1,0,1,1,0,0,0.16835,0.25078,0.2293,0.57113,0.4485,0.22997,0.38177,0.66612,0.27145,0.21419,0.20842,0.15938,0.24103,0.55974,0.43591,0.23787,0.19935,0.68067,0.27145,0.27727,
,,,,,,,,,,,,,1,1,0,1,0,1,1,1,0,1,0.2,0.3945,0.39812,0.74547,0.41423,0.31298,0.54459,0.72005,0.068965,0.30916,0.12318,0.32571,0.3173,0.28527,0.41423,0.52161,0.45019,0.32666,0.068965,0.62481,
,,,,,,,,,,,,,0,0,1,1,0,0,1,0,1,1,0.16978,0.31126,0.30721,0.61644,0.38065,0.25595,0.44003,0.62869,0.12057,0.24906,0.16978,0.16762,0.22488,0.44853,0.38065,0.25595,0.21663,0.54213,0.2062,0.30109,
,,,,,,,,,,,,,1,0,0,0,0,0,1,1,0,1,0.38133,0.55808,0.50642,1.2868,1.0281,0.51681,0.85535,1.5162,0.64104,0.47951,0.47496,0.30645,0.50642,1.2868,0.95501,0.44866,0.3728,1.5697,0.64104,0.51884,
