"initialpoint","repeat","row_dim","col_dim","rank","mineigval_correction","tolKKTres","maxOuterIter","maxtime","verbosity","eqconstratio","maskratio","filepath","P","A","x0",
"feasible_region",14,5,10,2,1e-05,8,100000,60,1,0.3,0.3,"nrep14Rowdim5Coldim10Rank2Tol8Eqratio3.0e-01Maskratio3.0e-01",1,0,1,1,1,0,0,0,0,0,0.60716,0.33889,0.45486,0.53298,0.17417,0.75643,0.52003,0.02521,0.65132,0.49273,0.015586,0.043794,0.0045508,0.014807,0.0022937,0.03824,0.013085,0.0061421,0.0066862,-5.1324e-09,
,,,,,,,,,,,,,0,0,0,1,0,0,0,0,0,0,0.4982,0.17324,0.50137,0.40895,0.14707,0.39984,0.25346,0.010095,0.15194,0.1447,0.076812,0.17324,0.020839,0.060663,0.029776,0.39984,0.062787,0.12377,0.119,0.1447,
,,,,,,,,,,,,,0,0,0,0,0,0,0,1,0,0,1.1704,0.61878,0.91892,1.0181,0.3371,1.3855,0.94546,0.045114,1.1297,0.86444,0.11161,0.31295,0.032564,0.10584,0.016714,0.27715,0.093676,0.045446,0.049226,0.0022612,
,,,,,,,,,,,,,0,0,0,0,0,0,0,0,0,1,0.82632,0.48109,0.59475,0.73074,0.23625,1.0713,0.74058,0.036318,0.95893,0.7198,0.015161,0.033673,0.0040937,0.011823,0.0061031,0.081507,0.012372,0.025574,0.024542,0.030332,
,,,,,,,,,,,,,1,1,0,0,0,0,0,1,0,0,0.28661,0.13581,0.24425,0.24505,0.083174,0.30616,0.20555,0.0094591,0.21929,0.17275,0.021933,0.010783,0.004507,0.0061399,0.02528,0.30616,0.016385,0.12027,0.11214,0.17275,
