"initialpoint","repeat","row_dim","col_dim","rank","mineigval_correction","tolKKTres","maxOuterIter","maxtime","verbosity","eqconstratio","maskratio","filepath","P","A","x0",
"feasible_region",7,5,10,2,1e-05,8,100000,60,1,0.5,0.5,"nrep7Rowdim5Coldim10Rank2Tol8Eqratio5.0e-01Maskratio5.0e-01",0,0,1,0,0,0,0,0,0,0,0.33131,0.30995,0.19564,0.7567,0.79902,0.31522,0.56988,0.53284,0.628,0.79629,0.45254,0.26852,0.057036,0.58692,0.6578,0.52759,0.51056,0.53284,0.628,0.79629,
,,,,,,,,,,,,,0,0,0,0,0,1,1,0,0,1,0.56493,0.40746,0.56365,0.95727,1.2327,0.51155,1.0338,0.93638,0.84286,1.1556,0.29408,0.40746,0.039541,0.95727,1.2327,0.51715,0.31889,0.93638,0.67716,1.1236,
,,,,,,,,,,,,,0,0,1,1,0,0,0,0,0,1,0.092951,0.051585,0.12212,0.11498,0.18627,0.080854,0.17802,0.15762,0.10957,0.16433,0.72432,0.17907,0.088626,0.31969,0.18627,0.65688,0.83106,0.2178,0.71562,0.62227,
,,,,,,,,,,,,,1,0,0,0,0,0,0,1,0,1,0.4162,0.2502,0.51027,0.56772,0.85464,0.36616,0.78727,0.70135,0.5268,0.76792,0.33456,0.25265,0.042742,0.56772,0.67343,0.43055,0.37446,0.53105,0.5268,0.72954,
,,,,,,,,,,,,,1,0,0,0,1,0,0,0,0,0,0.43697,0.22307,0.61102,0.48707,0.85483,0.37593,0.84687,0.74545,0.47848,0.74008,0.24719,0.26395,0.032402,0.61049,0.76469,0.37593,0.27239,0.58812,0.47848,0.74008,
