"initialpoint","repeat","row_dim","col_dim","rank","mineigval_correction","tolKKTres","maxOuterIter","maxtime","verbosity","eqconstratio","maskratio","filepath","P","A","x0",
"feasible_region",20,5,10,2,1e-05,8,100000,60,1,0.5,0.7,"nrep20Rowdim5Coldim10Rank2Tol8Eqratio5.0e-01Maskratio7.0e-01",1,0,0,1,0,0,0,1,1,0,0.83978,0.37089,0.42254,0.65838,0.39934,1.0146,0.58954,0.44715,0.97066,0.98156,0.21856,0.22006,0.57575,0.71835,0.47771,1.0146,0.58954,0.60297,0.96555,0.98156,
,,,,,,,,,,,,,0,0,1,0,0,1,0,0,0,0,0.91053,0.50064,0.73783,0.95469,0.6803,1.3287,0.79609,0.77324,1.3016,1.3032,0.89926,0.24507,0.49777,0.49698,0.6803,0.88095,0.79609,0.52829,1.3016,1.3032,
,,,,,,,,,,,,,1,0,1,0,0,0,0,1,0,0,0.98522,0.5124,0.71513,0.96134,0.66251,1.3696,0.81471,0.75085,1.3342,1.339,0.34213,0.30065,0.7771,0.96134,0.66251,1.3696,0.81471,0.8143,1.3342,1.355,
,,,,,,,,,,,,,0,0,0,0,1,0,0,0,0,1,0.60517,0.33996,0.51088,0.65216,0.47027,0.89983,0.5406,0.53505,0.88331,0.88363,0.23513,0.19831,0.51051,0.62973,0.43913,0.89983,0.5394,0.53505,0.88331,0.89679,
,,,,,,,,,,,,,0,0,0,0,1,1,1,1,1,1,0.47663,0.14975,0.067311,0.22513,0.074109,0.43482,0.23783,0.075897,0.39726,0.40974,0.47663,0.060541,0.067311,0.0051916,0.22559,0.12102,0.2508,0.074932,0.40931,0.40342,
