"initialpoint","repeat","row_dim","col_dim","rank","mineigval_correction","tolKKTres","maxOuterIter","maxtime","verbosity","eqconstratio","maskratio","filepath","P","A","x0",
"feasible_region",17,5,10,2,1e-05,8,100000,60,1,0.5,0.3,"nrep17Rowdim5Coldim10Rank2Tol8Eqratio5.0e-01Maskratio3.0e-01",1,0,1,0,0,0,0,0,1,0,0.77545,0.28695,0.8475,1.0159,1.1755,0.79137,0.75514,1.0314,0.8092,0.37174,0.16234,0.13227,0.25515,0.018648,0.023682,0.20268,0.075199,0.16359,0.28381,0.092567,
,,,,,,,,,,,,,1,0,0,0,0,0,0,1,0,0,0.83378,0.21077,0.72109,1.0011,1.0467,0.63475,0.62675,1.0543,0.87013,0.43318,0.51389,0.41075,0.79457,0.086356,0.076298,0.63475,0.27104,0.50729,0.87013,0.28708,
,,,,,,,,,,,,,0,0,0,0,0,0,0,0,0,0,0.1513,0.06174,0.17655,0.20358,0.24214,0.16712,0.15823,0.20446,0.15788,0.070561,0.15608,0.094879,0.192,0.12911,0.028197,0.16712,0.20659,0.11446,0.15788,0.064853,
,,,,,,,,,,,,,0,0,0,0,0,0,0,0,0,0,0.28746,0.25308,0.59951,0.51351,0.76178,0.61769,0.55782,0.46441,0.29988,0.087567,0.28746,0.13211,0.28324,0.38459,0.059101,0.27117,0.55782,0.15427,0.13895,0.087567,
,,,,,,,,,,,,,0,1,0,1,0,0,0,0,0,0,0.82178,0.16135,0.6205,0.94337,0.92855,0.52308,0.52987,1.0132,0.85763,0.44283,0.41054,0.3195,0.6205,0.09877,0.062408,0.49967,0.25251,0.39381,0.66434,0.22288,
