"initialpoint","repeat","row_dim","col_dim","rank","mineigval_correction","tolKKTres","maxOuterIter","maxtime","verbosity","eqconstratio","maskratio","filepath","P","A","x0",
"feasible_region",3,4,8,2,1e-05,8,100000,60,1,0.5,0.7,"nrep3Rowdim4Coldim8Rank2Tol8Eqratio5.0e-01Maskratio7.0e-01",0,1,0,0,1,0,0,0,0.12612,0.51912,0.38959,0.26906,0.58175,0.23787,0.41954,0.35768,0.67865,0.62749,0.38959,0.40184,0.63147,0.0073409,0.02371,0.35768,
,,,,,,,,,,,,,1,1,0,0,0,0,0,0,0.28264,1.3921,0.87901,0.68761,1.5539,0.70206,1.2354,0.9364,0.13081,0.14397,1.1671,0.42652,1.5539,0.70206,1.2354,0.40047,
,,,,,,,,,,,,,1,0,0,0,1,1,0,1,0.23366,1.1525,0.72671,0.56906,1.2864,0.58162,1.0234,0.7751,1.2462,1.1525,0.72671,0.74151,1.1744,0.020741,0.056292,0.66025,
,,,,,,,,,,,,,0,1,0,1,0,0,0,1,0.23253,0.87293,0.71615,0.46493,0.98051,0.37635,0.66483,0.60985,0.23253,0.22729,0.71615,0.32393,0.98051,0.37635,0.66483,0.29945,
