"initialpoint","repeat","row_dim","col_dim","rank","mineigval_correction","tolKKTres","maxOuterIter","maxtime","verbosity","eqconstratio","maskratio","filepath","P","A","x0",
"feasible_region",16,4,8,2,1e-05,8,100000,60,1,0.3,0.3,"nrep16Rowdim4Coldim8Rank2Tol8Eqratio3.0e-01Maskratio3.0e-01",1,0,1,0,0,0,0,0,0.40739,0.20676,0.18742,0.12376,0.58509,0.10894,0.56637,0.055059,0.8252,0.76826,0.2925,0.68636,0.28729,0.78794,0.56637,0.060959,
,,,,,,,,,,,,,0,0,1,0,1,0,0,0,0.84285,0.3699,0.21485,0.54813,0.7617,0.19476,0.80002,0.25063,0.039733,0.16656,0.41314,0.16762,0.00246,0.070429,0.014027,0.10972,
,,,,,,,,,,,,,0,0,0,0,0,0,0,0,0.50262,0.21672,0.11657,0.34639,0.42424,0.11409,0.45224,0.15859,0.77413,0.84376,0.65337,0.77168,0.25871,0.77003,0.51874,0.15859,
,,,,,,,,,,,,,1,0,0,1,1,0,0,0,0.9267,0.40092,0.21896,0.63184,0.79265,0.21107,0.84247,0.28922,0.13438,0.40092,0.89707,0.39823,0.022577,0.19748,0.064043,0.23723,
