,ALM,LQH,LSE,Riemannian_SQP,log10residual
0,0.0,0.0,0.0,3.0195e-05,-3
1,0.0,0.0,0.0,3.0195e-05,-2
2,0.0,0.0,0.0,3.0195e-05,-1
3,0.55734,0.15438,0.31216,0.42445,0
4,2.2595,0.15438,0.59536,1.0687,1
5,2.5268,0.15438,2.2149,1.4795,2
6,3.5806,0.15438,3.5927,1.6849,3
7,5.9694,0.21631,5.5595,2.0865,4
8,8.9287,0.3544,5.5595,2.4819999999999998,5
9,10.7058,0.47506000000000004,6.0713,2.8965,6
10,,,,3.0944,7
11,,,,3.4878,8
