,ALM,LQH,LSE,Riemannian_SQP,dim
0,0.181536,0.4902382113821138,0.010691114058355437,0.03901228868660598,"[4, 8]"
0,0.07284545454545455,0.06149999999999999,0.04508,0.07585246523388116,"[5, 10]"
0,0.08968823529411765,0.5388633928571428,1.1309444444444445,0.13204000000000002,"[6, 12]"
0,0.14085844155844154,0.01032892857142857,0.05711025641025641,0.21146549295774647,"[7, 14]"
