,ALM,LQH,LSE,Riemannian_SQP,dim
0,0.16907013698630136,0.017600840336134453,0.029971174004192875,0.03893374432186891,"[4, 8]"
0,0.15581700507614213,0.01667865264354747,0.023030421216848673,0.07451726708074534,"[5, 10]"
0,0.15757091836734693,0.022316394066184863,0.033776457142857146,0.14064519906323186,"[6, 12]"
0,0.17394336043360434,0.02709944547134935,0.043701846381093055,0.2000249169435216,"[7, 14]"
