,ALM,LQH,LSE,Riemannian_SQP,log10residual
0,0.0,0.0,0.0,0.00010079,-3
1,0.0,0.0,0.0,0.00010079,-2
2,0.0,0.0,0.0,0.00010079,-1
3,1.555,0.0,0.0,0.2956,0
4,3.5297,0.0,0.17226,0.2956,1
5,3.8379,0.0,0.23604,0.2956,2
6,4.077,0.0,0.30934,0.2956,3
7,4.2912,0.0,0.33876,0.2956,4
8,4.5072,0.0,0.36317,0.2956,5
9,4.7029,0.0,0.37626,0.2956,6
10,4.9811,0.079699,0.44732,0.2956,7
11,,0.11582999999999999,0.53463,0.35615,8
12,,55.5728,4.5243,0.35615,9
13,,,,0.46648,10
