,ALM,LQH,LSE,Riemannian_SQP,log10residual
0,0.0,0.0,0.0,3.0503000000000003e-05,-3
1,0.0,0.0,0.0,3.0503000000000003e-05,-2
2,0.0,0.0,0.0,3.0503000000000003e-05,-1
3,2.7618,0.29514,1.9527,0.40283,0
4,,,,1.6024,1
5,,,,2.9519,2
6,,,,4.071000000000001,3
7,,,,5.2099,4
8,,,,6.5341,5
9,,,,7.6528,6
10,,,,8.8287,7
11,,,,10.154,8
12,,,,11.2988,9
13,,,,12.4,10
14,,,,13.8835,11
