,ALM,LQH,LSE,Riemannian_SQP,log10residual
0,0.0,0.0,0.0,3.1755e-05,-3
1,0.0,0.0,0.0,3.1755e-05,-2
2,0.0,0.0,0.0,3.1755e-05,-1
3,1.9867,0.1346,0.23326,,0
4,,0.1346,0.43454,,1
5,,0.1346,1.4306,,2
6,,0.1346,1.8284,,3
7,,0.20576,2.6028,,4
8,,0.36333000000000004,2.6028,,5
9,,0.54883,2.8715,,6
