"initialpoint","repeat","row_dim","col_dim","rank","mineigval_correction","tolKKTres","maxOuterIter","maxtime","verbosity","eqconstratio","maskratio","filepath","P","A","PA","x0",
"feasible_region",1,4,8,2,1e-05,16,100000,60,1,0,0.7,"nrep1Rowdim4Coldim8Rank2Tol16Eqratio0.0e+00Maskratio7.0e-01",1,1,1,1,0,0,1,1,1.0222,0.83131,1.3722,0.5579,1.014,0.43585,0.47212,0.53173,1.0222,0.83131,1.3722,0.5579,0,0,0.47212,0.53173,0.77279,0.99397,0.19449,0.085926,0.68253,0.088691,0.099413,0.27395,
,,,,,,,,,,,,,0,1,1,0,1,0,1,1,0.66895,0.59551,0.91292,0.42607,0.59686,0.22442,0.30252,0.34709,0,0.59551,0.91292,0,0.59686,0,0.30252,0.34709,0.46825,0.65351,0.79907,0.22793,0.63809,0.045321,0.78688,0.14951,
,,,,,,,,,,,,,1,1,1,1,1,1,0,1,0.59777,0.65193,0.85057,0.52262,0.3782,0.059054,0.25535,0.30811,0.59777,0.65193,0.85057,0.52262,0.3782,0.059054,0,0.30811,0.27145,0.40021,0.74724,0.20545,0.46351,0.022762,0.75912,0.079803,
,,,,,,,,,,,,,1,0,1,0,1,0,1,1,0.60792,0.43315,0.79827,0.25925,0.68235,0.33155,0.28844,0.31728,0.60792,0,0.79827,0,0.68235,0,0.28844,0.31728,0.10689,0.20086,0.86949,0.22941,0.37212,0.0018536,0.91253,0.01751,
