"initialpoint","repeat","row_dim","col_dim","rank","mineigval_correction","tolKKTres","maxOuterIter","maxtime","verbosity","eqconstratio","maskratio","filepath","P","A","PA","x0",
"feasible_region",1,4,8,2,1e-05,16,100000,60,1,0.7,0.7,"nrep1Rowdim4Coldim8Rank2Tol16Eqratio7.0e-01Maskratio7.0e-01",1,0,1,1,1,1,0,1,0.078108,0.098025,0.081842,0.087632,0.055601,0.088604,0.13158,0.029089,0.078108,0,0.081842,0.087632,0.055601,0.088604,0,0.029089,0.078108,0.094007,0.092096,0.087632,0.055601,0.088604,0.065406,0.029089,
,,,,,,,,,,,,,1,1,1,1,1,1,1,0,0.25879,0.45746,0.46776,0.82039,0.22629,0.41836,0.33435,0.27586,0.25879,0.45746,0.46776,0.82039,0.22629,0.41836,0.33435,0,0.40661,0.45746,0.43929,0.45718,0.22629,0.41258,0.33435,0.086684,
,,,,,,,,,,,,,1,1,1,0,0,0,1,1,0.21616,0.46018,0.50639,0.99715,0.21377,0.42288,0.21949,0.33603,0.21616,0.46018,0.50639,0,0,0,0.21949,0.33603,0.21616,0.46018,0.50639,0.23632,0.54963,0.55024,0.21949,0.48623,
,,,,,,,,,,,,,0,1,1,0,1,1,0,1,0.57333,0.90025,0.86852,1.3652,0.46543,0.82036,0.82744,0.45799,0,0.90025,0.86852,0,0.46543,0.82036,0,0.45799,0.78813,0.90025,0.86852,0.88574,0.46543,0.82036,0.65067,0.19551,
