"initialpoint","repeat","row_dim","col_dim","rank","mineigval_correction","tolKKTres","maxOuterIter","maxtime","verbosity","eqconstratio","maskratio","filepath","P","A","PA","x0",
"feasible_region",1,5,10,2,1e-05,16,100000,60,1,0.5,0.7,"nrep1Rowdim5Coldim10Rank2Tol16Eqratio5.0e-01Maskratio7.0e-01",1,1,0,1,1,1,1,0,0,0,0.88388,0.60924,0.82418,0.40821,0.58809,1.585,0.9764,0.99025,1.6398,1.1787,0.88388,0.60924,0,0.40821,0.58809,1.585,0.9764,0,0,0,0.55479,0.79271,0.51754,0.40821,0.40598,1.585,0.8911,0.66243,0.88716,0.92693,
,,,,,,,,,,,,,0,0,1,1,1,0,1,1,0,1,0.61543,0.39814,0.46263,0.2526,0.40876,1.0392,0.71093,0.57186,1.0786,0.70875,0,0,0.46263,0.2526,0.40876,0,0.71093,0.57186,0,0.70875,0.51972,0.58918,0.46263,0.31937,0.40876,1.2116,0.71093,0.57186,0.67606,0.70875,
,,,,,,,,,,,,,1,1,1,1,0,1,1,0,1,1,0.30729,0.27031,0.53622,0.21291,0.20607,0.69549,0.26966,0.60831,0.71187,0.6612,0.30729,0.27031,0.53622,0.21291,0,0.69549,0.26966,0,0.71187,0.6612,0.68456,0.27031,0.53622,0.21291,0.63218,0.69549,0.5282,0.59274,0.37949,0.40747,
,,,,,,,,,,,,,1,1,1,0,1,1,1,1,1,0,0.3339,0.24387,0.3699,0.17085,0.22254,0.63263,0.35249,0.436,0.65273,0.50424,0.3339,0.24387,0.3699,0,0.22254,0.63263,0.35249,0.436,0.65273,0,0.3339,0.59466,0.32849,0.29398,0.22254,1.1632,0.63121,0.436,0.65273,0.68016,
,,,,,,,,,,,,,1,1,1,1,0,1,0,1,0,1,0.75925,0.47679,0.50935,0.29418,0.50389,1.2466,0.89424,0.64058,1.2958,0.81256,0.75925,0.47679,0.50935,0.29418,0,1.2466,0,0.64058,0,0.81256,0.66066,0.47679,0.54873,0.29418,0.57008,1.0556,0.68404,0.64058,0.5844,0.61784,
