,ALM,LQH,LSE,Riemannian_SQP,log10residual
0,0.0,0.0,0.0,3.1981e-05,-3
1,0.0,0.0,0.0,3.1981e-05,-2
2,0.0,0.0,0.0,3.1981e-05,-1
3,1.0949,0.2655,0.47553999999999996,0.18288,0
4,1.2256,0.2655,0.47553999999999996,0.35283000000000003,1
5,1.2816,0.2655,1.4003,0.43762,2
6,1.3947,0.53395,2.0374,0.53001,3
7,7.0124,1.7909,2.0374,0.61553,4
8,7.2352,1.9869,2.2184,0.61553,5
9,7.4562,,2.5877,0.71118,6
10,7.4562,,,0.71118,7
11,,,,0.71118,8
12,,,,0.71118,9
13,,,,0.7913100000000001,10
