,ALM,LQH,LSE,Riemannian_SQP,log10residual
0,0.0,0.0,0.0,2.8764e-05,-3
1,0.0,0.0,0.0,2.8764e-05,-2
2,0.0,0.0,0.0,0.15608,-1
3,1.1809,0.20172,1.5788,0.7,0
4,1.5653,0.20172,1.5788,2.2387,1
5,1.5653,0.20172,2.0194,3.7219,2
6,1.6696,0.20172,3.3688,4.2286,3
7,1.6696,0.80275,5.2055,4.3866,4
8,1.6774,15.1913,51.8978,4.5598,5
9,165.4921,,85.8212,12.6537,6
10,,,,12.8252,7
11,,,,12.8252,8
12,,,,12.8252,9
