,ALM,LQH,LSE,Riemannian_SQP,log10residual
0,0.0,0.0,0.0,2.9256e-05,-3
1,0.0,0.0,0.0,2.9256e-05,-2
2,0.0,0.0,0.0,0.20247,-1
3,1.7107,0.19659000000000001,1.7643,0.81653,0
4,2.8867,0.19659000000000001,1.7643,2.2739,1
5,2.8867,0.19659000000000001,8.1562,2.6791,2
6,5.3359,0.19659000000000001,12.3215,3.0708,3
7,7.8308,0.33509,18.6857,3.4834,4
8,46.7802,0.57062,85.2663,4.9219,5
9,,0.92074,,55.5918,6
10,,1.245,,,7
