,ALM,LQH,LSE,Riemannian_SQP,log10residual
0,0.0,0.0,0.0,3.0293000000000003e-05,-3
1,0.0,0.0,0.0,3.0293000000000003e-05,-2
2,0.0,0.0,0.0,3.0293000000000003e-05,-1
3,2.3975,0.0,1.3691,,0
4,6.7025,0.7843,,,1
5,9.9192,0.7843,,,2
6,10.2274,0.89174,,,3
7,10.5003,1.0706,,,4
8,10.7625,1.1892,,,5
9,10.9538,1.3312,,,6
10,11.1362,6.5725,,,7
