,ALM,LQH,LSE,Riemannian_SQP,log10residual
0,0.0,0.0,0.0,3.2155e-05,-3
1,0.0,0.0,0.0,3.2155e-05,-2
2,0.0,0.0,0.0,3.2155e-05,-1
3,3.1764,0.0,2.0858,0.31101999999999996,0
4,8.6772,1.4974,2.0858,1.8779,1
5,17.3766,1.4974,3.1762,3.1430000000000002,2
6,20.822,14.0315,17.3337,3.4491,3
7,38.2268,39.1198,45.0424,3.7527,4
8,,,,4.0606,5
9,,,,4.0606,6
10,,,,4.0606,7
11,,,,4.3706,8
12,,,,80.2084,9
