,ALM,LQH,LSE,Riemannian_SQP,log10residual
0,0.0,0.0,0.0,3.2249e-05,-3
1,0.0,0.0,0.0,3.2249e-05,-2
2,0.0,0.0,0.0,3.2249e-05,-1
3,2.7039999999999997,0.0,0.0,,0
4,5.4064,0.24284,1.5132,,1
