,ALM,LQH,LSE,Riemannian_SQP,log10residual
0,0.0,0.0,0.0,3.0585e-05,-3
1,0.0,0.0,0.0,3.0585e-05,-2
2,0.0,0.0,0.0,3.0585e-05,-1
3,2.7723,0.38021,1.9614,0.557,0
4,5.5564,0.38021,1.9614,2.0102,1
5,7.0587,0.38021,6.0983,6.9913,2
6,9.9186,0.51332,20.4485,8.5133,3
7,14.0139,1.2790000000000001,143.9687,15.1665,4
8,,6.7181,,15.1665,5
9,,,,15.4417,6
10,,,,15.7586,7
11,,,,15.7586,8
12,,,,15.7586,9
