,ALM,LQH,LSE,Riemannian_SQP,log10residual
0,0.0,0.0,0.0,3.0721999999999995e-05,-3
1,0.0,0.0,0.0,3.0721999999999995e-05,-2
2,0.0,0.0,0.0,3.0721999999999995e-05,-1
3,2.9504,0.0,0.0,0.32436,0
4,8.3527,0.80465,2.4044,1.0486,1
5,13.7867,9.6575,12.3075,4.345,2
6,27.9426,24.9574,42.286,4.9772,3
7,36.4356,62.9017,96.4314,6.9862,4
8,44.8635,,,12.4875,5
9,55.1972,,,19.5865,6
10,,,,26.6003,7
11,,,,33.5569,8
12,,,,40.9174,9
