,ALM,LQH,LSE,Riemannian_SQP,log10residual
0,0.0,0.0,0.0,0.00016472,-3
1,0.0,0.0,0.0,0.00016472,-2
2,0.0,0.0,0.0,0.00016472,-1
3,2.1554,0.0,0.0,0.23665,0
4,,0.0,0.2702,0.23665,1
5,,0.0,0.36388000000000004,0.23665,2
6,,0.0,0.43681000000000003,0.23665,3
7,,0.0,0.51439,0.23665,4
8,,0.0,0.56182,0.35051,5
9,,0.0,0.65445,0.4437,6
10,,0.80138,1.3975,12.6681,7
11,,0.91964,,15.9977,8
12,,5.0139,,31.4279,9
