"initialpoint","repeat","row_dim","col_dim","rank","mineigval_correction","tolKKTres","maxOuterIter","maxtime","verbosity","eqconstratio","maskratio","filepath","P","A","PA","x0",
"feasible_region",10,5,10,2,1e-05,6,100000,60,1,0.5,0.3,"nrep10Rowdim5Coldim10Rank2Tol6Eqratio5.0e-01Maskratio3.0e-01",0,1,0,0,0,0,0,0,0,0,0.83626,0.60087,0.82288,0.5279,0.85294,0.53563,0.61659,0.67558,0.50074,0.58454,0,0.60087,0,0,0,0,0,0,0,0,0.57933,0.5307,0.87872,0.9452,0.10356,0.43592,0.66909,0.3254,0.87753,0.81898,
,,,,,,,,,,,,,0,0,1,0,1,1,0,1,0,0,0.56816,0.48679,0.62599,0.48241,0.58065,0.43445,0.30462,0.35649,0.31472,0.50421,0,0,0.62599,0,0.58065,0.43445,0,0.35649,0,0,0.32188,0.25082,0.62599,0.6234,0.062475,0.43445,0.49686,0.42978,0.42937,0.36717,
,,,,,,,,,,,,,0,0,0,1,0,1,1,1,0,0,0.89862,0.68834,0.92058,0.63447,0.91718,0.61388,0.60051,0.6703,0.52424,0.68628,0,0,0,0.63447,0,0.61388,0.60051,0.6703,0,0,0.30217,0.18826,0.7353,0.69051,0.063938,0.61388,0.60051,0.6703,0.34072,0.25053,
,,,,,,,,,,,,,0,1,0,1,0,0,0,0,0,1,1.0465,0.89638,1.1528,0.88819,1.0695,0.80001,0.56138,0.65689,0.57974,0.92839,0,0.89638,0,0.88819,0,0,0,0,0,0.92839,0.59966,0.58976,0.78309,0.88819,0.10267,0.27473,0.57773,0.10824,0.96175,0.92839,
,,,,,,,,,,,,,0,0,1,0,0,0,1,0,1,0,1.0022,0.82024,1.0715,0.79042,1.0236,0.73184,0.59318,0.67891,0.56758,0.83703,0,0,1.0715,0,0,0,0.59318,0,0.56758,0,0.37228,0.34382,0.55594,0.60117,0.066238,0.26795,0.42204,0.19333,0.56758,0.53184,
