"initialpoint","repeat","row_dim","col_dim","rank","mineigval_correction","tolKKTres","maxOuterIter","maxtime","verbosity","eqconstratio","maskratio","filepath","P","A","PA","x0",
"feasible_region",13,5,10,2,1e-05,6,100000,60,1,0.5,0.3,"nrep13Rowdim5Coldim10Rank2Tol6Eqratio5.0e-01Maskratio3.0e-01",0,1,0,0,0,1,0,1,0,0,0.85259,0.58185,0.31456,0.44726,0.9709,0.60978,0.45783,0.35707,0.58347,0.536,0,0.58185,0,0,0,0.60978,0,0.35707,0,0,0.25713,0.58185,0.15035,0.2913,0.44139,0.60978,0.61778,0.35707,0.22329,0.44372,
,,,,,,,,,,,,,0,0,0,0,0,0,1,0,1,0,0.93368,0.60382,0.36899,0.4582,1.0667,0.70333,0.52144,0.41513,0.6106,0.58827,0,0,0,0,0,0,0.52144,0,0.6106,0,0.43577,0.38024,0.083494,0.17256,0.35286,0.55133,0.52144,0.23623,0.6106,0.7286,
,,,,,,,,,,,,,1,0,0,0,1,0,0,0,0,0,0.21651,0.050489,0.15131,0.021459,0.25672,0.25848,0.17476,0.16092,0.065493,0.13987,0.21651,0,0,0,0.25672,0,0,0,0,0,0.41579,0.24021,0.045001,0.099664,0.25672,0.42851,0.39119,0.15075,0.6296,0.69047,
,,,,,,,,,,,,,0,1,0,0,0,1,1,0,0,0,1.2503,0.7027,0.57189,0.5133,1.4396,1.0547,0.76196,0.6324,0.72766,0.79186,0,0.7027,0,0,0,1.0547,0.76196,0,0,0,0.53736,0.93991,0.23615,0.46244,0.74237,1.0547,1.0516,0.57812,0.57244,0.91665,
,,,,,,,,,,,,,1,0,0,1,1,0,1,0,0,1,1.2803,0.88042,0.46751,0.67795,1.4573,0.90864,0.68353,0.53142,0.88185,0.80466,1.2803,0,0,0.67795,1.4573,0,0.68353,0,0,0.80466,0.48777,0.14357,0.013707,0.043652,0.211,0.3927,0.339,0.092675,0.79157,0.80466,
