"initialpoint","repeat","row_dim","col_dim","rank","mineigval_correction","tolKKTres","maxOuterIter","maxtime","verbosity","eqconstratio","maskratio","filepath","P","A","PA","x0",
"feasible_region",6,5,10,2,1e-05,4,100000,60,1,0.5,0.3,"nrep6Rowdim5Coldim10Rank2Tol4Eqratio5.0e-01Maskratio3.0e-01",0,0,0,0,1,0,0,0,0,0,0.30128,0.54911,0.49331,0.73426,0.42725,0.43348,0.75872,0.66263,0.35095,0.7762,0,0,0,0,0.42725,0,0,0,0,0,0.46452,0.35947,0.085036,0.13816,0.42725,0.28814,0.040153,0.67341,0.19686,0.4715,
,,,,,,,,,,,,,1,1,1,0,0,0,0,1,1,0,0.46734,0.99662,0.87228,1.3013,0.78571,0.78726,1.357,1.1891,0.61317,1.3642,0.46734,0.99662,0.87228,0,0,0,0,1.1891,0.61317,0,0.68816,0.2782,0.14597,0.16963,0.51009,0.45415,0.053871,1.1891,0.17285,0.33202,
,,,,,,,,,,,,,0,0,0,0,1,0,0,1,1,0,0.46282,0.60554,0.58191,0.86125,0.45428,0.47719,0.86969,0.75293,0.42612,0.92918,0,0,0,0,0.45428,0,0,0.75293,0.42612,0,0.41201,0.85734,0.0331,0.19672,0.63907,0.1978,0.047498,0.19182,0.42612,1.1941,
,,,,,,,,,,,,,0,1,0,1,1,0,0,0,0,1,0.43211,0.86608,0.76557,1.1411,0.67944,0.68398,1.1858,1.0378,0.54064,1.2001,0,0.86608,0,1.1411,0.67944,0,0,0,0,1.2001,0.47821,0.86608,0.048559,0.21056,0.67944,0.24342,0.052283,0.31979,0.43433,1.2001,
,,,,,,,,,,,,,0,0,0,0,0,1,0,0,0,1,0.72949,0.65978,0.69942,1.0273,0.46587,0.51851,1.0045,0.85869,0.53173,1.1387,0,0,0,0,0,0.51851,0,0,0,1.1387,0.86695,0.85046,0.14459,0.28258,0.88412,0.51851,0.078902,1.1216,0.45127,1.1387,
