"initialpoint","repeat","row_dim","col_dim","rank","mineigval_correction","tolKKTres","maxOuterIter","maxtime","verbosity","eqconstratio","maskratio","filepath","P","A","PA","x0",
"feasible_region",1,5,10,2,1e-05,4,100000,60,1,0.5,0.3,"nrep1Rowdim5Coldim10Rank2Tol4Eqratio5.0e-01Maskratio3.0e-01",0,0,0,0,0,1,0,1,0,0,0.79715,0.77338,1.0811,0.53784,0.96625,1.122,0.80451,0.57136,0.21674,1.1124,0,0,0,0,0,1.122,0,0.57136,0,0,0.54793,0.81337,0.20088,0.84749,0.097276,1.122,0.50655,0.41457,0.23998,0.25491,
,,,,,,,,,,,,,1,1,1,0,0,0,1,1,0,0,0.42522,0.39499,0.53751,0.31394,0.47078,0.54694,0.42074,0.27511,0.11575,0.52199,0.42522,0.39499,0.53751,0,0,0,0.42074,0.27511,0,0,0.23797,0.39499,0.15035,0.54745,0.1648,0.48948,0.42074,0.28397,0.19156,0.33677,
,,,,,,,,,,,,,1,0,0,1,0,0,0,0,0,1,0.96225,0.7825,0.96798,0.88198,0.78215,0.91074,0.89879,0.4344,0.26282,0.72849,0.96225,0,0,0.88198,0,0,0,0,0,0.72849,0.25811,0.49548,0.26447,0.88198,0.37566,0.53446,0.77887,0.47497,0.34808,0.72849,
,,,,,,,,,,,,,0,0,1,0,0,0,1,1,0,0,1.096,0.98569,1.3132,0.85908,1.131,1.3146,1.0689,0.65437,0.29861,1.2137,0,0,1.3132,0,0,0,1.0689,0.65437,0,0,0.36327,0.69169,0.36365,1.2169,0.51206,0.75192,1.0689,0.65437,0.47803,0.99457,
,,,,,,,,,,,,,0,0,0,0,1,0,0,0,0,1,0.63217,0.56105,0.74073,0.50705,0.63333,0.73628,0.61297,0.36478,0.1723,0.66961,0,0,0,0,0.63333,0,0,0,0,0.66961,0.10931,0.27651,0.21281,0.66004,0.35485,0.22987,0.6505,0.36714,0.2869,0.66961,
