"initialpoint","repeat","row_dim","col_dim","rank","mineigval_correction","tolKKTres","maxOuterIter","maxtime","verbosity","eqconstratio","maskratio","filepath","P","A","PA","x0",
"feasible_region",5,5,10,2,1e-05,4,100000,60,1,0.5,0.3,"nrep5Rowdim5Coldim10Rank2Tol4Eqratio5.0e-01Maskratio3.0e-01",0,0,0,0,0,0,1,0,1,0,0.04351,0.26017,0.18613,0.12982,0.17089,0.24229,0.21947,0.31724,0.18516,0.2737,0,0,0,0,0,0,0.21947,0,0.18516,0,0.042729,0.17637,0.24803,0.22562,0.17957,0.19733,0.21947,0.017712,0.18516,0.32241,
,,,,,,,,,,,,,1,0,1,0,1,1,0,0,0,0,0.085455,0.44865,0.3928,0.26096,0.29864,0.44757,0.3563,0.58365,0.30943,0.50248,0.085455,0,0.3928,0,0.29864,0.44757,0,0,0,0,0.03481,0.43634,0.60221,0.59009,0.29864,0.44757,0.5611,0.01854,0.28153,0.81116,
,,,,,,,,,,,,,1,0,0,0,0,0,0,0,1,1,0.047181,0.15576,0.25706,0.15293,0.11031,0.20538,0.086486,0.2641,0.090848,0.2257,0.047181,0,0,0,0,0,0,0,0.090848,0.2257,0.27713,0.14855,0.2478,0.081608,0.64646,0.30442,0.12319,0.1009,0.75643,0.2257,
,,,,,,,,,,,,,0,0,0,0,0,0,0,0,1,1,0.20517,0.99975,0.97694,0.634,0.67106,1.0395,0.76264,1.3523,0.67557,1.1629,0,0,0,0,0,0,0,0,0.67557,1.1629,0.30278,0.65119,0.93919,0.76786,0.96081,0.81172,0.77324,0.1171,1.0448,1.1629,
,,,,,,,,,,,,,1,1,0,0,1,0,0,0,1,0,0.097987,0.49449,0.45913,0.30115,0.33059,0.50416,0.38464,0.65662,0.33745,0.56494,0.097987,0.49449,0,0,0.33059,0,0,0,0.33745,0,0.097987,0.20926,0.30192,0.24644,0.31017,0.26124,0.2483,0.037877,0.33745,0.37355,
