"initialpoint","repeat","row_dim","col_dim","rank","mineigval_correction","tolKKTres","maxOuterIter","maxtime","verbosity","eqconstratio","maskratio","filepath","P","A","PA","x0",
"feasible_region",16,5,10,2,1e-05,6,100000,60,1,0.5,0.3,"nrep16Rowdim5Coldim10Rank2Tol6Eqratio5.0e-01Maskratio3.0e-01",0,0,0,0,0,1,0,1,0,0,0.076748,0.096424,0.077036,0.031766,0.11741,0.12255,0.04432,0.13224,0.13534,0.084018,0,0,0,0,0,0.12255,0,0.13224,0,0,0.45368,0.44567,0.58744,0.15829,0.1456,0.12255,0.53793,0.13224,0.35168,0.62641,
,,,,,,,,,,,,,0,0,0,1,0,1,0,0,0,1,0.26436,0.58472,0.24147,0.18133,0.91112,0.58028,0.35747,0.63338,0.82385,0.34898,0,0,0,0.18133,0,0.58028,0,0,0,0.34898,0.2301,0.40659,0.82772,0.28004,0.14353,0.58028,0.38599,0.27286,0.64543,0.34898,
,,,,,,,,,,,,,0,1,1,1,0,0,0,1,1,0,0.37126,0.59358,0.36063,0.18986,0.82302,0.67243,0.31748,0.72924,0.83472,0.43642,0,0.59358,0.36063,0.18986,0,0,0,0.72924,0.83472,0,0.091326,0.23253,0.53729,0.18986,0.084424,0.43449,0.19779,0.18939,0.44022,0.15083,
,,,,,,,,,,,,,0,1,0,0,1,0,0,0,0,1,0.10324,0.26758,0.090589,0.081984,0.43452,0.25118,0.17141,0.27498,0.37729,0.14554,0,0.26758,0,0,0.43452,0,0,0,0,0.14554,0.08194,0.26758,0.65505,0.23557,0.098498,0.55901,0.21441,0.23712,0.54748,0.14554,
,,,,,,,,,,,,,1,0,0,0,0,0,0,0,1,0,0.4493,0.62093,0.44565,0.20203,0.80058,0.75279,0.30522,0.81393,0.87223,0.50518,0.4493,0,0,0,0,0,0,0,0.87223,0,0.05604,0.37544,1.0126,0.37401,0.14163,0.93453,0.26725,0.38151,0.87223,0.13286,
