"initialpoint","repeat","row_dim","col_dim","rank","mineigval_correction","tolKKTres","maxOuterIter","maxtime","verbosity","eqconstratio","maskratio","filepath","P","A","PA","x0",
"feasible_region",10,5,10,2,1e-05,4,100000,60,1,0.5,0.3,"nrep10Rowdim5Coldim10Rank2Tol4Eqratio5.0e-01Maskratio3.0e-01",0,1,1,1,0,0,1,0,1,0,0.46445,0.59902,0.79387,0.20652,0.15361,0.22367,0.032036,0.3037,0.42855,0.6618,0,0.59902,0.79387,0.20652,0,0,0.032036,0,0.42855,0,0.49443,0.45126,0.82651,0.16246,0.088999,0.23383,0.032036,0.38974,0.37369,0.75233,
,,,,,,,,,,,,,1,0,0,1,1,0,1,0,1,0,0.45526,0.63842,0.82041,0.1665,0.13232,0.20195,0.030047,0.34217,0.4456,0.72355,0.45526,0,0,0.1665,0.13232,0,0.030047,0,0.4456,0,1.0046,0.38407,0.16776,0.1665,0.13232,0.45596,0.81391,0.27924,0.4456,0.86587,
,,,,,,,,,,,,,0,0,1,0,0,0,0,0,0,0,0.463,0.29199,0.53984,0.41989,0.2618,0.32597,0.040004,0.037928,0.27518,0.2141,0,0,0.53984,0,0,0,0,0,0,0,0.60773,0.33314,0.38746,0.13167,0.089225,0.27945,0.3507,0.26591,0.32891,0.64918,
,,,,,,,,,,,,,0,1,1,0,0,0,0,0,1,0,0.54369,0.41415,0.69266,0.44308,0.28205,0.35872,0.045091,0.10639,0.35864,0.35549,0,0.41415,0.69266,0,0,0,0,0,0.35864,0,0.52555,0.41415,0.69266,0.15257,0.088637,0.2462,0.12613,0.35124,0.35864,0.71819,
,,,,,,,,,,,,,0,0,0,0,0,0,0,0,0,1,0.86698,0.66087,1.1049,0.70623,0.44959,0.57187,0.071892,0.17005,0.57213,0.56755,0,0,0,0,0,0,0,0,0,0.56755,0.42766,0.32344,0.52517,0.11999,0.070892,0.19985,0.1217,0.27277,0.28386,0.56755,
