"initialpoint","repeat","row_dim","col_dim","rank","mineigval_correction","tolKKTres","maxOuterIter","maxtime","verbosity","eqconstratio","maskratio","filepath","P","A","PA","x0",
"feasible_region",2,5,10,2,1e-05,6,100000,60,1,0.5,0.3,"nrep2Rowdim5Coldim10Rank2Tol6Eqratio5.0e-01Maskratio3.0e-01",0,0,0,0,1,0,1,0,0,1,0.52082,0.78045,0.28982,0.66144,0.023512,0.54452,0.28206,0.83947,0.62218,0.57915,0,0,0,0,0.023512,0,0.28206,0,0,0.57915,0.045493,0.2231,0.19167,0.057461,0.023512,0.052501,0.28206,0.34445,0.018394,0.1095,
,,,,,,,,,,,,,0,0,0,0,0,0,0,0,1,1,0.22727,0.29991,0.23676,0.30922,0.032588,0.19678,0.22595,0.15011,0.16456,0.057291,0,0,0,0,0,0,0,0,0.16456,0.057291,0.030578,0.11045,0.054775,0.016214,0.016202,0.014801,0.09475,0.13067,0.011501,0.057291,
,,,,,,,,,,,,,1,1,0,1,0,0,1,1,0,1,0.3652,0.52172,0.2725,0.47674,0.030512,0.35617,0.26239,0.45283,0.3691,0.28335,0.3652,0.52172,0,0.47674,0,0,0.26239,0.45283,0,0.28335,0.17769,0.52172,0.093238,0.026124,0.095361,0.02375,0.26239,0.45283,0.064208,0.28335,
,,,,,,,,,,,,,1,1,0,0,0,0,0,0,0,1,0.48157,0.68402,0.37003,0.63064,0.0424,0.4657,0.35598,0.57615,0.47634,0.35468,0.48157,0.68402,0,0,0,0,0,0,0,0.35468,0.23791,0.63871,0.012699,0.0010473,0.12828,0.00077692,0.20772,0.45359,0.084661,0.35468,
,,,,,,,,,,,,,0,0,0,0,1,0,0,0,0,0,0.80427,1.1298,0.65211,1.0596,0.077721,0.76513,0.62635,0.89532,0.76244,0.53186,0,0,0,0,0.077721,0,0,0,0,0,0.021547,0.10059,0.081262,0.024335,0.011187,0.022233,0.1214,0.15018,0.008601,0.049768,
