"iter","cost",
0,-0.048251,
1,-0.66302,
2,-1.0353,
3,-1.0632,
4,-0.84062,
5,-0.80311,
6,-0.79531,
7,-0.7931,
8,-0.79305,
9,-0.79198,
10,-0.79175,
11,-0.7917,
12,-0.79169,
13,-0.79169,
14,-0.79169,
15,-0.79169,
16,-0.79169,
16,-0.79169,
