"iter","cost",
0,0.030301,
1,-1.0441,
2,-0.80118,
3,-0.61516,
4,-0.60737,
5,-0.60038,
6,-0.59916,
7,-0.5982,
8,-0.59818,
9,-0.59817,
10,-0.59819,
11,-0.5982,
12,-0.59827,
13,-0.59843,
14,-0.59859,
15,-0.59877,
16,-0.59868,
17,-0.59868,
18,-0.59868,
18,-0.59868,
