"iter","cost",
0,-0.13069,
1,-1.2627,
2,-0.95885,
3,-0.81113,
4,-0.79194,
5,-0.78701,
6,-0.78633,
7,-0.7862,
8,-0.78618,
9,-0.78617,
10,-0.78617,
11,-0.78617,
11,-0.78617,
