"iter","cost",
0,0.048699,
1,-0.11451,
2,-0.63039,
3,-0.77185,
4,-0.62689,
5,-0.59083,
6,-0.59135,
7,-0.58814,
8,-0.58815,
9,-0.58759,
10,-0.58717,
11,-0.58704,
12,-0.58702,
13,-0.58701,
14,-0.58701,
15,-0.58701,
15,-0.58701,
