,ALM,LQH,LSE,Riemannian_SQP,dim
0,0.009190909090909092,0.007593125000000001,0.013251875000000002,0.054264014466546114,"[4, 8]"
0,0.20496616541353382,0.016887047101449275,1.10925,0.10683345195729536,"[5, 10]"
0,0.010265112943707423,0.00800154702970297,0.04476349924585219,0.17651,"[6, 12]"
0,0.8336972972972974,0.18368529411764706,1.4998799999999999,0.2955245098039216,"[7, 14]"
