"iter","cost","gradnorm","time","stepsize","ls_max_steps_break","dist","qpexitflag","rho","KKT_residual","maxviolation","meanviolation",
0,33.6014,9.1761,6.0413e-05,NaN,NaN,NaN,NaN,1,9.5263,2.1818,1.7596,
1,23.3966,7.6235,0.045369,3.8662e-08,0,3.8692,1,2.3993,7.6347,0.41334,0.20933,
2,17.8713,8.6846,0.054948,0.34868,0,1.9216,1,2.3993,8.7265,0.62469,0.60378,
3,18.6505,1.9341,0.061904,1,0,0.98985,1,2.3993,1.9495,0.23053,0.15638,
4,18.43,0.76917,0.068702,1,0,0.77517,1,2.3993,0.77805,0.095529,0.081687,
5,18.272,0.07601,0.076031,1,0,0.22729,1,2.3993,0.076418,0.0058972,0.0055606,
6,18.267,0.011401,0.082813,1,0,0.030302,1,2.3993,0.011401,8.1251e-05,6.3449e-05,
7,18.2671,0.00089203,0.092693,1,0,0.002542,1,2.3993,0.00089203,1.2793e-06,7.702e-07,
