"initialpoint","repeat","row_dim","col_dim","rank","mineigval_correction","tolKKTres","maxOuterIter","maxtime","verbosity","P","PA","x0",
1,6,12,2,1e-05,16,100000,600,1,1,0,0,1,0,1,0,0,1,0,0,1,-0.23302,0,0,-0.45023,0,-1.0076,0,0,0.85716,0,0,0.32726,1,0,0,0,0,0,0,0,0,0,0,0,
,,,,,,,,,,1,1,0,0,0,0,1,1,0,1,1,1,-0.053454,-1.6996,0,0,0,0,-2.4559,-0.35368,0,-0.90709,1.3191,-0.84632,0,1,0,0,0,0,0,0,0,0,0,0,
,,,,,,,,,,1,1,1,1,1,0,1,0,1,1,1,1,-0.42834,-0.64605,0.24308,-0.57178,-1.0565,0,1.3166,0,1.8715,0.46899,-0.44503,1.3278,0,0,0,0,0,0,0,0,0,0,0,0,
,,,,,,,,,,1,1,0,0,1,0,1,1,1,1,1,0,-0.28184,0.30779,0,0,0.31493,0,2.0524,0.28405,1.4181,0.7457,-0.91507,0,0,0,0,0,0,0,0,0,0,0,0,0,
,,,,,,,,,,1,0,0,0,0,1,1,1,0,0,1,1,0.049104,0,0,0,0,-0.55285,-1.262,-0.17903,0,0,0.63388,-0.58134,0,0,0,0,0,0,0,0,0,0,0,0,
,,,,,,,,,,1,1,0,0,1,1,0,1,1,1,1,1,0.57095,-0.64992,0,0,-0.67437,-0.38735,0,-0.58154,-2.8795,-1.5264,1.8762,-2.7144,0,0,0,0,0,0,0,0,0,0,0,0,
