"initialpoint","repeat","row_dim","col_dim","rank","mineigval_correction","tolKKTres","maxOuterIter","maxtime","verbosity","eqconstratio","maskratio","filepath","P","A","x0",
"feasible_region",2,4,8,2,1e-05,4,100000,60,1,0.5,0.5,"nrep2Rowdim4Coldim8Rank2Tol4Eqratio5.0e-01Maskratio5.0e-01",1,0,0,0,0,1,0,1,0.51868,1.0069,0.65914,0.82117,0.34057,0.74296,0.54714,0.90288,0.086807,0.44107,0.53641,0.29798,0.34057,0.6159,0.54714,0.62545,
,,,,,,,,,,,,,0,0,0,0,0,0,0,0,0.69627,0.5467,0.54004,0.29093,0.3407,0.62092,0.64299,0.7967,0.072801,0.5467,0.61196,0.31616,0.3407,0.98494,0.96179,0.48348,
,,,,,,,,,,,,,1,1,1,1,0,0,0,0,0.62524,0.33815,0.41951,0.10725,0.28384,0.48614,0.56003,0.63661,0.083734,0.28206,0.38595,0.23369,0.28384,0.21417,0.11985,0.63661,
,,,,,,,,,,,,,0,0,0,0,0,1,0,0,0.85968,0.64006,0.65181,0.32398,0.41561,0.75031,0.78992,0.96566,0.12893,0.49707,0.65181,0.38335,0.45661,0.49607,0.36309,0.96566,
