"initialpoint","repeat","row_dim","col_dim","rank","mineigval_correction","tolKKTres","maxOuterIter","maxtime","verbosity","eqconstratio","maskratio","filepath","P","A","x0",
"feasible_region",4,5,10,2,1e-05,4,100000,60,1,0.5,0.5,"nrep4Rowdim5Coldim10Rank2Tol4Eqratio5.0e-01Maskratio5.0e-01",1,0,0,0,0,1,1,0,0,0,0.70373,0.18802,0.39739,1.2866,0.81607,0.69917,0.77663,0.86662,1.1609,1.2755,0.51578,0.19443,0.2731,0.73293,0.81607,0.5178,0.58865,0.45087,0.425,0.74907,
,,,,,,,,,,,,,0,0,1,0,0,0,0,0,0,1,0.87658,0.24998,0.47008,1.3753,0.98534,0.76262,0.67711,0.92086,1.1888,1.3849,0.18416,0.38391,0.38273,0.70335,0.98534,0.76262,0.67711,0.98613,1.1888,1.4071,
,,,,,,,,,,,,,0,0,0,1,0,1,0,0,0,1,0.16051,0.022282,0.12315,0.5901,0.2268,0.30079,0.55596,0.40466,0.60059,0.55711,0.09373,0.19405,0.19357,0.35608,0.49852,0.38566,0.34262,0.49836,0.60059,0.71125,
,,,,,,,,,,,,,0,0,0,0,0,0,0,0,0,0,0.46685,0.12402,0.26474,0.86375,0.54278,0.46869,0.52825,0.58203,0.78171,0.85534,0.77338,0.12402,0.25758,0.86375,0.85402,0.46869,0.63395,0.23656,0.084919,0.5162,
,,,,,,,,,,,,,1,1,0,0,1,0,0,0,1,0,0.36875,0.085596,0.22862,0.86027,0.45313,0.45501,0.64459,0.58395,0.81897,0.83535,0.11778,0.22772,0.22862,0.42481,0.59087,0.45501,0.4066,0.58395,0.70155,0.83535,
