"initialpoint","repeat","row_dim","col_dim","rank","mineigval_correction","tolKKTres","maxOuterIter","maxtime","verbosity","eqconstratio","maskratio","filepath","P","A","x0",
"feasible_region",9,4,8,2,1e-05,4,100000,60,1,0.5,0.5,"nrep9Rowdim4Coldim8Rank2Tol4Eqratio5.0e-01Maskratio5.0e-01",0,0,1,0,1,1,0,0,0.73416,0.43695,0.52721,0.62975,0.64529,0.67861,0.58832,0.32644,0.43957,0.43695,0.35247,0.62975,0.30823,0.472,0.56777,0.44469,
,,,,,,,,,,,,,0,0,0,0,0,0,0,0,0.24715,0.31642,0.40843,0.60912,0.8515,0.62416,0.54349,0.22285,0.8526,1.259,0.024117,0.9602,0.8515,0.78362,0.54349,0.22285,
,,,,,,,,,,,,,1,0,0,0,0,0,1,0,0.31436,0.14702,0.17108,0.17566,0.12618,0.19691,0.17015,0.11304,0.41684,0.14483,0.76618,0.7683,0.12618,0.53396,0.90371,0.84064,
,,,,,,,,,,,,,1,0,1,0,0,1,0,0,0.71059,0.30088,0.34382,0.3233,0.16741,0.37161,0.32045,0.23455,0.23623,0.23768,0.18485,0.33663,0.16741,0.25275,0.30126,0.23455,
