"initialpoint","repeat","row_dim","col_dim","rank","mineigval_correction","tolKKTres","maxOuterIter","maxtime","verbosity","eqconstratio","maskratio","filepath","P","A","x0",
"feasible_region",8,4,8,2,1e-05,4,100000,60,1,0.5,0.5,"nrep8Rowdim4Coldim8Rank2Tol4Eqratio5.0e-01Maskratio5.0e-01",0,0,0,1,1,0,0,0,0.67508,0.29024,0.6768,0.47345,0.66907,0.49326,0.55357,0.38842,0.58023,0.37222,0.58124,0.63533,0.67554,0.49326,0.80413,0.38842,
,,,,,,,,,,,,,0,0,0,1,0,0,0,0,1.1709,0.49676,1.1745,0.82908,1.1719,0.87214,0.91926,0.68572,0.59639,0.43853,1.0748,0.79809,1.1719,0.5214,0.91926,0.44621,
,,,,,,,,,,,,,0,1,0,0,0,1,1,0,0.97414,0.39981,0.97825,0.70565,0.99808,0.75906,0.68207,0.59474,0.11972,0.17738,0.97825,0.39193,0.99808,0.12767,0.33265,0.1646,
,,,,,,,,,,,,,0,1,0,0,0,1,0,0,1.1299,0.508,1.1309,0.76624,1.0818,0.77042,1.0629,0.61015,0.83542,0.47865,0.3482,0.76624,0.48375,0.69546,1.0629,0.51116,
