,ALM,LQH,LSE,Riemannian_SQP,log10residual
0,0.0,0.0,0.0,2.6915999999999998e-05,-3
1,0.0,0.0,0.0,2.6915999999999998e-05,-2
2,0.0,0.0,0.0,2.6915999999999998e-05,-1
3,0.79461,0.0,0.9459200000000001,0.044235000000000003,0
4,0.98969,0.30168,0.9459200000000001,0.08770700000000001,1
5,10.8694,0.30168,1.5571,0.17538,2
6,,0.39423,2.0529,0.17538,3
7,,0.74854,2.3834,0.26082,4
8,,1.364,2.6771,1.3797,5
9,,,,5.8921,6
10,,,,30.7412,7
