,ALM,LQH,LSE,Riemannian_SQP,log10residual
0,0.0,0.0,0.0,2.6935e-05,-3
1,0.0,0.0,0.0,2.6935e-05,-2
2,0.0,0.0,0.0,2.6935e-05,-1
3,0.9263100000000001,0.0,1.1349,0.074475,0
4,1.5725,0.3323,1.1349,0.22233000000000003,1
5,3.1594,0.6661199999999999,1.4593,0.36548,2
6,5.6783,3.5962,3.5711,0.51488,3
7,6.2714,8.3472,21.7761,0.74011,4
8,6.6729,11.8765,,0.9034700000000001,5
9,,,,1.1343,6
10,,,,1.3686,7
11,,,,2.8504,8
