,ALM,LQH,LSE,Riemannian_SQP,log10residual
0,0.0,0.0,0.0,2.7479000000000002e-05,-3
1,0.0,0.0,0.0,2.7479000000000002e-05,-2
2,0.0,0.0,0.0,2.7479000000000002e-05,-1
3,1.2719,0.0,0.64365,0.043295,0
4,2.6177,0.11614000000000001,0.64365,0.12129000000000001,1
5,5.0586,0.11614000000000001,1.0895,0.16014,2
6,7.5919,0.11614000000000001,1.315,0.16014,3
7,11.195,0.16261,1.4055,0.19865,4
8,13.2345,0.4103,1.6719,0.27533,5
9,15.1272,,,0.35204,6
10,15.5862,,,0.42883000000000004,7
11,,,,0.9749399999999999,8
