,ALM,LQH,LSE,Riemannian_SQP,log10residual
0,0.0,0.0,0.0,3.2775e-05,-3
1,0.0,0.0,0.0,3.2775e-05,-2
2,0.0,0.0,0.0,3.2775e-05,-1
3,1.0552,0.0,0.88792,0.054836,0
4,1.1031,0.1424,0.88792,0.43875,1
5,1.178,0.1424,2.1256,0.66197,2
6,1.2471,0.1424,7.9123,0.66197,3
7,3.301,0.16204000000000002,7.9123,0.7046899999999999,4
8,,0.3436,7.9123,0.7492,5
9,,,,0.7492,6
10,,,,0.7912899999999999,7
11,,,,2.2124,8
