,ALM,LQH,LSE,Riemannian_SQP,log10residual
0,0.0,0.0,0.0,2.7862e-05,-3
1,0.0,0.0,0.0,2.7862e-05,-2
2,0.0,0.0,0.0,2.7862e-05,-1
3,0.70196,0.068982,0.90059,0.15159,0
4,0.7722,0.068982,0.90059,0.53979,1
5,0.7722,0.068982,2.3977,0.84296,2
6,0.7722,0.068982,2.7683,0.9134399999999999,3
7,0.84678,0.1039,3.1241,0.9134399999999999,4
8,1.0019,0.21166999999999997,3.3256,0.9861200000000001,5
9,,,,0.9861200000000001,6
10,,,,0.9861200000000001,7
11,,,,2.6901,8
