,ALM,LQH,LSE,Riemannian_SQP,log10residual
0,0.0,0.0,0.0,2.7700999999999998e-05,-3
1,0.0,0.0,0.0,2.7700999999999998e-05,-2
2,0.0,0.0,0.0,2.7700999999999998e-05,-1
3,1.1826,0.0,0.0,0.07572000000000001,0
4,2.0112,0.15353,1.1258,0.22143000000000002,1
5,2.2011,0.15353,6.0732,0.36991999999999997,2
6,3.0151,0.15353,29.8971,0.51617,3
7,3.3711,0.48828999999999995,43.3443,0.5987899999999999,4
8,3.9299,1.2437,,0.5987899999999999,5
9,,1.6594,,0.5987899999999999,6
10,,,,3.9810000000000003,7
11,,,,14.0028,8
