,ALM,LQH,LSE,Riemannian_SQP,log10residual
0,0.0,0.0,0.0,2.7556999999999997e-05,-3
1,0.0,0.0,0.0,2.7556999999999997e-05,-2
2,0.0,0.0,0.0,2.7556999999999997e-05,-1
3,1.0462,0.13846,0.15713,0.080476,0
4,1.8669,0.13846,0.15713,0.38054,1
5,4.2939,0.13846,1.1513,0.4552,2
6,5.0053,0.13846,3.9505,5.2983,3
7,6.1427,0.21998,9.9325,5.3767,4
8,17.3517,0.39092,,5.4532,5
9,,,,5.5249,6
10,,,,5.6016,7
11,,,,5.6771,8
