,ALM,LQH,LSE,Riemannian_SQP,log10residual
0,0.0,0.0,0.0,2.7525e-05,-3
1,0.0,0.0,0.0,2.7525e-05,-2
2,0.0,0.0,0.0,2.7525e-05,-1
3,0.91601,0.055926,0.22548,0.046817000000000004,0
4,0.96259,0.055926,0.22548,0.71539,1
5,1.6504,0.4677,0.69718,1.5766,2
6,1.8767,2.6405,3.0598,2.3923,3
7,14.5756,2.6405,3.0598,3.1615,4
8,,2.6931,3.0745,3.9193,5
9,,,3.2692,4.649,6
10,,,,5.415,7
11,,,,6.1929,8
