,ALM,LQH,LSE,Riemannian_SQP,log10residual
0,0.0,0.0,0.0,3.0025e-05,-3
1,0.0,0.0,0.0,3.0025e-05,-2
2,0.0,0.0,0.0,3.0025e-05,-1
3,0.95381,0.20445,0.21186999999999998,0.0845,0
4,2.3437,0.20445,0.21186999999999998,0.24741,1
5,,0.20445,0.56726,0.40793,2
6,,0.23359000000000002,1.1381,1.0431,3
7,,0.48955,1.3671,1.0431,4
8,,0.62972,1.9857,1.1258,5
9,,,,1.1258,6
10,,,,1.2081,7
11,,,,1.2081,8
12,,,,1.2081,9
13,,,,1.2081,10
