,ALM,LQH,LSE,Riemannian_SQP,log10residual
0,0.0,0.0,0.0,3.7229e-05,-3
1,0.0,0.0,0.0,3.7229e-05,-2
2,0.0,0.0,0.0,3.7229e-05,-1
3,0.76267,0.0,1.0621,0.083131,0
4,0.86926,0.067321,1.0621,2.1294,1
5,0.86926,0.067321,1.7546,2.6072,2
6,1.2368,0.46918000000000004,1.8938,2.6867,3
7,1.4425,0.50954,9.0002,2.6867,4
8,1.6439,0.62932,9.0193,2.9264,5
9,,,9.6132,2.9264,6
10,,,,3.0039999999999996,7
11,,,,6.7536,8
