,ALM,LQH,LSE,Riemannian_SQP,log10residual
0,0.0,0.0,0.0,2.6109e-05,-3
1,0.0,0.0,0.0,2.6109e-05,-2
2,0.0,0.0,0.0,2.6109e-05,-1
3,0.94506,0.0,0.81971,0.046408,0
4,0.97609,0.044693000000000004,0.81971,0.28952,1
5,0.97609,0.044693000000000004,0.9412299999999999,0.7801899999999999,2
6,0.97609,0.044693000000000004,1.0338,3.1828,3
7,1.0202,0.058668,1.1063,3.3109,4
8,1.1184,0.12685,1.2756,3.3522,5
9,1.2131,2.7897,,3.3522,6
10,,,,3.5906,7
11,,,,5.3522,8
