,ALM,LQH,LSE,Riemannian_SQP,log10residual
0,0.0,0.0,0.0,2.6708000000000002e-05,-3
1,0.0,0.0,0.0,2.6708000000000002e-05,-2
2,0.0,0.0,0.0,2.6708000000000002e-05,-1
3,1.0599,0.0,0.0,0.045398,0
4,2.3169,0.08229299999999999,0.73665,0.18495999999999999,1
5,3.0965,0.08229299999999999,2.2332,0.35404,2
6,3.3315,0.08229299999999999,2.7371,0.35404,3
7,,0.15535,2.865,0.43816000000000005,4
8,,0.31411999999999995,3.2175,0.51994,5
9,,,,0.60517,6
10,,,,0.69477,7
11,,,,0.8211,8
