,ALM,LQH,LSE,Riemannian_SQP,log10residual
0,0.0,0.0,0.0,2.637e-05,-3
1,0.0,0.0,0.0,2.637e-05,-2
2,0.0,0.0,0.0,2.637e-05,-1
3,1.2467,0.0,0.97111,0.076303,0
4,1.3607,0.10172,0.97111,1.6212,1
5,1.3607,0.10172,1.4568,2.4627,2
6,1.3791,0.10172,1.5658,2.546,3
7,1.4696,0.22959000000000002,1.7085,2.546,4
8,1.6447,0.4229,2.0889,2.6189,5
9,,,,2.6189,6
10,,,,2.6189,7
11,,,,2.7015,8
12,,,,2.7015,9
13,,,,2.7015,10
