,ALM,LQH,LSE,Riemannian_SQP,log10residual
0,0.0,0.0,0.0,2.9242e-05,-3
1,0.0,0.0,0.0,2.9242e-05,-2
2,0.0,0.0,0.0,2.9242e-05,-1
3,1.3848,0.46358,1.1223,0.16873,0
4,2.4548,0.46358,1.1223,0.54691,1
5,3.0841,0.46358,1.9527,0.61924,2
6,3.1083,0.46358,9.5422,0.69528,3
7,3.1283,0.66915,27.7469,0.7680600000000001,4
8,,0.97083,,0.8412200000000001,5
9,,,,0.8412200000000001,6
10,,,,0.91527,7
11,,,,0.91527,8
12,,,,0.91527,9
