,ALM,LQH,LSE,Riemannian_SQP,log10residual
0,0.0,0.0,0.0,2.8251999999999996e-05,-3
1,0.0,0.0,0.0,2.8251999999999996e-05,-2
2,0.0,0.0,0.0,2.8251999999999996e-05,-1
3,1.6778,0.32436,1.0328,0.079613,0
4,1.9482,0.32436,1.0328,0.46558999999999995,1
5,4.4444,0.32436,1.7479,0.54951,2
6,4.6092,0.4328,2.9981,5.7936,3
7,5.0077,2.5293,19.268,8.758,4
8,11.2561,7.9504,,8.8298,5
9,,,,8.8298,6
10,,,,8.91,7
11,,,,8.91,8
