,ALM,LQH,LSE,Riemannian_SQP,log10residual
0,0.0,0.0,0.0,2.6501e-05,-3
1,0.0,0.0,0.0,2.6501e-05,-2
2,0.0,0.0,0.0,2.6501e-05,-1
3,1.8325,0.0,1.0290000000000001,0.071271,0
4,2.7236,0.17147,1.0290000000000001,0.212,1
5,3.7152,0.17147,5.5312,0.80886,2
6,4.6389,0.17147,28.6154,1.6286,3
7,9.2582,0.23738,41.3203,2.6452,4
8,,0.39016999999999996,,5.5365,5
9,,,,25.5111,6
