,ALM,LQH,LSE,Riemannian_SQP,log10residual
0,0.0,0.0,0.0,2.6866e-05,-3
1,0.0,0.0,0.0,2.6866e-05,-2
2,0.0,0.0,0.0,2.6866e-05,-1
3,0.3235,0.1741,0.15964,0.087372,0
4,0.39583,0.1741,0.15964,0.21566999999999997,1
5,2.748,0.1741,2.2591,1.1353,2
6,3.5467,0.4236,19.9575,1.1353,3
7,,0.56395,22.4522,1.1772,4
8,,1.0515,,1.2187,5
9,,1.7944,,1.2187,6
10,,,,1.2187,7
11,,,,1.2597,8
12,,,,1.2597,9
13,,,,1.2597,10
