,ALM,LQH,LSE,Riemannian_SQP,log10residual
0,0.0,0.0,0.0,2.9505e-05,-3
1,0.0,0.0,0.0,2.9505e-05,-2
2,0.0,0.0,0.0,2.9505e-05,-1
3,0.75064,0.0,0.0,0.082026,0
4,0.8321299999999999,0.03695,1.0824,0.33348,1
5,0.8321299999999999,0.03695,1.0824,0.6793399999999999,2
6,0.8321299999999999,0.03695,1.2103,0.6793399999999999,3
7,0.91265,0.067652,1.3706,0.7516,4
8,1.0343,0.12337000000000001,1.6716,0.7516,5
9,,,,0.7516,6
10,,,,0.7516,7
11,,,,0.8237700000000001,8
