,ALM,LQH,LSE,Riemannian_SQP,log10residual
0,0.0,0.0,0.0,2.7115e-05,-3
1,0.0,0.0,0.0,2.7115e-05,-2
2,0.0,0.0,0.0,2.7115e-05,-1
3,0.75252,0.0,0.96298,0.041291,0
4,0.7757,0.75213,0.96298,0.14205,1
5,0.9131600000000001,0.75213,2.0821,0.18608,2
6,3.1969,1.6252,3.7522,0.49172,3
7,,17.0794,15.6645,0.61442,4
8,,,,0.9878100000000001,5
9,,,,7.4034,6
