,ALM,LQH,LSE,Riemannian_SQP,log10residual
0,0.0,0.0,0.0,2.7785e-05,-3
1,0.0,0.0,0.0,2.7785e-05,-2
2,0.0,0.0,0.0,2.7785e-05,-1
3,1.5344,0.14259000000000002,0.92161,,0
4,6.7578,0.14259000000000002,2.0375,,1
5,13.6419,0.14259000000000002,,,2
6,,0.14259000000000002,,,3
7,,0.22084,,,4
8,,1.1159999999999999,,,5
