,ALM,LQH,LSE,Riemannian_SQP,log10residual
0,0.0,0.0,0.0,2.7192e-05,-3
1,0.0,0.0,0.0,2.7192e-05,-2
2,0.0,0.0,0.0,2.7192e-05,-1
3,0.93455,0.12195999999999999,0.9555100000000001,0.080987,0
4,1.2472,0.12195999999999999,0.9555100000000001,1.4279,1
5,1.2472,0.12195999999999999,1.3184,1.5069,2
6,1.2472,0.12958,1.3814,1.5069,3
7,1.4094,0.20976,1.6288,1.5921,4
8,1.5377,0.4258,1.7527,1.5921,5
9,,,,1.6732,6
10,,,,1.8298,7
11,,,,3.4629,8
