,ALM,LQH,LSE,Riemannian_SQP,log10residual
0,0.0,0.0,0.0,2.7976999999999997e-05,-3
1,0.0,0.0,0.0,2.7976999999999997e-05,-2
2,0.0,0.0,0.0,2.7976999999999997e-05,-1
3,0.45829,0.03027,0.78892,0.5858399999999999,0
4,0.49008,0.03027,0.78892,1.0641,1
5,0.49008,0.03027,0.78892,1.4563,2
6,0.49008,0.03027,0.83073,1.4974,3
7,0.5162,0.10198,0.87511,1.5384,4
8,0.59435,0.21506999999999998,1.091,1.5384,5
9,,0.5274,5.7819,1.5384,6
10,,,,1.5384,7
11,,,,2.3994,8
