,ALM,LQH,LSE,Riemannian_SQP,log10residual
0,0.0,0.0,0.0,2.7009000000000002e-05,-3
1,0.0,0.0,0.0,2.7009000000000002e-05,-2
2,0.0,0.0,0.0,2.7009000000000002e-05,-1
3,0.45153999999999994,0.89891,1.0878,0.080532,0
4,2.1589,0.89891,1.0878,0.22981,1
5,3.7496,1.2535,1.5993,0.5251399999999999,2
6,8.1402,20.3107,23.9553,1.4498,3
7,20.5576,20.7938,24.6401,6.907,4
8,23.5798,,,8.9983,5
9,,,,35.9847,6
