,ALM,LQH,LSE,Riemannian_SQP,log10residual
0,0.0,0.0,0.0,2.6966999999999998e-05,-3
1,0.0,0.0,0.0,2.6966999999999998e-05,-2
2,0.0,0.0,0.0,2.6966999999999998e-05,-1
3,0.86114,0.07144099999999999,0.97141,0.24319000000000002,0
4,1.1381,0.07144099999999999,0.97141,1.3037,1
5,1.1875,0.07144099999999999,3.3379,1.4475,2
6,1.1875,0.07144099999999999,6.9139,1.4475,3
7,1.2357,0.12287999999999999,6.984,1.5302,4
8,1.3528,0.22271,7.2031,1.5302,5
9,,0.33914,,1.609,6
10,,,,1.9917,7
11,,,,3.2145,8
