,ALM,LQH,LSE,Riemannian_SQP,log10residual
0,0.0,0.0,0.0,2.7170999999999998e-05,-3
1,0.0,0.0,0.0,2.7170999999999998e-05,-2
2,0.0,0.0,0.0,2.7170999999999998e-05,-1
3,1.4374,0.22118000000000002,0.77518,2.5272,0
4,2.8379,0.22118000000000002,0.77518,5.1116,1
5,4.9899,0.22118000000000002,3.2845,5.3605,2
6,,0.25821,19.4541,5.3979,3
7,,0.65146,19.6558,5.4805,4
8,,0.72958,19.6558,5.5675,5
9,,41.6674,,5.6154,6
10,,,,5.7072,7
11,,,,5.8026,8
