,ALM,LQH,LSE,Riemannian_SQP,log10residual
0,0.0,0.0,0.0,2.7199e-05,-3
1,0.0,0.0,0.0,2.7199e-05,-2
2,0.0,0.0,0.0,2.7199e-05,-1
3,0.84649,0.0,0.0,0.07271799999999999,0
4,0.9082,0.087599,1.0477,0.92691,1
5,0.9082,0.087599,1.0477,3.5561,2
6,0.9082,0.087599,1.1285,3.628,3
7,0.9082,0.14312,1.3032,3.6995,4
8,1.0092,0.25377,1.6198,3.7708,5
9,,,,4.1324,6
10,,,,5.2205,7
11,,,,8.4245,8
