,ALM,LQH,LSE,Riemannian_SQP,log10residual
0,0.0,0.0,0.0,2.7005e-05,-3
1,0.0,0.0,0.0,2.7005e-05,-2
2,0.0,0.0,0.0,2.7005e-05,-1
3,1.4275,0.26287,0.23973000000000003,0.07451,0
4,2.8039,0.26287,0.23973000000000003,0.44643999999999995,1
5,3.8655,0.26287,0.54925,0.5938899999999999,2
6,5.6837,0.26287,0.8963700000000001,0.66784,3
7,5.7925,0.32333,1.0397,0.66784,4
8,5.8364,0.49964,1.2957,0.66784,5
9,5.8963,,1.5733,0.7424,6
10,,,,0.7424,7
11,,,,0.7424,8
