,ALM,LQH,LSE,Riemannian_SQP,log10residual
0,0.0,0.0,0.0,2.6278e-05,-3
1,0.0,0.0,0.0,2.6278e-05,-2
2,0.0,0.0,0.0,2.6278e-05,-1
3,0.59482,0.0,0.8262299999999999,0.0462,0
4,0.65117,0.032549,0.8262299999999999,0.40796,1
5,0.65117,0.032549,0.855,0.53475,2
6,0.65117,0.032549,0.90197,0.57555,3
7,0.6965,0.062563,0.9577,0.57555,4
8,0.8712200000000001,0.14678,1.0598,0.57555,5
9,0.92369,,1.1583,0.57555,6
10,,,1.6686,0.61678,7
11,,,,0.61678,8
