,ALM,LQH,LSE,Riemannian_SQP,log10residual
0,0.0,0.0,0.0,2.7061e-05,-3
1,0.0,0.0,0.0,2.7061e-05,-2
2,0.0,0.0,0.0,2.7061e-05,-1
3,1.173,0.17087,0.7316600000000001,0.041432,0
4,2.1785,0.17087,0.7316600000000001,0.08179,1
5,3.9017,0.17087,0.94889,0.12224000000000002,2
6,3.9892,0.17087,1.5072,0.16249,3
7,4.1587,0.29516,1.7816,0.20257999999999998,4
8,4.2426,0.5608,1.9938,0.20257999999999998,5
9,4.3639,,,0.24565,6
10,,,,0.24565,7
11,,,,0.24565,8
12,,,,0.24565,9
