,ALM,LQH,LSE,Riemannian_SQP,log10residual
0,0.0,0.0,0.0,2.7476e-05,-3
1,0.0,0.0,0.0,2.7476e-05,-2
2,0.0,0.0,0.0,2.7476e-05,-1
3,1.874,0.16111,0.16776,0.1567,0
4,3.2962,0.16111,0.16776,0.37624,1
5,4.6388,0.16111,0.7540399999999999,0.45174,2
6,4.6695,0.16111,1.1309,0.45174,3
7,4.7481,0.22349000000000002,1.3352,0.52596,4
8,15.8944,0.42928,1.4189,0.52596,5
9,,,1.6772,0.52596,6
10,,,,0.61051,7
11,,,,0.61051,8
12,,,,0.61051,9
