,ALM,LQH,LSE,Riemannian_SQP,log10residual
0,0.0,0.0,0.0,2.6991e-05,-3
1,0.0,0.0,0.0,2.6991e-05,-2
2,0.0,0.0,0.0,2.6991e-05,-1
3,0.60509,0.0,0.59446,0.044614999999999995,0
4,0.6504,0.31708000000000003,0.59446,0.12189000000000001,1
5,0.70218,0.31708000000000003,0.83,0.24316999999999997,2
6,0.70218,0.31708000000000003,1.2408,0.28056,3
7,0.74773,0.35625,1.8211,0.31874,4
8,0.84891,1.0112,1.9266,0.31874,5
9,1.1326,45.5882,,0.35665,6
10,,,,0.66062,7
11,,,,2.1378,8
