,ALM,LQH,LSE,Riemannian_SQP,log10residual
0,0.0,0.0,0.0,2.8020999999999998e-05,-3
1,0.0,0.0,0.0,2.8020999999999998e-05,-2
2,0.0,0.0,0.0,2.8020999999999998e-05,-1
3,0.27945,0.33239,1.0344,0.16623,0
4,0.35045,0.33239,1.0344,0.40376,1
5,0.39988,0.33239,1.5575,0.79907,2
6,0.50008,0.33239,5.6932,1.0274,3
7,0.541,0.44861999999999996,22.0301,1.4135,4
8,0.57807,0.56898,,2.1246,5
9,0.67261,,,9.1141,6
10,0.76967,,,,7
