,ALM,LQH,LSE,Riemannian_SQP,log10residual
0,0.0,0.0,0.0,2.6845e-05,-3
1,0.0,0.0,0.0,2.6845e-05,-2
2,0.0,0.0,0.0,2.6845e-05,-1
3,0.9915,0.74156,0.9249799999999999,0.23526,0
4,2.471,1.433,3.1498,0.44338999999999995,1
5,5.801,,,0.65562,2
6,26.6307,,,0.7993399999999999,3
7,,,,0.9425100000000001,4
8,,,,1.1777,5
9,,,,1.3312,6
10,,,,1.5699,7
11,,,,1.7243,8
