,ALM,LQH,LSE,Riemannian_SQP,log10residual
0,0.0,0.0,0.0,2.6925e-05,-3
1,0.0,0.0,0.0,2.6925e-05,-2
2,0.0,0.0,0.0,2.6925e-05,-1
3,1.8321,0.1251,0.33391,0.15139,0
4,3.6885,0.1251,0.33391,0.37699,1
5,8.583,0.1251,0.5120399999999999,0.59926,2
6,11.2707,0.1251,0.70193,1.1329,3
7,12.0238,0.53704,20.417,1.2051,4
8,12.1003,0.69034,,1.28,5
9,12.4167,,,1.3571,6
10,,,,1.3571,7
11,,,,1.3571,8
12,,,,1.3571,9
