,ALM,LQH,LSE,Riemannian_SQP,log10residual
0,0.0,0.0,0.0,2.8984000000000002e-05,-3
1,0.0,0.0,0.0,2.8984000000000002e-05,-2
2,0.0,0.0,0.0,2.8984000000000002e-05,-1
3,0.9792700000000001,0.0,0.0,0.056147,0
4,1.0121,0.055896,0.85341,0.50316,1
5,1.0121,0.055896,1.7301,0.6378699999999999,2
6,1.0121,0.055896,1.8565,0.7265199999999999,3
7,1.0322,0.16685,1.9758,0.81614,4
8,1.1204,0.379,2.0771,0.81614,5
9,,,,0.81614,6
10,,,,0.8595299999999999,7
11,,,,3.3345,8
