,ALM,LQH,LSE,Riemannian_SQP,log10residual
0,0.0,0.0,0.0,2.7788000000000002e-05,-3
1,0.0,0.0,0.0,2.7788000000000002e-05,-2
2,0.0,0.0,0.0,2.7788000000000002e-05,-1
3,0.78335,0.081811,1.0452,0.089629,0
4,0.8443,0.081811,1.0452,1.3721,1
5,0.8443,0.081811,1.4983,1.9458,2
6,0.8443,0.089909,1.9654,4.0223,3
7,0.89751,0.9954799999999999,3.1527,4.0223,4
8,1.0433,1.1245,3.302,4.1006,5
9,,,,4.1776,6
10,,,,4.1776,7
11,,,,4.1776,8
