,ALM,LQH,LSE,Riemannian_SQP,log10residual
0,0.0,0.0,0.0,2.7951e-05,-3
1,0.0,0.0,0.0,2.7951e-05,-2
2,0.0,0.0,0.0,2.7951e-05,-1
3,1.1634,0.0,0.5077699999999999,0.07643,0
4,1.2194,0.47303999999999996,0.5077699999999999,0.4535,1
5,1.2194,0.47303999999999996,0.62058,0.59806,2
6,1.8995,0.47303999999999996,0.8920899999999999,0.67015,3
7,1.9402,0.56483,1.0988,0.73968,4
8,,0.83993,1.4047,0.73968,5
9,,30.2834,,0.73968,6
10,,,,0.8224100000000001,7
11,,,,0.8224100000000001,8
12,,,,0.8224100000000001,9
