,ALM,LQH,LSE,Riemannian_SQP,log10residual
0,0.0,0.0,0.0,2.6245e-05,-3
1,0.0,0.0,0.0,2.6245e-05,-2
2,0.0,0.0,0.0,2.6245e-05,-1
3,0.1248,0.039037,0.73237,0.15007,0
4,0.1248,0.039037,0.73237,0.42713,1
5,0.1248,0.039037,0.73237,0.65273,2
6,0.1248,0.039037,0.7843,0.69322,3
7,0.1484,0.083319,0.8748,0.73422,4
8,0.20995999999999998,0.16067,0.9051899999999999,0.73422,5
9,0.34265999999999996,0.31335,1.081,0.73422,6
10,,1.5889,38.9076,0.73422,7
11,,,,0.77476,8
12,,,,0.77476,9
