,ALM,LQH,LSE,Riemannian_SQP,log10residual
0,0.0,0.0,0.0,2.6979e-05,-3
1,0.0,0.0,0.0,2.6979e-05,-2
2,0.0,0.0,0.0,2.6979e-05,-1
3,0.87929,0.0,0.0,0.040813,0
4,0.9219799999999999,0.071781,0.94032,0.20121,1
5,0.9219799999999999,0.071781,1.162,0.27783,2
6,1.0613,0.071781,1.2888,0.31885,3
7,1.0758,0.30559000000000003,1.4781,0.366,4
8,1.1543,0.39839,1.6472,0.366,5
9,,,,0.366,6
10,,,,0.40552,7
11,,,,0.40552,8
