,ALM,LQH,LSE,Riemannian_SQP,log10residual
0,0.0,0.0,0.0,2.7359e-05,-3
1,0.0,0.0,0.0,2.7359e-05,-2
2,0.0,0.0,0.0,2.7359e-05,-1
3,1.21,0.0,0.31935,0.045197,0
4,2.3213,0.29875,0.31935,0.31135,1
5,3.6186,0.29875,0.52476,0.35536,2
6,4.3848,0.5226,0.75046,0.35536,3
7,4.7119,0.55721,0.92679,0.40207,4
8,4.7648,0.82934,1.1386,0.40207,5
9,5.2919,,9.7933,1.4837,6
10,,,,2.1154,7
11,,,,4.2727,8
