,ALM,LQH,LSE,Riemannian_SQP,log10residual
0,0.0,0.0,0.0,2.5926e-05,-3
1,0.0,0.0,0.0,2.5926e-05,-2
2,0.0,0.0,0.0,2.5926e-05,-1
3,1.3264,0.0,0.0,0.043741,0
4,1.9348,0.053652,0.9874799999999999,0.21174,1
5,2.1774,0.053652,1.0918,0.29061,2
6,2.1774,0.053652,1.1686,0.6924399999999999,3
7,2.2749,0.092198,1.3169,1.0129,4
8,2.4135,0.9995,13.8144,3.7657,5
9,,,,3.9212,6
10,,,,4.2598,7
11,,,,5.305,8
