,ALM,LQH,LSE,Riemannian_SQP,log10residual
0,0.0,0.0,0.0,2.6150999999999997e-05,-3
1,0.0,0.0,0.0,2.6150999999999997e-05,-2
2,0.0,0.0,0.0,2.6150999999999997e-05,-1
3,1.2104,0.042121,0.9464600000000001,0.15963,0
4,1.7759,0.042121,0.9464600000000001,0.9187700000000001,1
5,1.8619999999999999,0.042121,2.1143,1.3629,2
6,1.8619999999999999,0.042121,2.3546,1.431,3
7,1.9677,0.14207999999999998,2.7828,1.431,4
8,2.3548,0.26768000000000003,12.0413,1.431,5
9,,,,2.3359,6
