,ALM,LQH,LSE,Riemannian_SQP,log10residual
0,0.0,0.0,0.0,2.6232e-05,-3
1,0.0,0.0,0.0,2.6232e-05,-2
2,0.0,0.0,0.0,2.6232e-05,-1
3,0.62638,0.046438,0.7896,0.041025,0
4,2.425,0.046438,0.7896,0.15871,1
5,2.425,0.046438,1.2969,0.19968,2
6,2.4506,0.2103,1.5396,0.28300000000000003,3
7,2.512,0.25627,1.7553,3.3395,4
8,,0.55982,4.5514,3.3807,5
9,,,,3.3807,6
