,ALM,LQH,LSE,Riemannian_SQP,log10residual
0,0.0,0.0,0.0,2.7451999999999997e-05,-3
1,0.0,0.0,0.0,2.7451999999999997e-05,-2
2,0.0,0.0,0.0,2.7451999999999997e-05,-1
3,1.3542,0.0,0.94563,0.076056,0
4,1.3993,0.19879000000000002,0.94563,1.0415,1
5,1.3993,0.19879000000000002,2.3958,1.5781,2
6,1.3993,0.19879000000000002,3.9328,1.5781,3
7,1.4521,0.24574000000000001,4.5036,1.5781,4
8,2.0334,0.44075,16.7069,1.6515,5
9,,,,1.6515,6
10,,,,1.6515,7
