,ALM,LQH,LSE,Riemannian_SQP,log10residual
0,0.0,0.0,0.0,2.5906e-05,-3
1,0.0,0.0,0.0,2.5906e-05,-2
2,0.0,0.0,0.0,2.5906e-05,-1
3,1.2533,0.09815499999999999,0.16325,0.039775,0
4,1.7291,0.09815499999999999,0.16325,0.15703,1
5,3.6076,0.09815499999999999,0.16325,0.19521,2
6,3.6446,0.18162999999999999,0.39396,0.2694,3
7,4.1242,0.46195,1.4368,0.30671,4
8,,2.245,1.5504,0.34368000000000004,5
9,,,17.1919,0.34368000000000004,6
