,ALM,LQH,LSE,Riemannian_SQP,log10residual
0,0.0,0.0,0.0,4.29e-05,-3
1,0.0,0.0,0.0,4.29e-05,-2
2,0.0,0.0,0.0,4.29e-05,-1
3,1.3248,0.0,0.95005,0.044266,0
4,2.3926,0.15914,1.1395,0.16487000000000002,1
5,16.4795,0.15914,,0.20407,2
6,,0.15914,,0.24520999999999998,3
7,,0.36519,,0.28502,4
8,,12.2329,,0.32453000000000004,5
9,,,,0.40424,6
