,ALM,LQH,LSE,Riemannian_SQP,log10residual
0,0.0,0.0,0.0,2.5906e-05,-3
1,0.0,0.0,0.0,2.5906e-05,-2
2,0.0,0.0,0.0,2.5906e-05,-1
3,0.4913,0.03739,0.74863,0.097816,0
4,0.5127,0.03739,0.74863,0.6332,1
5,0.5127,0.03739,0.83599,1.3978,2
6,0.5127,0.03739,0.87503,1.4794,3
7,0.58002,0.12688,1.0298,1.4794,4
8,0.7287399999999999,0.48572,1.2409999999999999,1.5214,5
9,,8.8614,,1.5214,6
10,,,,1.5214,7
