,ALM,LQH,LSE,Riemannian_SQP,log10residual
0,0.0,0.0,0.0,2.7074000000000002e-05,-3
1,0.0,0.0,0.0,2.7074000000000002e-05,-2
2,0.0,0.0,0.0,2.7074000000000002e-05,-1
3,0.12104000000000001,0.0,0.6941,0.045591,0
4,0.12104000000000001,0.035817,0.6941,0.18659,1
5,0.12104000000000001,0.035817,1.6504,1.1755,2
6,0.12850999999999999,0.035817,1.7822,1.3048,3
7,0.16205,0.11097,1.9107,1.3835,4
8,0.34668000000000004,0.53971,2.2098,1.3835,5
9,,11.2289,5.3493,1.3835,6
