,ALM,LQH,LSE,Riemannian_SQP,log10residual
0,0.0,0.0,0.0,2.6591e-05,-3
1,0.0,0.0,0.0,2.6591e-05,-2
2,0.0,0.0,0.0,2.6591e-05,-1
3,1.0905,0.089783,0.97375,0.044107,0
4,1.1479,0.089783,0.97375,0.2803,1
5,1.1479,0.089783,1.1203,0.76823,2
6,1.1879,0.089783,1.3358,0.76823,3
7,10.7573,0.36271,1.8148,0.8109,4
8,,0.62034,1.9201,0.9401700000000001,5
9,,,,1.2139,6
