,ALM,LQH,LSE,Riemannian_SQP,log10residual
0,0.0,0.0,0.0,2.7026e-05,-3
1,0.0,0.0,0.0,2.7026e-05,-2
2,0.0,0.0,0.0,2.7026e-05,-1
3,0.34753,0.0,0.73383,0.04752,0
4,1.5725,0.05665,0.73383,0.17633,1
5,3.1639999999999997,0.05665,1.0405,0.21679,2
6,11.9394,0.064375,3.835,0.3371,3
7,,0.63648,3.8456,0.4171,4
8,,1.124,4.4923,0.45695,5
9,,,,0.45695,6
