,ALM,LQH,LSE,Riemannian_SQP,log10residual
0,0.0,0.0,0.0,2.6978e-05,-3
1,0.0,0.0,0.0,2.6978e-05,-2
2,0.0,0.0,0.0,2.6978e-05,-1
3,1.2694,0.79981,0.23940999999999998,0.15372,0
4,2.7998,0.79981,0.23940999999999998,0.36978,1
5,2.8933,4.1964,1.2541,0.91963,2
6,17.1413,11.4629,1.4963,0.9978100000000001,3
7,,,1.6817,2.1723,4
8,,,8.8732,2.8298,5
9,,,,3.1856,6
