,ALM,LQH,LSE,Riemannian_SQP,log10residual
0,0.0,0.0,0.0,2.5888e-05,-3
1,0.0,0.0,0.0,2.5888e-05,-2
2,0.0,0.0,0.0,2.5888e-05,-1
3,1.4816,0.18491,0.9257700000000001,0.07192899999999999,0
4,3.4505,0.18491,2.106,0.21058000000000002,1
5,5.9074,0.18491,6.4639,0.90174,2
6,6.8948,0.18491,36.3212,1.2019,3
7,6.9259,0.45687,,1.2816,4
8,,,,12.5306,5
9,,,,12.5975,6
