,ALM,LQH,LSE,Riemannian_SQP,log10residual
0,0.0,0.0,0.0,3.9682e-05,-3
1,0.0,0.0,0.0,3.9682e-05,-2
2,0.0,0.0,0.0,3.9682e-05,-1
3,1.0191,0.51069,1.1018,0.15915,0
4,1.3909,0.51069,1.1018,0.44793999999999995,1
5,1.6840000000000002,0.51069,2.4486,1.036,2
6,1.7376,0.74956,3.2381,1.1852,3
7,3.477,2.4758,27.2312,1.2577,4
8,,,,1.3271,5
9,,,,1.3271,6
