,ALM,LQH,LSE,Riemannian_SQP,log10residual
0,0.0,0.0,0.0,2.851e-05,-3
1,0.0,0.0,0.0,2.851e-05,-2
2,0.0,0.0,0.0,2.851e-05,-1
3,0.71577,0.056719000000000006,0.98646,0.17128,0
4,0.79794,0.056719000000000006,0.98646,1.0046,1
5,0.79794,0.056719000000000006,1.3602,1.8925,2
6,0.79794,0.056719000000000006,1.5759,2.0291,3
7,0.8502,0.14552,1.876,2.0291,4
8,,2.8215,2.4914,2.0993,5
9,,,,2.0993,6
