,ALM,LQH,LSE,Riemannian_SQP,log10residual
0,0.0,0.0,0.0,2.7644e-05,-3
1,0.0,0.0,0.0,2.7644e-05,-2
2,0.0,0.0,0.0,2.7644e-05,-1
3,1.4735,0.1019,0.95967,0.17302,0
4,1.6728,0.1019,0.95967,0.39405999999999997,1
5,1.6728,0.1019,1.7968,1.5882,2
6,1.847,0.12180999999999999,2.3665,1.6656,3
7,1.9472,0.42878,2.7497,1.7485,4
8,2.2804,0.48103999999999997,8.2224,1.8197,5
9,,0.6462100000000001,8.2224,5.553,6
