,ALM,LQH,LSE,Riemannian_SQP,log10residual
0,0.0,0.0,0.0,2.591e-05,-3
1,0.0,0.0,0.0,2.591e-05,-2
2,0.0,0.0,0.0,2.591e-05,-1
3,0.98861,0.039793,0.95706,0.076767,0
4,1.0554,0.039793,0.95706,0.68696,1
5,1.1065,0.039793,2.5469999999999997,0.76475,2
6,1.1065,0.13898,3.9858,0.99535,3
7,1.1765,0.25799,4.2391,2.4115,4
8,,,,8.6389,5
9,,,,8.7164,6
