,ALM,LQH,LSE,Riemannian_SQP,log10residual
0,0.0,0.0,0.0,2.6601999999999997e-05,-3
1,0.0,0.0,0.0,2.6601999999999997e-05,-2
2,0.0,0.0,0.0,2.6601999999999997e-05,-1
3,0.79413,0.0,1.0404,0.07762999999999999,0
4,0.94268,0.12163,1.0404,1.2085,1
5,0.94268,0.12163,1.6859,2.7476,2
6,0.94268,0.12163,2.2539,2.8964,3
7,0.99031,0.17382,2.7502,2.9768,4
8,,1.14,6.2683,2.9768,5
9,,7.9615,,3.6653,6
