,ALM,LQH,LSE,Riemannian_SQP,log10residual
0,0.0,0.0,0.0,6.3656e-05,-3
1,0.0,0.0,0.0,6.3656e-05,-2
2,0.0,0.0,0.0,6.3656e-05,-1
3,0.5891,0.0,0.0,0.044485000000000004,0
4,0.6041,0.08794199999999999,0.8208700000000001,0.45101,1
5,0.6041,0.08794199999999999,1.9306,0.49365,2
6,0.6041,0.08794199999999999,2.3378,0.49365,3
7,0.66067,0.19534,2.7361,0.5360199999999999,4
8,0.7396,0.33653,2.8427,0.5360199999999999,5
9,,0.36988000000000004,,0.5784600000000001,6
