,ALM,LQH,LSE,Riemannian_SQP,log10residual
0,0.0,0.0,0.0,2.537e-05,-3
1,0.0,0.0,0.0,2.537e-05,-2
2,0.0,0.0,0.0,2.537e-05,-1
3,1.4871,0.28972,1.0775,0.07135599999999999,0
4,1.5714,0.28972,1.0775,0.14188,1
5,4.534,2.2504,3.7117,0.7038,2
6,5.449,16.8295,5.4031,2.5562,3
7,6.0877,18.0991,17.7285,6.5765,4
8,6.6669,,,14.1913,5
9,,,,36.076,6
