,ALM,LQH,LSE,Riemannian_SQP,log10residual
0,0.0,0.0,0.0,2.6861999999999998e-05,-3
1,0.0,0.0,0.0,2.6861999999999998e-05,-2
2,0.0,0.0,0.0,2.6861999999999998e-05,-1
3,1.0953,0.0,0.88507,0.07366900000000001,0
4,1.0953,0.08547,0.88507,0.21936999999999998,1
5,1.1419,0.08547,1.4198,2.8358,2
6,1.1419,0.08547,2.0371,6.6168,3
7,1.3672,0.28449,2.5632,6.9265,4
8,1.5472,0.49975,3.4824,6.9955,5
9,,,,6.9955,6
10,,,,6.9955,7
11,,,,6.9955,8
12,,,,6.9955,9
