,ALM,LQH,LSE,Riemannian_SQP,log10residual
0,0.0,0.0,0.0,2.5648000000000002e-05,-3
1,0.0,0.0,0.0,2.5648000000000002e-05,-2
2,0.0,0.0,0.0,2.5648000000000002e-05,-1
3,0.6463399999999999,0.088913,0.58773,0.042373,0
4,0.68278,0.088913,0.58773,0.1624,1
5,0.71377,0.088913,0.9239700000000001,0.20239000000000001,2
6,0.72318,0.088913,1.0815,1.9979,3
7,0.7631,0.98062,1.5656,2.0821,4
8,1.7579,41.3116,,2.5278,5
9,,,,6.4881,6
