,ALM,LQH,LSE,Riemannian_SQP,log10residual
0,0.0,0.0,0.0,2.5528e-05,-3
1,0.0,0.0,0.0,2.5528e-05,-2
2,0.0,0.0,0.0,2.5528e-05,-1
3,1.65,0.17836,0.41412,0.15175,0
4,1.712,0.17836,0.41412,0.53891,1
5,1.7803,0.17836,0.60635,0.6078,2
6,1.8364,0.18946,0.6459999999999999,0.6776800000000001,3
7,1.8731,0.31879,0.8705299999999999,0.6776800000000001,4
8,1.9727,0.60693,1.3307,0.74875,5
9,,0.70209,1.5334,0.74875,6
10,,,,0.74875,7
11,,,,0.74875,8
