,ALM,LQH,LSE,Riemannian_SQP,log10residual
0,0.0,0.0,0.0,2.676e-05,-3
1,0.0,0.0,0.0,2.676e-05,-2
2,0.0,0.0,0.0,2.676e-05,-1
3,0.68306,0.0,0.71585,0.060653,0
4,0.68306,0.16715,0.71585,0.35525999999999996,1
5,0.982,0.16715,1.0852,1.2202,2
6,0.982,0.54062,1.3918,1.2592,3
7,1.1783,0.72243,1.7312,1.2592,4
8,1.2491,1.8784,,1.3359999999999999,5
9,,,,1.5276,6
