,ALM,LQH,LSE,Riemannian_SQP,log10residual
0,0.0,0.0,0.0,2.8185e-05,-3
1,0.0,0.0,0.0,2.8185e-05,-2
2,0.0,0.0,0.0,2.8185e-05,-1
3,0.24191999999999997,0.0,1.1297,0.076611,0
4,0.32916999999999996,0.72882,1.1297,0.30178,1
5,6.1716,0.74951,4.0872,0.51127,2
6,6.9884,1.3877,4.4417,0.58196,3
7,7.4343,2.1599,5.9033,0.6572600000000001,4
8,,15.5237,,0.72696,5
9,,,,0.80174,6
