,ALM,LQH,LSE,Riemannian_SQP,log10residual
0,0.0,0.0,0.0,2.8935e-05,-3
1,0.0,0.0,0.0,2.8935e-05,-2
2,0.0,0.0,0.0,2.8935e-05,-1
3,0.9705799999999999,0.09044400000000001,0.16397,0.15447,0
4,1.0608,0.09044400000000001,0.16397,0.29685,1
5,1.0994,0.09044400000000001,2.5362,0.43831000000000003,2
6,1.5046,0.09044400000000001,2.7171,0.50825,3
7,1.5852,0.48921000000000003,3.0981,0.57808,4
8,,14.9273,4.6772,0.6485,5
9,,,,0.71848,6
10,,,,0.71848,7
11,,,,0.71848,8
