,ALM,LQH,LSE,Riemannian_SQP,log10residual
0,0.0,0.0,0.0,2.644e-05,-3
1,0.0,0.0,0.0,2.644e-05,-2
2,0.0,0.0,0.0,2.644e-05,-1
3,0.09365599999999999,0.032366000000000006,0.31245,0.08267200000000001,0
4,0.09365599999999999,0.032366000000000006,0.31245,0.55512,1
5,0.09365599999999999,0.032366000000000006,0.31245,0.5917100000000001,2
6,0.09365599999999999,0.032366000000000006,0.32695,0.62849,3
7,0.18328,0.078136,0.45541000000000004,0.62849,4
8,,0.65298,1.0711,0.62849,5
9,,4.4612,,0.6656,6
