,ALM,LQH,LSE,Riemannian_SQP,log10residual
0,0.0,0.0,0.0,2.5189000000000002e-05,-3
1,0.0,0.0,0.0,2.5189000000000002e-05,-2
2,0.0,0.0,0.0,2.5189000000000002e-05,-1
3,0.65249,0.0,0.90489,0.099891,0
4,0.76452,0.038689999999999995,0.90489,0.38491,1
5,0.76452,0.038689999999999995,0.90489,0.6756,2
6,0.76452,0.038689999999999995,0.9506899999999999,0.7145699999999999,3
7,0.82011,0.08253300000000001,1.0304,0.7145699999999999,4
8,0.9994799999999999,,1.1703,0.79723,5
9,,,4.8686,1.1192,6
