,ALM,LQH,LSE,Riemannian_SQP,log10residual
0,0.0,0.0,0.0,2.6836999999999997e-05,-3
1,0.0,0.0,0.0,2.6836999999999997e-05,-2
2,0.0,0.0,0.0,2.6836999999999997e-05,-1
3,0.5194,0.0,0.80496,0.11805999999999998,0
4,0.56968,0.049487,0.80496,0.5798300000000001,1
5,0.56968,0.049487,0.96172,1.327,2
6,0.58465,0.049487,1.0996,1.327,3
7,0.66795,0.11482,1.2727,1.327,4
8,0.9031299999999999,4.0271,1.6701,1.3759,5
9,,,,1.3759,6
10,,,,1.3759,7
11,,,,1.3759,8
12,,,,1.3759,9
