,ALM,LQH,LSE,Riemannian_SQP,log10residual
0,0.0,0.0,0.0,2.6791999999999997e-05,-3
1,0.0,0.0,0.0,2.6791999999999997e-05,-2
2,0.0,0.0,0.0,2.6791999999999997e-05,-1
3,0.30587,0.07419400000000001,0.27512,0.042716000000000004,0
4,0.34265999999999996,0.07419400000000001,0.27512,0.19707,1
5,0.37872,0.07419400000000001,0.662,0.3154,2
6,0.40614,0.07419400000000001,0.9346700000000001,0.35512,3
7,0.4322,0.18809,1.0741,0.35512,4
8,0.54332,0.29053,1.9298,0.39386,5
9,,,49.5327,0.39386,6
