,ALM,LQH,LSE,Riemannian_SQP,log10residual
0,0.0,0.0,0.0,2.6725e-05,-3
1,0.0,0.0,0.0,2.6725e-05,-2
2,0.0,0.0,0.0,2.6725e-05,-1
3,1.2197,0.0,0.9351700000000001,0.042767,0
4,1.2861,0.078417,0.9351700000000001,0.12024000000000001,1
5,,0.078417,2.0165,0.19399,2
6,,0.14436,22.5055,0.49028999999999995,3
7,,0.73651,22.583000000000002,1.416,4
8,,1.6121,,1.4602,5
9,,5.7882,,1.4602,6
