"initialpoint","repeat","row_dim","col_dim","rank","mineigval_correction","tolKKTres","maxOuterIter","maxtime","verbosity","eqconstratio","maskratio","filepath","P","A","x0",
"feasible_region",7,5,10,2,1e-05,6,100000,60,1,0.3,0.7,"nrep7Rowdim5Coldim10Rank2Tol6Eqratio3.0e-01Maskratio7.0e-01",0,0,0,0,0,1,0,0,0,0,0.47286,0.61114,0.34353,0.17963,0.38911,0.70263,0.44727,0.61325,0.84714,0.6432,0.15689,0.61114,0.39744,0.17963,0.38911,0.42188,0.064617,0.61325,0.88918,0.6432,
,,,,,,,,,,,,,1,1,1,0,1,1,1,1,0,1,0.63794,0.67945,0.44187,0.20976,0.40273,0.80682,0.45381,0.66863,1.0443,0.86942,0.043797,0.64951,0.49724,0.0025721,0.49364,0.39161,0.036439,0.77559,1.0443,0.66421,
,,,,,,,,,,,,,1,1,0,1,0,0,0,1,0,0,0.57959,0.55209,0.39176,0.17593,0.31094,0.66959,0.34504,0.53612,0.90446,0.79066,0.48479,0.77962,0.33373,0.6652,0.31094,0.66959,0.15706,0.49559,0.90446,0.86537,
,,,,,,,,,,,,,0,1,0,1,0,1,1,0,1,1,0.27124,0.71227,0.25088,0.18427,0.528,0.7549,0.62964,0.74755,0.73179,0.36474,0.044951,0.69319,0.53177,7.5291e-09,0.528,0.41712,0.03842,0.82956,1.116,0.7086,
,,,,,,,,,,,,,0,1,0,0,0,1,1,1,0,1,0.13941,0.30518,0.11988,0.08103,0.22006,0.32875,0.2608,0.31758,0.33472,0.18817,0.68013,0.6619,0.11988,0.97612,0.089049,0.69246,0.20376,0.15027,0.55105,0.77703,
