"initialpoint","repeat","row_dim","col_dim","rank","mineigval_correction","tolKKTres","maxOuterIter","maxtime","verbosity","eqconstratio","maskratio","filepath","P","A","x0",
"feasible_region",5,5,10,2,1e-05,6,100000,60,1,0.5,0.3,"nrep5Rowdim5Coldim10Rank2Tol6Eqratio5.0e-01Maskratio3.0e-01",1,0,0,0,0,0,0,0,0,0,0.75081,1.2717,0.40381,0.77168,0.43516,0.40078,0.53849,0.047602,1.0199,1.0341,0.46631,0.23319,0.50603,0.60776,0.63621,0.80882,0.53849,0.047602,1.0199,1.0341,
,,,,,,,,,,,,,0,1,0,0,0,0,0,0,0,0,0.29294,0.29764,0.11373,0.053963,0.035734,0.058069,0.20166,0.006998,0.19115,0.32902,0.23883,0.11816,0.12015,0.053963,0.099324,0.052757,0.20166,0.062176,0.11347,0.081448,
,,,,,,,,,,,,,0,0,1,0,0,0,0,1,0,0,0.36052,0.45094,0.15865,0.17176,0.10112,0.11337,0.25178,0.013547,0.3234,0.43667,0.91069,0.45094,0.49726,0.27816,0.44247,0.30287,0.78982,0.22646,0.54771,0.43667,
,,,,,,,,,,,,,0,0,1,0,0,0,0,0,0,0,0.22832,0.26293,0.095472,0.080584,0.048749,0.060584,0.15849,0.0072587,0.18122,0.26805,0.29728,0.14967,0.43355,0.59281,0.58637,0.80414,0.40246,0.00018134,0.97656,1.017,
,,,,,,,,,,,,,0,0,0,1,0,0,0,1,0,0,0.42031,0.95597,0.27992,0.73578,0.40839,0.3452,0.31182,0.040877,0.82518,0.67044,0.24412,0.12228,0.28738,0.35975,0.36967,0.48185,0.29388,0.018811,0.60003,0.61381,
