"initialpoint","repeat","row_dim","col_dim","rank","mineigval_correction","tolKKTres","maxOuterIter","maxtime","verbosity","eqconstratio","maskratio","filepath","P","A","x0",
"feasible_region",13,4,8,2,1e-05,6,100000,60,1,0.3,0.3,"nrep13Rowdim4Coldim8Rank2Tol6Eqratio3.0e-01Maskratio3.0e-01",1,0,0,1,0,0,1,0,0.32204,0.43212,0.35532,0.19883,0.25799,0.43884,0.2232,0.26165,0.52511,0.43212,0.27138,0.21788,0.35847,0.4249,0.1793,0.39055,
,,,,,,,,,,,,,0,0,1,0,0,0,0,0,0.57797,0.84581,0.6284,0.48351,0.58074,0.78645,0.46981,0.53138,0.48979,0.29316,0.70165,0.83747,0.11429,0.20472,0.46981,0.42351,
,,,,,,,,,,,,,0,0,1,0,0,0,0,0,0.65362,0.92208,0.71522,0.48472,0.59906,0.88996,0.49738,0.57066,0.79196,0.68581,0.27016,0.13186,0.6089,0.70026,0.17657,0.57066,
,,,,,,,,,,,,,1,0,0,0,0,1,0,0,0.60944,0.9573,0.65395,0.62779,0.72198,0.82821,0.55986,0.61786,0.6045,0.39786,0.71889,0.82562,0.21323,0.3155,0.48062,0.50328,
