"initialpoint","repeat","row_dim","col_dim","rank","mineigval_correction","tolKKTres","maxOuterIter","maxtime","verbosity","eqconstratio","maskratio","filepath","P","A","x0",
"feasible_region",9,5,10,2,1e-05,6,100000,60,1,0.5,0.3,"nrep9Rowdim5Coldim10Rank2Tol6Eqratio5.0e-01Maskratio3.0e-01",0,1,0,1,0,0,0,0,0,0,0.54834,0.61609,0.16384,0.91365,0.56372,0.19469,0.98155,0.44071,0.45801,0.72939,0.62116,0.11175,0.34453,0.24075,0.069693,0.62648,0.14,0.015866,0.77696,0.98333,
,,,,,,,,,,,,,1,0,1,0,0,0,0,0,0,0,0.61231,0.65942,0.096409,0.75203,0.60375,0.22887,0.59125,0.31553,0.45875,0.38332,0.11357,0.65942,0.054161,0.55546,0.4493,0.22887,0.63992,0.69412,0.22345,0.38332,
,,,,,,,,,,,,,0,0,0,0,0,0,0,0,1,0,0.10728,0.13614,0.079381,0.32542,0.12436,0.031816,0.4681,0.1828,0.11842,0.37849,0.14255,0.18425,0.076872,0.1822,0.12436,0.17215,0.18462,0.17521,0.19851,0.27618,
,,,,,,,,,,,,,0,0,0,0,0,0,0,0,0,0,0.49528,0.54844,0.12362,0.74973,0.50193,0.17908,0.74446,0.34835,0.39886,0.53743,0.23508,0.86516,0.11901,0.74973,0.58856,0.38433,0.8441,0.89613,0.39886,0.63425,
,,,,,,,,,,,,,0,1,0,0,0,1,0,0,0,0,0.61015,0.69249,0.2034,1.082,0.63353,0.21384,1.2152,0.53343,0.52248,0.9167,0.39012,1.0093,0.2034,0.90285,0.68536,0.56149,0.99078,1.0258,0.60759,0.9167,
