"initialpoint","repeat","row_dim","col_dim","rank","mineigval_correction","tolKKTres","maxOuterIter","maxtime","verbosity","eqconstratio","maskratio","filepath","P","A","x0",
"feasible_region",5,5,10,2,1e-05,6,100000,60,1,0.3,0.5,"nrep5Rowdim5Coldim10Rank2Tol6Eqratio3.0e-01Maskratio5.0e-01",1,0,1,0,0,1,0,1,1,1,0.68861,0.53986,0.64877,0.30596,0.498,0.59278,0.62122,0.33744,0.1299,0.68034,0.38341,0.53986,0.74072,0.12826,0.57236,0.31459,0.25554,0.21734,0.23599,0.25706,
,,,,,,,,,,,,,0,1,1,1,0,0,1,1,0,0,1.0398,0.52786,0.99646,0.30003,0.84311,0.48907,1.0156,0.40185,0.37506,0.82171,0.35493,0.15809,0.59205,0.10436,0.84311,0.50579,0.48378,0.20054,0.48762,0.14434,
,,,,,,,,,,,,,0,1,0,1,0,0,0,0,0,0,1.5117,0.75152,1.4495,0.42723,1.2307,0.68859,1.4807,0.57825,0.55511,1.1832,0.7642,0.97801,1.4495,0.25152,1.2307,0.68859,0.58027,0.43301,0.54759,0.4855,
,,,,,,,,,,,,,0,1,0,0,1,0,0,0,0,0,0.48411,0.14571,0.46975,0.08329,0.42423,0.086322,0.49983,0.14959,0.2369,0.31096,0.29434,0.053678,0.46975,0.08329,0.77016,0.46806,0.45721,0.16616,0.46537,0.098486,
,,,,,,,,,,,,,1,0,0,1,0,0,0,0,0,0,0.33385,0.17941,0.31934,0.10193,0.26753,0.17106,0.32339,0.13274,0.11423,0.27093,0.31626,0.66022,0.66992,0.11484,0.2751,0.12454,0.055303,0.1797,0.025372,0.27093,
