"initialpoint","repeat","row_dim","col_dim","rank","mineigval_correction","tolKKTres","maxOuterIter","maxtime","verbosity","eqconstratio","maskratio","filepath","P","A","x0",
"feasible_region",6,5,10,2,1e-05,6,100000,60,1,0.3,0.5,"nrep6Rowdim5Coldim10Rank2Tol6Eqratio3.0e-01Maskratio5.0e-01",0,1,0,0,1,0,0,0,0,0,0.65412,0.40318,0.75715,0.12021,0.48257,0.3774,0.38038,0.77734,0.42095,0.46551,0.29454,0.49282,0.31964,0.12278,0.46173,0.44396,0.29232,0.042283,0.20374,0.58678,
,,,,,,,,,,,,,0,0,1,1,1,0,0,0,0,1,0.33478,0.74707,0.95341,0.34161,0.9628,0.68601,0.45427,0.86455,0.30423,0.70197,0.43,0.74707,0.48587,0.18723,0.71911,0.68601,0.45427,0.064197,0.30423,0.89571,
,,,,,,,,,,,,,0,0,1,0,0,0,0,0,1,1,1.0032,0.59599,1.1378,0.17279,0.71051,0.55844,0.57265,1.1729,0.64194,0.69477,0.33704,0.67555,0.44356,0.17279,0.71051,0.66121,0.44578,0.058366,0.26057,0.82948,
,,,,,,,,,,,,,0,0,1,0,1,0,1,1,0,1,0.1862,0.3124,0.42237,0.13659,0.399,0.28757,0.20316,0.39186,0.15228,0.302,0.74381,0.64494,0.38926,0.13659,0.1875,0.29828,0.14042,0.053159,0.36718,0.63291,
,,,,,,,,,,,,,1,1,0,0,0,0,0,0,1,0,1.0034,0.71257,1.26,0.23314,0.86482,0.6647,0.62868,1.2737,0.6612,0.79479,0.47889,0.6888,0.4413,0.16708,0.56715,0.56747,0.36314,0.058689,0.30363,0.79479,
