"initialpoint","repeat","row_dim","col_dim","rank","mineigval_correction","tolKKTres","maxOuterIter","maxtime","verbosity","eqconstratio","maskratio","filepath","P","A","x0",
"feasible_region",2,4,8,2,1e-05,6,100000,60,1,0.5,0.3,"nrep2Rowdim4Coldim8Rank2Tol6Eqratio5.0e-01Maskratio3.0e-01",1,0,0,0,0,0,0,0,0.96403,0.91218,0.98331,1.2542,0.89875,1.108,0.52508,0.69671,0.92809,0.43631,0.98331,0.96544,0.66961,0.81935,0.52508,0.69671,
,,,,,,,,,,,,,0,0,0,1,0,0,0,0,0.68132,0.64487,0.69785,0.88301,0.63853,0.77651,0.37134,0.49243,0.19679,0.98217,0.36322,0.25681,0.1522,0.6758,0.54453,0.86283,
,,,,,,,,,,,,,0,1,0,1,1,0,0,0,0.19707,0.18747,0.21533,0.23976,0.20021,0.19411,0.10852,0.1426,0.80155,0.56348,0.8817,0.84473,0.58045,0.81297,0.54438,0.75175,
,,,,,,,,,,,,,0,0,0,0,0,0,0,0,0.70893,0.66866,0.69252,0.9578,0.62571,0.884,0.3836,0.51197,0.934,0.20373,0.94864,0.9578,0.67117,0.69175,0.41383,0.51197,
