"initialpoint","repeat","row_dim","col_dim","rank","mineigval_correction","tolKKTres","maxOuterIter","maxtime","verbosity","eqconstratio","maskratio","filepath","P","A","x0",
"feasible_region",8,4,8,2,1e-05,6,100000,60,1,0.5,0.3,"nrep8Rowdim4Coldim8Rank2Tol6Eqratio5.0e-01Maskratio3.0e-01",1,0,1,0,0,0,0,0,0.62351,0.59921,0.20894,0.72582,0.16266,0.38132,0.56907,0.40231,0.20648,0.30752,0.27835,0.22224,0.29603,0.093246,0.56907,0.34507,
,,,,,,,,,,,,,0,0,0,0,0,0,0,0,0.7909,0.71045,0.27338,0.92342,0.14649,0.59165,0.74641,0.59484,0.06695,0.71045,0.66439,0.053493,0.26487,0.18659,0.16292,0.09766,
,,,,,,,,,,,,,0,0,1,0,0,1,0,0,1.1425,1.1721,0.3704,1.3259,0.38746,0.53745,1.0061,0.61091,0.35913,0.074066,0.050936,0.40054,0.38746,0.044209,1.0061,0.61091,
,,,,,,,,,,,,,1,0,0,0,0,0,0,0,0.87441,0.87599,0.28702,1.0159,0.27111,0.45718,0.7804,0.50345,0.089974,0.22746,0.20915,0.094,0.15484,0.064558,0.24467,0.14819,
