"initialpoint","repeat","row_dim","col_dim","rank","mineigval_correction","tolKKTres","maxOuterIter","maxtime","verbosity","eqconstratio","maskratio","filepath","P","A","x0",
"feasible_region",6,4,8,2,1e-05,6,100000,60,1,0.3,0.7,"nrep6Rowdim4Coldim8Rank2Tol6Eqratio3.0e-01Maskratio7.0e-01",0,1,1,0,1,0,0,0,0.18578,0.055061,0.11583,0.30911,0.80564,0.26074,0.1765,0.13107,0.56721,0.75692,0.092172,0.30911,1.0776,0.74662,0.1765,0.13172,
,,,,,,,,,,,,,1,0,1,1,0,1,0,1,0.14086,0.015389,0.1405,0.3442,0.34317,0.29805,0.049586,0.023894,-9.8912e-09,0.0085759,0.12468,0.2922,0.34317,0.085592,0.12663,0.057261,
,,,,,,,,,,,,,1,1,1,1,0,1,1,0,0.2183,0.059178,0.14714,0.38622,0.89059,0.3274,0.18975,0.1382,0.011256,0.026062,0.16235,0.38233,0.46319,0.12501,0.16653,0.076335,
,,,,,,,,,,,,,0,0,0,0,0,0,1,1,0.29973,0.066474,0.23156,0.59188,1.0727,0.5058,0.2133,0.14743,0.29973,0.41255,0.23156,0.59188,1.0727,0.52006,0.27898,0.15358,
