"initialpoint","repeat","row_dim","col_dim","rank","mineigval_correction","tolKKTres","maxOuterIter","maxtime","verbosity","eqconstratio","maskratio","filepath","P","A","x0",
"feasible_region",19,5,10,2,1e-05,6,100000,60,1,0.3,0.5,"nrep19Rowdim5Coldim10Rank2Tol6Eqratio3.0e-01Maskratio5.0e-01",0,0,1,1,0,0,0,1,0,1,0.25208,0.38876,0.45664,0.43736,0.050358,0.38845,0.29365,0.64928,0.71866,0.93347,0.4166,0.026839,0.010435,0.12679,0.79298,0.067359,0.12613,0.90039,0.19101,0.65714,
,,,,,,,,,,,,,1,1,0,0,1,0,0,0,0,1,0.47529,0.57941,0.75646,0.77348,0.076835,0.44151,0.53141,0.80148,0.8894,1.1406,0.15017,0.39914,0.34403,0.77348,0.27053,0.27771,0.25041,0.2113,0.12639,0.57753,
,,,,,,,,,,,,,1,1,0,0,0,0,0,0,1,1,0.077052,0.25503,0.23228,0.17905,0.031458,0.37671,0.10951,0.57334,0.63259,0.83468,0.27221,0.06902,0.051797,0.17905,0.51611,0.077513,0.10951,0.57334,0.13241,0.4744,
,,,,,,,,,,,,,0,0,0,0,1,0,0,0,0,0,0.12672,0.17229,0.21381,0.21216,0.022586,0.15144,0.14427,0.2627,0.29111,0.37592,0.12672,0.20941,0.17899,0.41462,0.23331,0.15144,0.14427,0.21537,0.087833,0.37592,
,,,,,,,,,,,,,1,0,0,0,0,1,1,1,0,0,0.38593,0.51504,0.64457,0.6429,0.067645,0.44291,0.43796,0.77345,0.85729,1.1059,0.57419,0.27324,0.22078,0.61622,1.0837,0.24657,0.29817,1.1723,0.29816,1.1124,
