"initialpoint","repeat","row_dim","col_dim","rank","mineigval_correction","tolKKTres","maxOuterIter","maxtime","verbosity","eqconstratio","maskratio","filepath","P","A","x0",
"feasible_region",9,4,8,2,1e-05,6,100000,60,1,0.3,0.5,"nrep9Rowdim4Coldim8Rank2Tol6Eqratio3.0e-01Maskratio5.0e-01",1,0,1,0,1,0,0,1,0.56593,0.46407,0.69301,0.29971,0.076289,0.53306,0.1456,0.36226,0.076224,0.46407,1.0426,0.37123,0.8069,0.53306,0.1456,0.071059,
,,,,,,,,,,,,,0,0,0,0,1,0,1,0,0.91461,0.67817,0.97226,0.44406,0.11342,0.80377,0.20892,0.50427,0.036935,0.33486,0.47051,0.056068,0.27071,0.66169,0.63309,0.50427,
,,,,,,,,,,,,,1,0,1,1,0,0,1,1,0.53389,0.26939,0.30736,0.18825,0.048811,0.36755,0.075479,0.15138,0.027807,0.2255,0.36262,0.072155,0.2329,0.40061,0.34059,0.26603,
,,,,,,,,,,,,,0,0,0,0,0,0,0,0,0.23141,0.43813,0.79429,0.26191,0.06535,0.41757,0.15079,0.4289,0.023585,0.16426,0.31608,0.091591,0.22706,0.24076,0.15079,0.1103,
