"initialpoint","repeat","row_dim","col_dim","rank","mineigval_correction","tolKKTres","maxOuterIter","maxtime","verbosity","eqconstratio","maskratio","filepath","P","A","x0",
"feasible_region",7,4,8,2,1e-05,6,100000,60,1,0.3,0.5,"nrep7Rowdim4Coldim8Rank2Tol6Eqratio3.0e-01Maskratio5.0e-01",0,0,1,0,0,1,1,0,1.372,0.73245,0.36954,0.70182,0.4004,0.9651,0.58854,0.8538,0.48184,0.73245,0.883,0.2119,0.12932,0.25259,0.90788,0.14415,
,,,,,,,,,,,,,0,0,0,1,1,0,0,0,1.5547,0.77967,0.47574,0.90303,0.52517,1.1753,0.55461,0.90349,0.60001,0.7972,1.0054,0.29513,0.22338,0.35326,0.97991,0.24913,
,,,,,,,,,,,,,1,1,1,0,0,0,0,1,0.93548,0.4466,0.31175,0.59155,0.34796,0.7437,0.28344,0.51497,0.7827,0.28116,0.69006,0.59155,0.7033,0.71662,0.28344,0.78492,
,,,,,,,,,,,,,1,1,0,0,0,0,0,0,0.087336,0.036442,0.035049,0.066465,0.039939,0.077949,0.014743,0.041397,0.2141,0.42717,0.47567,0.066465,0.0022443,0.077949,0.53677,0.0023945,
