"initialpoint","repeat","row_dim","col_dim","rank","mineigval_correction","tolKKTres","maxOuterIter","maxtime","verbosity","eqconstratio","maskratio","filepath","P","A","x0",
"feasible_region",14,4,8,2,1e-05,6,100000,60,1,0.5,0.7,"nrep14Rowdim4Coldim8Rank2Tol6Eqratio5.0e-01Maskratio7.0e-01",0,1,0,0,1,0,0,0,0.87611,0.51328,1.0224,0.64627,1.1204,0.22409,0.6091,0.92446,0.63643,0.70015,0.073875,0.64627,1.1879,0.22409,0.6091,0.92446,
,,,,,,,,,,,,,0,0,0,0,1,0,0,0,1.0064,0.80779,1.2994,0.71896,1.5807,0.31511,0.99843,1.1156,0.85458,0.80779,1.2994,0.71896,0.36387,0.31511,0.5694,1.1156,
,,,,,,,,,,,,,1,1,1,0,0,1,0,1,0.83525,0.41429,0.93175,0.6242,0.96714,0.1938,0.47793,0.86289,0.48718,0.54218,0.00019741,0.50171,0.96714,0.17088,0.47793,0.71357,
,,,,,,,,,,,,,0,1,0,0,1,0,0,1,0.092374,0.13539,0.15435,0.059413,0.22752,0.045115,0.1755,0.11747,0.64957,0.70591,0.15435,0.64983,1.1315,0.22966,0.60533,0.93529,
