"initialpoint","repeat","row_dim","col_dim","rank","mineigval_correction","tolKKTres","maxOuterIter","maxtime","verbosity","eqconstratio","maskratio","filepath","P","A","x0",
"feasible_region",11,5,10,2,1e-05,6,100000,60,1,0.5,0.3,"nrep11Rowdim5Coldim10Rank2Tol6Eqratio5.0e-01Maskratio3.0e-01",0,1,0,0,0,0,0,0,0,0,1.1071,1.0385,0.89993,0.71607,0.28197,0.91627,0.58444,0.39432,1.1273,1.594,0.096065,0.11033,0.36238,0.13369,0.00015399,0.15984,0.58444,0.39432,0.6133,0.36689,
,,,,,,,,,,,,,1,0,0,0,0,0,0,1,0,0,0.14622,0.19851,0.095049,0.14466,0.061629,0.24149,0.096006,0.071684,0.2426,0.27017,0.049024,0.19851,0.19384,0.058391,0.079072,0.19321,0.096006,0.32674,0.2426,0.1926,
,,,,,,,,,,,,,0,0,1,0,0,0,0,0,0,0,0.70655,0.39971,0.67644,0.24226,0.075391,0.068236,0.29233,0.16761,0.31767,0.76167,0.055326,0.29948,0.22349,0.060679,0.13115,0.27729,0.0010343,0.43533,0.23645,0.2202,
,,,,,,,,,,,,,0,0,1,0,0,0,0,1,0,0,0.39477,0.28954,0.35225,0.18941,0.068441,0.16814,0.18364,0.1148,0.27862,0.48991,0.053181,0.18413,0.20833,0.0655,0.068441,0.1851,0.14853,0.3269,0.27862,0.20775,
,,,,,,,,,,,,,0,0,0,0,0,1,0,0,0,0,0.46981,0.56284,0.33449,0.40359,0.16821,0.62869,0.28548,0.20637,0.66497,0.79518,0.1046,0.12578,0.39492,0.14517,0.0033069,0.17847,0.62831,0.43433,0.66497,0.39968,
