"initialpoint","repeat","row_dim","col_dim","rank","mineigval_correction","tolKKTres","maxOuterIter","maxtime","verbosity","eqconstratio","maskratio","filepath","P","A","x0",
"feasible_region",11,5,10,2,1e-05,6,100000,60,1,0.3,0.7,"nrep11Rowdim5Coldim10Rank2Tol6Eqratio3.0e-01Maskratio7.0e-01",1,0,1,1,0,1,1,0,0,1,0.93851,0.69375,0.3787,0.58646,0.55368,0.62871,0.87567,0.27684,0.57649,0.29402,0.082176,0.69375,0.77508,0.11089,0.55368,0.90989,0.019122,0.27684,0.57649,0.13655,
,,,,,,,,,,,,,0,1,0,0,0,0,1,0,0,1,1.0652,0.60132,0.58259,0.66249,0.68997,0.84536,1.0576,0.40971,0.7157,0.32304,0.098388,0.27683,0.58259,0.36944,0.53765,0.84536,0.024203,0.41194,0.7157,0.19295,
,,,,,,,,,,,,,0,1,0,0,0,0,1,1,0,1,0.86028,0.37229,0.56364,0.53316,0.59478,0.76309,0.89309,0.3891,0.61547,0.25441,0.11768,0.11755,0.56364,0.53316,0.59478,0.91703,0.029454,0.52377,0.86588,0.24214,
,,,,,,,,,,,,,0,1,1,0,1,0,0,1,1,0,0.66312,0.1803,0.52206,0.40918,0.49377,0.66377,0.72499,0.35468,0.50962,0.18999,0.067418,0.1485,0.37351,0.27075,0.35909,0.56111,0.016682,0.28826,0.49231,0.1344,
,,,,,,,,,,,,,1,1,0,1,0,1,1,1,0,0,0.2562,0.14336,0.14118,0.15933,0.16638,0.20424,0.25483,0.099202,0.17257,0.077628,0.025119,0.29132,0.28635,2.1599e-05,0.18717,0.31306,0.0056578,0.073102,0.17257,0.037526,
