"initialpoint","repeat","row_dim","col_dim","rank","mineigval_correction","tolKKTres","maxOuterIter","maxtime","verbosity","eqconstratio","maskratio","filepath","P","A","x0",
"feasible_region",19,4,8,2,1e-05,6,100000,60,1,0.3,0.5,"nrep19Rowdim4Coldim8Rank2Tol6Eqratio3.0e-01Maskratio5.0e-01",0,1,0,1,1,0,0,0,0.2707,0.48331,0.73052,0.89434,0.83365,0.99706,1.1718,0.15771,0.2346,0.21173,0.028187,0.027248,0.091706,0.99706,0.12755,0.079999,
,,,,,,,,,,,,,0,0,1,0,0,1,1,0,0.039248,0.073691,0.10037,0.12458,0.11925,0.14329,0.16674,0.023823,0.23041,0.073691,0.065931,0.083265,0.68834,0.2945,0.56814,0.023823,
,,,,,,,,,,,,,1,0,0,1,0,1,0,0,0.12966,0.21426,0.37635,0.45264,0.40702,0.48366,0.57633,0.070979,0.14217,0.049446,0.03955,0.049705,0.40702,0.202,0.33745,0.016321,
,,,,,,,,,,,,,0,1,0,0,0,0,0,1,0.32697,0.78841,0.56845,0.79219,0.91548,1.1321,1.2367,0.24466,0.27769,0.2412,0.03605,0.03622,0.15056,1.1321,0.18207,0.090849,
