"iter","cost","gradnorm","time","stepsize","ls_max_steps_break","dist","qpexitflag","rho","KKT_residual","maxviolation","meanviolation",
0,0.78253,4.4624,2.5678e-05,NaN,NaN,NaN,NaN,1,5.4057,2.5131e-08,2.5015e-09,
1,0.19013,0.69457,0.042774,0.729,0,1.1563,1,1,0.70536,0.10316,0.0079802,
2,0.038262,0.37214,0.082843,1,0,0.77088,1,1,0.37367,0.016429,0.0034291,
3,0.0010095,0.17328,0.12381,0.9,0,0.58246,1,1,0.18127,0.035158,0.0040238,
4,3.1054e-05,0.011697,0.1638,1,0,0.51025,1,1,0.012775,0.0032231,0.00035332,
5,2.5994e-07,0.0002538,0.2042,1,0,0.033194,1,1,0.00025969,3.2945e-05,4.1134e-06,
6,2.7631e-10,8.928e-06,0.24422,1,0,0.0077748,1,1,8.9395e-06,2.9144e-07,3.2451e-08,
7,1.8805e-15,1.3227e-08,0.28447,1,0,0.00027362,1,1,1.3248e-08,3.8611e-10,5.8987e-11,
