"iter","cost","time","LagGradNorm","maxviolation","KKT_residual",
0,119.6996,0.070963,26.8809,4.628,27.2778,
0,119.6996,0.073122,26.8809,4.628,27.2778,
