"iter","cost","time","LagGradNorm","maxviolation","KKT_residual",
0,-0.10099,0.05152,0.15036,0.49944,0.52158,
0,-0.10099,0.053154,0.15036,0.49944,0.52158,
