"repeat","row_dim","col_dim","rank","mineigval_correction","tolKKTres","maxOuterIter","maxtime","verbosity","P","PA",
1,4,8,1,1e-05,20,100000,600,1,1,1,0,0,0,0,0,1,-0.020686,0.00012636,0,0,0,0,0,0.045899,
,,,,,,,,,1,1,0,0,0,0,1,0,1.3351,-0.0081556,0,0,0,0,1.1178,0,
,,,,,,,,,0,1,0,0,1,1,1,0,0,-0.00038548,0,0,-0.12885,0.021503,0.052834,0,
,,,,,,,,,0,1,1,1,0,0,1,0,0,0.00061266,-0.0070044,-0.1336,0,0,-0.08397,0,
