"iter","cost","gradnorm","time","stepsize","ls_max_steps_break","dist","qpexitflag","rho","KKT_residual","maxviolation","meanviolation",
0,47.2369,8.729,5.928e-05,NaN,NaN,NaN,NaN,1,8.9711,1.9046,1.3581,
1,34.3276,6.3697,0.058474,9.8274e-09,0,3.2955,0,2.0625,6.4674,1.1019,0.65074,
2,35.5107,6.5532,0.109,2.5759e-07,0,2.5402,1,2.0625,6.5647,0.38243,0.22477,
3,32.1123,2.6663,0.11703,1,0,2.7751,1,2.0625,2.6806,0.24721,0.18566,
4,31.556,0.47759,0.12498,1,0,0.72595,1,2.0625,0.47903,0.037062,0.019599,
5,31.5231,0.046379,0.13305,1,0,0.37914,1,2.0625,0.048394,0.010902,0.0096977,
6,31.5337,0.018875,0.14109,1,0,0.017892,1,2.0625,0.018875,4.21e-05,3.6175e-05,
7,31.5337,0.0012574,0.14881,1,0,0.0031472,1,2.0625,0.0012574,4.2377e-07,3.9867e-07,
