"iter","cost","gradnorm","time","stepsize","ls_max_steps_break","dist","qpexitflag","rho","KKT_residual","maxviolation","meanviolation",
0,24.3139,8.8428,5.2861e-05,NaN,NaN,NaN,NaN,1,8.8556,0.29808,0.050218,
1,21.9124,15.7949,0.080464,0.079766,0,14.2753,1,13.8254,15.7949,0,0,
2,2.7051,1.0519,0.13207,1,0,7.3305,1,13.8254,1.0519,0.0076299,0.0004508,
3,2.216,0.15024,0.18153,1,0,2.2441,1,13.8254,0.15036,0.005935,0.00029296,
4,2.1667,0.014167,0.23155,1,0,0.44513,1,13.8254,0.014167,2.6423e-05,1.1056e-06,
5,2.1627,0.00046207,0.2815,1,0,0.05846,1,13.8254,0.00046207,6.6403e-10,2.7668e-11,
