"iter","cost","gradnorm","time","stepsize","ls_max_steps_break","dist","qpexitflag","rho","KKT_residual","maxviolation","meanviolation",
0,4.5047,3.2485,6.0791e-05,NaN,NaN,NaN,NaN,1,3.2708,0.33736,0.087945,
1,4.6221,6.7438,0.0089532,1,0,0.78474,1,8.2245,6.7438,5.6736e-10,1.279e-10,
2,2.7873,4.1958,0.017218,1,0,4.1866,1,8.2245,4.1958,0,0,
3,0.57924,0.16827,0.025377,1,0,3.1115,1,8.2245,0.16827,0,0,
4,0.41574,0.0037689,0.034005,1,0,0.60339,1,8.2245,0.0037689,0,0,
5,0.41431,0.00078368,0.041522,1,0,4.5401,1,8.2245,0.00078368,0,0,
6,0.41431,3.3359e-05,0.048862,1,0,0.92223,1,8.2245,3.3359e-05,0,0,
7,0.41431,3.0895e-07,0.056215,1,0,0.30287,1,8.2245,3.0895e-07,0,0,
