"repeat","row_dim","col_dim","rank","tolKKTres","maxOuterIter","maxtime","verbosity","P","PA",
1,3,9,1,5,10000,180,1,0,0,0,0,0,1,1,1,0,0,0,0,0,0,0.019513,0.078651,-0.0048817,0,
,,,,,,,,1,0,1,1,0,0,1,1,0,-0.23058,0,0.7591,0.22247,0,0,-1.17,0.072616,0,
,,,,,,,,0,1,0,1,1,1,1,1,0,0,-0.39186,0,-0.5622,-1.4549,0.73353,2.9566,-0.18351,0,
