"repeat","row_dim","col_dim","rank","tolKKTres","maxOuterIter","maxtime","verbosity","P","PA",
1,4,7,2,7,10000,180,1,1,1,1,1,1,1,1,-1.0568,-0.48076,1.4968,-2.4575,-1.8191,0.12048,0.51317,
,,,,,,,,1,0,0,1,1,0,0,0.89503,0,0,1.9903,1.6331,0,0,
,,,,,,,,1,1,1,1,1,1,0,1.1782,0.89145,-1.3344,3.3285,1.4315,-0.05651,0,
,,,,,,,,0,0,1,0,1,0,1,0,0,1.0565,0,-1.1299,0,0.45715,
