"iter","cost","gradnorm","time","stepsize","ls_max_steps_break","dist","qpexitflag","rho","KKT_residual","maxviolation","meanviolation",
0,4.386,4.911,3.6625e-05,NaN,NaN,NaN,NaN,1,4.9539,0.47877,0.072988,
1,3.1462,1.3787,0.021846,1,0,3.3577,1,2.4084,1.3795,0.043535,0.0040652,
2,2.7812,0.29021,0.043498,1,0,1.9456,1,2.4084,0.29123,0.018276,0.0023021,
3,2.6399,0.066985,0.064784,1,0,3.6682,1,2.4084,0.067057,0.003093,0.0002252,
4,2.639,0.003029,0.086281,1,0,3.7515,1,2.4084,0.0030568,0.00041134,2.7425e-05,
5,2.6389,0.00033535,0.10892,1,0,1.3448,1,2.4084,0.00035364,0.00011224,7.4828e-06,
6,2.6389,8.3341e-06,0.13117,1,0,0.58674,1,2.4084,8.6496e-06,2.3148e-06,1.5432e-07,
