"repeat","row_dim","col_dim","rank","tolKKTres","maxOuterIter","maxtime","verbosity","P","PA",
1,4,8,2,6,10000,180,1,1,0,1,1,1,1,0,1,0.30751,0,-0.98719,-0.41951,1.6224,-0.65948,0,1.0579,
,,,,,,,,0,0,1,0,1,1,0,1,0,0,2.2006,0,2.9188,-1.1792,0,0.84586,
,,,,,,,,1,0,1,0,1,1,1,1,0.13263,0,-0.023583,0,0.51599,-0.20922,0.70448,0.25925,
,,,,,,,,1,1,1,0,1,1,1,1,-0.22053,-1.5878,0.87391,0,-1.2393,0.50398,-2.0071,-0.84,
