"repeat","row_dim","col_dim","rank","tolKKTres","maxOuterIter","maxtime","verbosity","P","PA",
1,4,7,2,5,10000,180,1,0,0,1,1,0,0,0,0,0,0.13352,0.12148,0,0,0,
,,,,,,,,1,1,1,1,0,1,1,-1.6113,0.39741,-0.29422,0.49918,0,0.43556,0.063962,
,,,,,,,,1,1,0,1,1,0,1,1.0909,0.48393,0,0.018679,-1.0215,0,2.2769,
,,,,,,,,0,0,0,1,0,1,1,0,0,0,-0.2526,0,-2.2731,2.2356,
