"repeat","row_dim","col_dim","rank","tolKKTres","maxOuterIter","maxtime","verbosity","P","PA",
1,4,6,2,8,10000,180,1,1,1,1,0,1,1,-1.9173,-0.80997,0.19791,0,-2.364,-0.16921,
,,,,,,,,1,1,1,1,1,1,5.4763,3.1277,-0.79092,-2.0458,5.3462,0.19441,
,,,,,,,,0,1,1,1,1,1,0,0.10523,-0.026591,-0.06946,0.18248,0.0068579,
,,,,,,,,1,1,1,0,1,1,0.88395,1.8484,-0.49999,0,-1.4575,-0.44535,
