,ALM,LQH,LSE,Riemannian_SQP,log10residual
0,0.0,0.0,0.0,3.0952e-05,-3
1,0.0,0.0,0.0,3.0952e-05,-2
2,0.0,0.0,0.0,3.0952e-05,-1
3,0.91494,0.0,1.287,0.06929199999999999,0
4,1.1061,0.2168,1.287,0.42746000000000006,1
5,1.2224,0.2168,2.1617,1.081,2
6,1.4197,0.2168,3.1978,1.1493,3
7,1.5163,0.46311,3.6003,1.5309,4
8,1.6985,0.48446000000000006,4.128,1.5309,5
9,1.7952,0.6489699999999999,114.9464,1.5935,6
10,1.9286,,,,7
