,ALM,LQH,LSE,Riemannian_SQP,log10residual
0,0.0,0.0,0.0,3.0555e-05,-3
1,0.0,0.0,0.0,3.0555e-05,-2
2,0.0,0.0,0.0,3.0555e-05,-1
3,2.0854,0.0,0.0,0.20956,0
4,2.2252,0.040409,1.4596,0.20956,1
5,2.2848,0.040409,3.5228,5.1554,2
6,2.3876,0.040409,3.9938,6.5143,3
7,2.4377,0.077686,4.2864,6.7035,4
8,2.5227,0.10778,4.4421,6.8973,5
9,2.553,0.15649000000000002,4.4421,6.8973,6
10,2.6218,0.20426,4.5772,6.8973,7
11,2.6625,,,7.0887,8
12,2.7946,,,7.0887,9
