,ALM,LQH,LSE,Riemannian_SQP,log10residual
0,0.0,0.0,0.0,3.0934e-05,-3
1,0.0,0.0,0.0,3.0934e-05,-2
2,0.0,0.0,0.0,3.0934e-05,-1
3,2.2933,0.82945,1.9246,0.40574,0
4,9.197000000000001,0.82945,3.8489999999999998,3.6745,1
5,10.5399,6.2818,15.4768,8.4745,2
6,18.7108,14.4804,,8.4745,3
7,21.384,24.1318,,8.8557,4
8,,35.6181,,9.0488,5
9,,,,9.4176,6
10,,,,9.7963,7
11,,,,10.1779,8
12,,,,15.2616,9
