,ALM,LQH,LSE,Riemannian_SQP,log10residual
0,0.0,0.0,0.0,6.9305e-05,-3
1,0.0,0.0,0.0,6.9305e-05,-2
2,0.0,0.0,0.0,6.9305e-05,-1
3,2.2616,0.09892100000000001,1.0319,0.24401,0
4,2.3788,0.09892100000000001,1.0319,2.5357,1
5,2.582,0.09892100000000001,1.2158,3.9542,2
6,2.7612,0.15638,1.5628,4.1768,3
7,2.8343,0.22111,1.6789,4.1768,4
8,2.9691,0.33668000000000003,1.7279,4.2885,5
9,3.0139,0.42708999999999997,2.1184,4.2885,6
10,3.1115,,,4.7444,7
11,3.1434,,,13.4912,8
12,,,,121.3912,9
