,ALM,LQH,LSE,Riemannian_SQP,log10residual
0,0.0,0.0,0.0,3.1485e-05,-3
1,0.0,0.0,0.0,3.1485e-05,-2
2,1.694,0.0,0.0,0.32663000000000003,-1
3,3.1265,0.32077,2.07,0.61195,0
4,3.1265,0.32077,2.07,2.7379,1
5,3.1265,0.32077,9.1765,8.2442,2
6,4.1966,0.34894000000000003,11.5691,8.8559,3
7,16.1677,0.6234,21.0647,10.0338,4
8,,1.0737,44.897,10.3138,5
9,,1.4483,,10.3138,6
10,,,,10.3138,7
11,,,,13.5818,8
12,,,,133.8396,9
