,ALM,LQH,LSE,Riemannian_SQP,dim
0,0.38617803030303033,0.018503981294236603,0.02414128259799902,0.06087653268371904,"[4, 8]"
0,0.3916582474226804,0.023669956317747938,0.033944462353212065,0.11888225039619651,"[5, 10]"
0,0.426459604519774,0.029514412595882118,0.04752968448164842,0.19090381679389312,"[6, 12]"
0,0.41658082191780826,0.03715156210312421,0.06285108464483198,0.31381736401673643,"[7, 14]"
