,ALM,LQH,LSE,Riemannian_SQP,dim
0,0.38803223350253807,0.017955310006138737,0.02369871175523349,0.061758649093904446,"[4, 8]"
0,0.3935718670076726,0.02240240723704385,0.03296360178970917,0.11679735202492213,"[5, 10]"
0,0.38995234375000004,0.026820757492186063,0.04255089491916859,0.1932105534105534,"[6, 12]"
0,0.41730111420612814,0.03298004524886878,0.0563796636085627,0.30967814432989693,"[7, 14]"
