,ALM,LQH,LSE,Riemannian_SQP,log10residual
0,0.0,0.0,0.0,3.058e-05,-3
1,0.0,0.0,0.0,3.058e-05,-2
2,0.0,0.0,0.0,0.29958,-1
3,2.7892,0.41493,2.303,0.5976100000000001,0
4,4.5829,0.41493,2.303,3.6748,1
5,5.2939,3.3685,7.0459,6.7451,2
6,8.2141,3.3685,7.9381,16.1185,3
7,12.5806,3.4169,8.837,22.7525,4
8,24.1304,4.1866,22.2879,,5
9,27.0469,5.7853,,,6
