,ALM,LQH,LSE,Riemannian_SQP,log10residual
0,0.0,0.0,0.0,0.00012499,-3
1,0.0,0.0,0.0,0.00012499,-2
2,0.0,0.0,0.0,0.00012499,-1
3,0.73806,0.0,1.0743,0.18009,0
4,2.3093,0.0,1.0743,0.18009,1
5,2.3308,0.0,2.362,0.18009,2
6,2.3492,0.0,2.6736,0.18009,3
7,2.3691,0.0,2.7009,0.18009,4
8,2.3877,0.0,2.7009,0.18009,5
9,2.4019999999999997,0.0,2.7582,0.18009,6
10,2.4161,0.042469,2.8023,0.28192,7
11,2.44,0.075962,2.9483,20.0918,8
12,2.4669,0.39437,3.2447,20.0918,9
13,2.5121,80.2824,,,10
14,2.5121,,,,11
