,ALM,LQH,LSE,Riemannian_SQP,log10residual
0,0.0,0.0,0.0,3.8871e-05,-3
1,0.0,0.0,0.0,3.8871e-05,-2
2,0.0,0.0,0.0,3.8871e-05,-1
3,1.681,0.0,0.54013,0.073561,0
4,3.3784,0.27239,0.54013,0.47828000000000004,1
5,6.3045,0.50541,1.7069999999999999,1.2002,2
6,12.1771,1.6019999999999999,3.0634,1.2608,3
7,34.4644,3.0867,3.2595,1.2608,4
8,,15.8669,3.6518,1.3213,5
9,,,3.7417,1.3823,6
10,,,3.865,1.4435,7
11,,,,2.8421,8
12,,,,17.7532,9
