,ALM,LQH,LSE,Riemannian_SQP,log10residual
0,0.0,0.0,0.0,3.2385e-05,-3
1,0.0,0.0,0.0,3.2385e-05,-2
2,0.0,0.0,0.0,3.2385e-05,-1
3,0.87411,0.17179,1.0214,0.1359,0
4,3.2756,0.17179,1.0214,0.58908,1
5,4.3009,0.17179,2.4613,1.7696,2
6,4.6065,0.17179,2.8196,1.8338,3
7,4.798,0.20908000000000002,2.9797,1.8338,4
8,4.9091,0.33552,3.1378,1.8971,5
9,5.0889,0.36696999999999996,3.3492,1.8971,6
10,5.1746,,8.0886,1.8971,7
11,5.3051,,,2.7899,8
12,,,,23.5381,9
