,ALM,LQH,LSE,Riemannian_SQP,dim
0,0.008370402298850575,0.006710899873257288,0.016960518934081348,0.06211768848384424,"[4, 8]"
0,0.014323210214318285,0.00875080459770115,0.0374408,0.11757688087774294,"[5, 10]"
0,0.41605729729729735,0.05421162790697675,0.0346072869955157,0.18873383647798742,"[6, 12]"
0,0.43646363636363633,0.057532432432432425,2.4096079365079364,0.2964920948616601,"[7, 14]"
