"initialpoint","repeat","row_dim","col_dim","rank","mineigval_correction","tolKKTres","maxOuterIter","maxtime","verbosity","eqconstratio","P","PA","x0",
"feasible_region",1,4,8,2,1e-05,16,100000,180,1,0.5,0,1,1,1,0,0,1,0,0,0.15228,0.26707,0.10617,0,0,0.23191,0,0.20922,0.22529,0.26707,0.17846,0.15199,0.11332,0.23191,0.10899,
,,,,,,,,,,,1,1,0,0,1,1,1,0,0.12974,0.21332,0,0,0.21635,0.14515,0.29635,0,0.45262,0.3008,0.41332,0.35682,0.21635,0.14515,0.29635,0.011342,
,,,,,,,,,,,1,1,1,1,1,1,1,0,0.2141,0.65633,0.58672,0.50176,0.50477,0.82205,0.72038,0,0.02538,0.65633,0.58672,0.12027,0.39754,0.35082,0.72038,0.76983,
,,,,,,,,,,,1,1,1,0,1,1,0,1,0.21365,0.25981,0.50177,0,0.31186,0.063884,0,0.31795,0.21365,0.48997,0.50177,0.22299,0.31186,0.255,0.52286,0.42394,
