"initialpoint","repeat","row_dim","col_dim","rank","mineigval_correction","tolKKTres","maxOuterIter","maxtime","verbosity","eqconstratio","P","PA","x0",
"feasible_region",1,6,12,2,1e-05,16,100000,180,1,1,1,0,1,1,0,0,1,0,1,0,0,0,0.35862,0,0.41917,0.45002,0,0,0.75301,0,0.063998,0,0,0,0.35862,0.68395,0.42077,0.45474,0.72986,0.2615,0.75277,0.62759,0.062419,0.33274,0.10494,0.6166,
,,,,,,,,,,,0,0,1,1,1,1,0,0,0,0,1,0,0,0,0.57878,0.64821,0.9649,0.34641,0,0,0,0,0.14502,0,0.9006,0.88724,0.57878,0.64821,0.9649,0.34641,1.0118,0.62856,0.072057,0.40334,0.14502,0.85276,
,,,,,,,,,,,0,1,1,1,1,1,0,1,1,1,1,1,0,0.61989,0.35677,0.36862,0.648,0.23165,0,0.70735,0.063228,0.32271,0.08848,0.51937,1.4238e-07,0.61989,0.35677,0.36862,0.648,0.23165,0.6559,0.70735,0.063228,0.32271,0.08848,0.51937,
,,,,,,,,,,,0,1,0,1,1,1,1,0,0,0,0,1,0,1.0146,0,0.64817,1.0745,0.38466,1.1007,0,0,0,0,0.89073,0.3349,1.0146,0.60927,0.64817,1.0745,0.38466,1.1007,1.015,0.096628,0.50641,0.15165,0.89073,
,,,,,,,,,,,0,0,0,1,0,1,1,0,1,0,0,0,0,0,0,0.56294,0,0.28675,0.846,0,0.053525,0,0,0,0.99054,0.72361,0.49141,0.56294,0.79758,0.28675,0.846,0.40349,0.053525,0.31231,0.1235,0.72658,
,,,,,,,,,,,1,1,0,1,0,0,1,0,1,1,1,1,0.34278,0.66612,0,0.44202,0,0,0.73262,0,0.060923,0.32449,0.10207,0.59973,0.34278,0.66612,0.40931,0.44201,0.71057,0.25458,0.73262,0.61399,0.060924,0.32449,0.10207,0.59973,
