"initialpoint","repeat","row_dim","col_dim","rank","mineigval_correction","tolKKTres","maxOuterIter","maxtime","verbosity","eqconstratio","P","PA","x0",
"feasible_region",1,6,12,2,1e-05,16,100000,180,1,0,0,1,0,0,0,0,1,0,1,1,1,1,0,1.0526,0,0,0,0,1.0085,0,0.56947,0.90358,0.38025,0.76864,0.35295,0.015426,0.027768,0.31637,0.076066,0.15588,0.11545,0.023174,0.053018,0.059262,0.013574,0.37997,
,,,,,,,,,,,0,0,0,0,1,0,0,1,1,1,0,0,0,0,0,0,0.82963,0,0,0.083337,0.48656,0.77528,0,0,0.20973,0.077924,0.06982,0.87915,0.68299,0.67303,0.75294,0.071861,0.072991,0.08153,0.08045,0.20073,
,,,,,,,,,,,1,1,1,1,0,1,0,0,0,1,0,0,0.28575,1.2316,0.75053,1.46,0,0.93098,0,0,0,1.1907,0,0,0.81403,0.042474,0.069391,0.79898,0.23941,0.41773,0.3349,0.059274,0.12644,0.14132,0.038567,0.87384,
,,,,,,,,,,,0,1,1,1,1,0,0,1,1,1,1,0,0,0.56243,0.22733,0.65639,0.65955,0,0,0.077513,0.52292,0.63495,0.17311,0,0.034384,0.039271,0.031994,0.41047,0.35775,0.334,0.38715,0.034167,0.027953,0.031214,0.041083,0.023251,
,,,,,,,,,,,0,0,0,0,0,0,0,1,1,0,1,1,0,0,0,0,0,0,0,0.10265,0.71314,0,0.19054,0.11074,0.065059,0.086054,0.069646,0.89476,0.78588,0.73114,0.84947,0.074573,0.05998,0.066974,0.090102,0.039711,
,,,,,,,,,,,0,0,0,0,0,0,0,0,0,0,0,0,0,0,0,0,0,0,0,0,0,0,0,0,0.4265,0.046855,0.055434,0.66591,0.35364,0.42653,0.42032,0.051841,0.081089,0.090616,0.046105,0.44887,
