"initialpoint","repeat","row_dim","col_dim","rank","mineigval_correction","tolKKTres","maxOuterIter","maxtime","verbosity","eqconstratio","P","PA","x0",
"feasible_region",1,7,14,2,1e-05,16,100000,180,1,0.3,0,0,1,1,0,1,1,0,0,0,0,0,1,0,0,0,0.12029,0.16737,0,0.46083,0.50751,0,0,0,0,0,0.40429,0,0.098032,0.051427,0.035752,0.27641,0.18137,0.46083,0.24578,0.061265,0.43131,0.38697,0.29323,0.06974,0.14075,0.21351,
,,,,,,,,,,,1,0,0,0,0,0,0,1,1,0,1,0,1,0,0.1953,0,0,0,0,0,0,0.20766,0.10837,0,0.55371,0,0.33286,0,0.038343,0.027663,0.073394,0.08022,0.12463,0.14144,0.19176,0.093897,0.12199,0.13176,0.10432,0.076981,0.17451,0.11744,
,,,,,,,,,,,1,1,1,0,1,0,1,0,1,0,1,0,1,1,0.41224,0.62714,0.32328,0,0.40261,0,0.63551,0,0.73918,0,0.72492,0,0.61831,0.35886,0.10351,0.083982,0.27133,0.1822,0.40261,0.33403,0.63551,0.33965,0.27177,0.33155,0.26886,0.26906,0.61831,0.35886,
,,,,,,,,,,,0,1,1,0,1,1,1,0,1,1,1,1,1,0,0,0.2327,0.28044,0,0.26654,0.15399,0.16797,0,0.20854,0.18273,0.41794,0.21036,0.28997,0,0.047069,0.025875,0.026477,0.12835,0.095498,0.21518,0.133,0.040376,0.19977,0.18273,0.13917,0.041275,0.0863,0.10783,
,,,,,,,,,,,0,0,1,0,0,0,1,0,0,0,0,0,0,1,0,0,0.38136,0,0,0,0.5331,0,0,0,0,0,0,0.35957,0.071968,0.082876,0.38136,0.036201,0.45408,0.10637,0.75204,0.46299,0.037432,0.16693,0.1533,0.34829,0.81738,0.35957,
,,,,,,,,,,,0,0,0,1,0,1,1,1,0,1,1,1,0,0,0,0,0,0.23907,0,0.36953,0.40644,0.31312,0,0.43858,0.42619,0.24345,0,0,0.078249,0.06957,0.253,0.11525,0.34763,0.22123,0.55749,0.31312,0.16779,0.23483,0.19489,0.24345,0.56369,0.29863,
,,,,,,,,,,,1,0,1,0,0,0,1,0,1,1,1,0,0,1,0.20003,0,0.086775,0,0,0,0.36417,0,0.41693,0.39248,0.3011,0,0,0.15332,0.10352,0.060537,0.086775,0.26889,0.23583,0.45463,0.33845,0.1224,0.41693,0.39248,0.3011,0.11466,0.2472,0.25347,
