"initialpoint","repeat","row_dim","col_dim","rank","mineigval_correction","tolKKTres","maxOuterIter","maxtime","verbosity","eqconstratio","P","PA","x0",
"feasible_region",1,4,8,3,1e-05,16,100000,180,1,0,1,0,1,1,1,1,1,1,0.47523,0,0.91467,0.66,1.2655,0.76648,1.5361,0.86981,0.89345,0.061366,0.81757,0.15203,0.59486,0.93986,0.71139,0.49243,
,,,,,,,,,,,1,0,1,1,1,1,1,1,0.2096,0,0.75259,0.72306,1.0937,0.18002,1.011,0.43358,0.80479,0.011599,0.11244,0.1014,0.81109,0.44876,0.15746,0.85688,
,,,,,,,,,,,1,1,1,1,1,1,1,1,0.1889,0.35912,0.50059,0.43985,0.73254,0.2457,0.77111,0.35578,0.078168,0.060064,0.060515,0.073681,0.016609,0.044155,0.026888,0.035193,
,,,,,,,,,,,1,1,1,1,1,1,0,1,0.35457,0.69323,0.6776,0.40396,0.73727,0.54281,0,0.74681,0.89001,0.68025,0.77846,0.83313,0.15684,0.56531,0.38021,0.34417,
