"initialpoint","repeat","row_dim","col_dim","rank","mineigval_correction","tolKKTres","maxOuterIter","maxtime","verbosity","eqconstratio","P","PA","x0",
"feasible_region",1,5,10,2,1e-05,16,100000,180,1,1,1,1,1,0,1,1,1,1,0,1,0.38761,0.23006,0.11858,0,0.44773,0.12116,0.085516,0.25684,0,0.14703,0.38761,0.054562,0.11113,0.20686,0.44773,0.12116,0.085516,0.25684,0.30996,0.14703,
,,,,,,,,,,,1,1,0,1,0,1,0,0,1,0,0.98596,0.11679,0,1.0147,0,0.76606,0,0,0.74642,0,0.98596,0.11679,0.23787,1.0147,1.3027,0.76606,0.21626,0.56257,0.74642,0.37427,
,,,,,,,,,,,1,0,0,1,1,1,0,0,1,1,0.28439,0,0,0.13676,0.33706,0.074821,0,0,0.12928,0.10757,0.28439,0.040709,0.082915,0.13676,0.32347,0.074821,0.062783,0.19123,0.22871,0.10787,
,,,,,,,,,,,0,0,1,0,1,1,0,0,1,0,0,0,0.19508,0,0.99118,0.5147,0,0,0.59356,0,0.77357,0.095779,0.19508,0.704,0.99118,0.5147,0.16991,0.4585,0.59356,0.2936,
,,,,,,,,,,,1,0,0,0,0,0,0,0,1,1,0.75939,0,0,0,0,0,0,0,0.40305,0.28939,0.75939,-9.595e-08,-6.9772e-08,2.7787,1.6729,2.4619,0.16137,0.062305,0.40305,0.28939,
