"initialpoint","repeat","row_dim","col_dim","rank","mineigval_correction","tolKKTres","maxOuterIter","maxtime","verbosity","eqconstratio","P","PA","x0",
"feasible_region",1,4,8,2,1e-05,16,100000,180,1,0.3,0,1,1,0,0,0,1,1,0,0.61137,0.67924,0,0,0,0.15669,0.25426,0.5735,0.61137,0.92601,0.45228,0.82413,0.61925,0.21755,0.43625,
,,,,,,,,,,,0,0,1,1,1,0,1,1,0,0,0.73609,0.45813,0.27278,0,0.16416,0.30032,0.22777,0.063884,0.00015355,0.45813,0.27278,0.17285,0.16416,0.066076,
,,,,,,,,,,,1,0,1,0,0,0,1,1,0.64274,0,0.94488,0,0,0,0.24512,0.23444,0.63434,0.28418,0.21875,1.1105,0.79208,0.5248,0.41102,0.24768,
,,,,,,,,,,,1,1,1,0,0,1,1,1,0.81439,0.62666,0.6724,0,0,0.30741,0.13499,0.34011,0.40994,0.48422,0.7589,0.24982,0.60348,0.46193,0.13499,0.34011,
