"initialpoint","repeat","row_dim","col_dim","rank","mineigval_correction","tolKKTres","maxOuterIter","maxtime","verbosity","eqconstratio","P","PA","x0",
"feasible_region",1,6,12,3,1e-05,16,100000,180,1,1,0,0,1,1,0,0,0,1,0,1,1,1,0,0,0.99149,0.50708,0,0,0,0.52167,0,1.2258,0.72716,0.87353,0.16604,0.29676,0.99149,0.50708,1.236,0.00013368,0.61574,0.52167,0.56868,1.2258,0.72716,0.87353,
,,,,,,,,,,,1,0,1,0,0,0,1,1,0,1,0,1,0.17097,0,0.14312,0,0,0,0.12535,0.14926,0,0.23948,0,0.1113,0.17097,0.3172,0.14312,0.029238,5.5234e-05,0.77538,0.12535,0.036016,0.26837,0.23948,0.10032,0.12395,
,,,,,,,,,,,1,0,0,0,0,0,1,1,0,1,1,1,0.40472,0,0,0,0,0,0.42734,0.14576,0,0.38638,0.29739,0.36936,0.40472,0.85531,0.42897,0.08442,0.060326,2.0487,0.42734,0.14576,0.78757,0.38638,0.29739,0.36936,
,,,,,,,,,,,1,1,1,0,1,1,0,1,0,0,1,1,0.94002,0.62354,1.0278,0,1.0957,0.95258,0,0.24016,0,0,0.80017,0.93376,0.94002,0.62354,1.0278,0.67071,1.0957,0.95258,-9.2011e-08,0.24016,0.29663,4.6176,0.80017,0.93376,
,,,,,,,,,,,0,1,0,1,1,1,1,1,1,1,1,1,0,0.48339,0,0.2339,0.48125,0.90025,0.37563,0.31177,0.52559,0.7997,0.43389,0.45659,0.27114,0.48339,0.55179,0.2339,0.48125,0.90025,0.37563,0.24125,0.52559,0.7997,0.4,0.48408,
,,,,,,,,,,,0,1,1,1,1,1,1,1,1,0,0,0,0,0.834,0.98733,0.38887,0.87775,1.5128,0.78837,0.48128,1.0092,0,0,0,0.36267,0.834,0.98733,0.38887,0.87775,1.5128,0.78837,0.48129,1.0092,0.84453,0.7071,0.86099,
