"initialpoint","repeat","row_dim","col_dim","rank","mineigval_correction","tolKKTres","maxOuterIter","maxtime","verbosity","eqconstratio","P","PA","x0",
"feasible_region",1,6,12,3,1e-05,16,100000,180,1,0.7,1,1,1,1,1,1,0,0,1,1,1,0,0.9322,0.89918,0.6075,0.90581,0.51224,0.94015,0,0,0.64463,0.41117,0.89881,0,0.9322,0.89918,0.6075,0.90581,0.51224,0.94015,1.4007,0.12218,0.64463,0.29621,0.89881,0.25907,
,,,,,,,,,,,0,0,1,1,0,1,0,1,1,1,0,0,0,0,0.42014,0.49397,0,0.57979,0,0.69806,0.84515,0.26035,0,0,0.36322,0.49412,0.42014,0.49397,0.76116,0.0094514,0.29572,0.68555,0.84515,0.31586,4.6684e-07,0.582,
,,,,,,,,,,,0,1,0,1,0,0,0,1,1,0,1,1,0,0.65793,0,0.90103,0,0,0,0.52874,0.88051,0,0.72113,0.56672,0.76153,0.65793,0.52684,0.90103,0.78017,0.30363,0.77841,0.52874,0.88051,0.31841,0.30812,0.56672,
,,,,,,,,,,,0,1,1,0,0,0,1,1,1,1,0,1,0,1.1923,0.88641,0,0,0,1.4388,1.2242,1.5055,0.55047,0,0.89094,0.38631,1.1923,0.88641,0.4226,1.2962,0.45219,0.75393,1.2242,1.5055,0.67841,0.33907,0.89094,
,,,,,,,,,,,1,1,1,1,1,0,1,0,0,1,0,1,1.2247,1.3164,0.72236,0.98186,1.0271,0,1.5323,0,0,0.49859,0,0.45571,1.1585,1.1888,0.86771,1.2356,1.0271,0.88061,1.5323,0.59845,1.2093,0.49859,0.83961,0.66408,
,,,,,,,,,,,1,1,1,1,0,0,1,1,0,1,0,0,0.75691,0.7462,0.60812,0.92488,0,0,0.74251,0.73575,0,0.39765,0,0,0.75691,0.7462,0.60812,0.92488,0.9646,0.24233,0.74251,0.73575,1.0827,0.39765,0.24023,0.71361,
