"initialpoint","repeat","row_dim","col_dim","rank","mineigval_correction","tolKKTres","maxOuterIter","maxtime","verbosity","eqconstratio","P","PA","x0",
"feasible_region",1,5,10,2,1e-05,16,100000,180,1,0.7,0,0,1,0,0,1,1,0,0,0,0,0,0.18482,0,0,0.23943,0.13317,0,0,0,0.51292,0.3237,0.5155,0.13791,0.16926,0.23943,0.24505,1.2342,0.16697,0.14944,
,,,,,,,,,,,0,0,0,0,1,1,0,0,0,1,0,0,0,0,0.18432,0.25259,0,0,0,0.32255,0.28896,0.33994,0.31647,0.25319,0.18432,0.25259,0.173,0.78234,0.13344,0.34058,
,,,,,,,,,,,0,1,1,1,1,1,1,1,1,1,0,0.58858,0.36918,0.52452,0.32434,0.43826,0.2325,0.94608,0.19773,0.73567,0.30182,0.58858,0.36918,0.52452,0.32434,0.43826,0.2325,0.94608,0.19773,0.73567,
,,,,,,,,,,,1,1,0,1,1,0,1,1,1,1,0.93694,0.62091,0,0.2849,0.54039,0,0.45419,0.84444,0.31241,0.32116,0.93694,0.62091,0.94655,0.2849,0.3259,0.45948,0.45419,2.2709,0.31241,0.32116,
,,,,,,,,,,,1,0,1,0,1,0,1,1,0,0,1.4259,0,0.67072,0,0.64745,0,0.50582,1.4317,0,0,0.72234,1.1805,0.8458,1.0012,0.64745,0.87845,0.50582,2.1383,0.41621,1.3895,
