"iter","cost","gradnorm","time","stepsize","ls_max_steps_break","dist","qpexitflag","rho","KKT_residual","maxviolation","meanviolation",
0,0.88047,5.3888,3.3624e-05,NaN,NaN,NaN,NaN,1,5.9336,6.8448e-09,4.4995e-10,
1,0.37658,0.84299,0.086087,0.4783,0,1.3019,1,1,0.8506,0.059356,0.0078402,
2,0.10254,0.45658,0.16536,0.31381,0,0.96201,1,1,0.4971,0.08948,0.013202,
3,0.032553,0.25008,0.24245,0.81,0,2.263,1,1,0.30296,0.094079,0.013319,
4,0.0057652,0.099962,0.323,0.53144,0,12.423,1,1,0.19346,0.093331,0.013134,
5,0.0001862,0.013913,0.39959,1,0,1.1622,1,1,0.018829,0.0093124,0.0009082,
6,7.2151e-07,0.00099198,0.47519,1,0,0.39812,1,1,0.0017846,0.0010371,0.00010463,
7,4.265e-13,3.8007e-07,0.54969,1,0,0.0059578,1,1,4.8899e-07,2.5835e-07,1.9429e-08,
