"iter","cost","gradnorm","time","stepsize","ls_max_steps_break","dist","qpexitflag","rho","violation_sum","maxviolation","meanviolation",
0,0.10137,5.2228,5.4372e-05,NaN,NaN,NaN,NaN,1,1.1723,0.35922,0.080374,
1,-0.67193,1.6516,0.026748,1,0,1.0557,1,1.4855,0.94124,0,0,
2,-0.87831,0.40215,0.051308,0.5,0,0.50547,1,1.4855,0.56592,0,0,
3,-0.90987,0.015413,0.074926,1,0,0.22648,1,1.4855,0.45696,0,0,
4,-0.90993,4.1574e-05,0.099762,1,0,0.013487,1,1.4855,0.45675,0,0,
