"iter","cost",
0,0.052214,
1,-0.39367,
2,-0.65752,
3,-0.60237,
4,-0.57231,
5,-0.56292,
6,-0.56778,
7,-0.5598,
8,-0.55931,
9,-0.55921,
10,-0.55938,
11,-0.56103,
12,-0.5606,
13,-0.56237,
14,-0.56084,
15,-0.5605,
16,-0.56032,
17,-0.56029,
18,-0.56028,
19,-0.56028,
20,-0.56029,
21,-0.56027,
22,-0.56027,
23,-0.56027,
24,-0.56027,
24,-0.56027,
