"iter","cost",
0,-0.037274,
1,-0.7157,
2,-0.93427,
3,-0.74891,
4,-0.74229,
5,-0.74205,
6,-0.72506,
7,-0.72338,
8,-0.72009,
9,-0.72029,
10,-0.71886,
11,-0.71863,
12,-0.71861,
13,-0.71861,
14,-0.71861,
15,-0.71861,
16,-0.71861,
17,-0.71861,
17,-0.71861,
