"iter","cost",
0,-0.067198,
1,-0.6324,
2,-0.89367,
3,-0.73699,
4,-0.68218,
5,-0.66952,
6,-0.66878,
7,-0.66891,
8,-0.66954,
9,-0.66871,
10,-0.66875,
11,-0.66855,
12,-0.6685,
13,-0.66848,
14,-0.66848,
15,-0.66848,
16,-0.66848,
17,-0.66848,
18,-0.66848,
18,-0.66848,
