"iter","cost","gradnorm","time","stepsize","ls_max_steps_break","dist","qpexitflag","rho","violation_sum","maxviolation","meanviolation",
0,0.048523,7.2127,7.6271e-05,NaN,NaN,NaN,NaN,1,0.96367,0.28248,0.059981,
1,-0.52399,1.374,0.091138,1,0,1.0781,1,1,0.63116,0,0,
2,-0.72033,0.056846,0.1937,1,0,0.66211,1,1,0.18151,0,0,
3,-0.72052,7.1973e-05,0.2782,1,0,0.027721,1,1,0.18526,0,0,
