"iter","cost","gradnorm","time","stepsize","ls_max_steps_break","dist","qpexitflag","rho","violation_sum","maxviolation","meanviolation",
0,-0.15668,7.1129,0.00010421,NaN,NaN,NaN,NaN,1,0.96597,0.28554,0.050677,
1,-0.56729,0.57291,0.082483,1,0,1.0254,1,1,0.47693,0,0,
2,-0.59049,0.023566,0.17849,1,0,0.26385,1,1,0.4248,0,0,
3,-0.59093,0.0033826,0.30459,1,0,0.044782,1,1,0.42182,0,0,
4,-0.59095,0.00082051,0.40121,1,0,0.010611,1,1,0.42138,0,0,
5,-0.59095,0.00022608,0.48572,1,0,0.0029006,1,1,0.4213,0,0,
6,-0.59095,6.7129e-05,0.57168,1,0,0.00085927,1,1,0.42127,0,0,
