"iter","cost",
0,0.037134,
1,-0.30687,
2,-0.68649,
3,-0.58289,
4,-0.53306,
5,-0.52525,
6,-0.52606,
7,-0.52612,
8,-0.52512,
9,-0.52523,
10,-0.52508,
11,-0.52508,
12,-0.52506,
13,-0.52505,
14,-0.52504,
15,-0.52504,
16,-0.52504,
17,-0.52504,
17,-0.52504,
