"iter","cost",
0,0.0049223,
1,-0.43959,
2,-0.68766,
3,-0.61486,
4,-0.57997,
5,-0.56384,
6,-0.56184,
7,-0.56178,
8,-0.56386,
9,-0.5622,
10,-0.56227,
11,-0.56219,
12,-0.56258,
13,-0.56247,
14,-0.56229,
15,-0.56222,
16,-0.56221,
17,-0.56221,
18,-0.56221,
19,-0.56221,
20,-0.56221,
21,-0.56221,
21,-0.56221,
