"iter","cost",
0,-0.066022,
1,-0.59681,
2,-0.79674,
3,-0.73693,
4,-0.67394,
5,-0.66145,
6,-0.65777,
7,-0.65697,
8,-0.65666,
9,-0.65646,
10,-0.65603,
11,-0.65597,
12,-0.65594,
13,-0.65592,
14,-0.65591,
15,-0.65591,
16,-0.6559,
17,-0.6559,
18,-0.6559,
19,-0.6559,
20,-0.6559,
21,-0.6559,
21,-0.6559,
