"iter","cost","gradnorm","time","stepsize","ls_max_steps_break","dist","qpexitflag","rho","violation_sum","maxviolation","meanviolation",
0,0.016734,7.1584,8.2313e-05,NaN,NaN,NaN,NaN,1,1.0207,0.33764,0.062919,
1,-0.34277,2.0355,0.07924,1,0,0.89659,1,1,0.70957,0,0,
2,-0.67643,0.38105,0.15839,1,0,0.74277,1,1,0.6062,9.7694e-16,4.1569e-17,
3,-0.77452,0.08125,0.24687,1,0,0.53598,1,1,0.49856,0,0,
4,-0.77456,3.2395e-05,0.36215,1,0,0.011399,1,1,0.49839,0,0,
