"iter","cost",
0,-0.15389,
1,-1.4411,
2,-0.80857,
3,-0.18299,
4,-0.025136,
5,0.020802,
6,-0.13015,
7,-0.30467,
8,-0.31199,
9,-0.30974,
10,-0.45231,
11,-0.46882,
12,-0.46684,
13,-0.46643,
14,-0.4982,
15,-0.49899,
16,-0.4988,
17,-0.49879,
18,-0.50512,
19,-0.50499,
20,-0.50499,
21,-0.50619,
22,-0.50617,
23,-0.50617,
23,-0.50617,
