"iter","cost",
0,1.5593,
1,-2.21,
2,-1.9558,
3,-1.0296,
4,-0.44639,
5,-0.47646,
6,-0.36293,
7,-0.68465,
8,-0.70667,
9,-0.70601,
10,-0.77378,
11,-0.77321,
12,-0.77368,
13,-0.78976,
14,-0.78987,
15,-0.78985,
16,-0.79309,
17,-0.79308,
18,-0.79388,
19,-0.79388,
19,-0.79388,
