"iter","cost","gradnorm","time","stepsize","ls_max_steps_break","dist","qpexitflag","rho","violation_sum","maxviolation","meanviolation",
0,-0.11741,5.0916,6.0413e-05,NaN,NaN,NaN,NaN,1,1.2328,0.49688,0.089828,
1,-0.55995,2.7598,0.026113,1,0,1.2234,1,1.5771,0.63074,9.1544e-18,6.4967e-19,
2,-0.67089,0.034876,0.058778,1,0,0.36285,1,1.5771,0.39322,0,0,
3,-0.67093,2.7298e-05,0.086047,1,0,0.011774,1,1.5771,0.39346,0,0,
