"iter","cost",
0,0.21248,
1,-2.3425,
2,-1.5308,
3,-0.53839,
4,-0.23956,
5,-0.077958,
6,-0.25076,
7,-0.39717,
8,-0.38895,
9,-0.38757,
10,-0.52613,
11,-0.52898,
12,-0.53065,
13,-0.53104,
14,-0.53078,
15,-0.56347,
16,-0.56489,
17,-0.5646,
18,-0.56457,
19,-0.57198,
20,-0.57203,
21,-0.57204,
22,-0.57204,
23,-0.57359,
24,-0.57359,
25,-0.57359,
26,-0.57359,
26,-0.57359,
