"iter","cost",
0,-1.4389,
1,-2.887,
2,-1.1611,
3,-1.3171,
4,-1.957,
5,-0.75782,
6,-0.34447,
7,-0.3147,
8,-0.48849,
9,-0.57495,
10,-0.5575,
11,-0.55507,
12,-0.65704,
13,-0.66116,
14,-0.65937,
15,-0.68139,
16,-0.68012,
17,-0.67984,
18,-0.67977,
19,-0.68373,
20,-0.68335,
21,-0.68333,
22,-0.68333,
23,-0.68333,
24,-0.68401,
25,-0.68398,
26,-0.68398,
27,-0.68398,
27,-0.68398,
