"iter","cost","gradnorm","time","stepsize","ls_max_steps_break","dist","qpexitflag","rho","violation_sum","maxviolation","meanviolation",
0,-0.097303,9.9329,5.1729e-05,NaN,NaN,NaN,NaN,1,1.0243,0.23361,0.034764,
1,-0.47873,0.96576,0.40315,1,0,0.92823,1,1,0.62315,0,0,
2,-0.63973,0.12212,0.80795,1,0,0.58365,1,1,0.40155,0,0,
3,-0.64806,0.019432,1.2439,1,0,0.15696,1,1,0.39715,0,0,
4,-0.64852,0.00477,1.6488,1,0,0.041878,1,1,0.39866,0,0,
5,-0.64856,0.0014357,2.0717,1,0,0.012781,1,1,0.39935,0,0,
6,-0.64857,0.00046227,2.4831,1,0,0.0041287,1,1,0.39958,0,0,
7,-0.64857,0.00015327,2.8857,1,0,0.0013701,1,1,0.39966,0,0,
8,-0.64857,5.1643e-05,3.2966,1,0,0.00046178,1,1,0.39969,0,0,
