"iter","cost",
0,-5.1499,
1,-5.9489,
2,-3.3004,
3,-2.2531,
4,-1.9233,
5,-0.7619,
6,-0.55167,
7,-0.45882,
8,-0.44649,
9,-0.52751,
10,-0.59634,
11,-0.58877,
12,-0.58506,
13,-0.67221,
14,-0.70454,
15,-0.69986,
16,-0.69942,
17,-0.69916,
18,-0.69917,
19,-0.73411,
20,-0.7324,
21,-0.73159,
22,-0.73158,
23,-0.73153,
24,-0.7391,
25,-0.73794,
26,-0.73783,
27,-0.73781,
28,-0.7378,
29,-0.7378,
30,-0.73913,
31,-0.73896,
32,-0.73896,
33,-0.73896,
34,-0.73896,
35,-0.73896,
36,-0.73896,
36,-0.73896,
