"iter","cost",
0,-0.034064,
1,-0.2983,
2,-0.44822,
3,-0.50719,
4,-0.45459,
5,-0.4505,
6,-0.46643,
7,-0.49811,
8,-0.49294,
9,-0.48305,
10,-0.48135,
11,-0.48196,
12,-0.48155,
13,-0.48396,
14,-0.48388,
15,-0.4829,
16,-0.48272,
17,-0.48268,
18,-0.48267,
19,-0.48265,
20,-0.48264,
21,-0.48264,
22,-0.48264,
23,-0.48264,
23,-0.48264,
