"iter","cost",
0,-0.0065215,
1,-0.29728,
2,-0.47932,
3,-0.54004,
4,-0.55036,
5,-0.5208,
6,-0.52178,
7,-0.52236,
8,-0.52914,
9,-0.56828,
10,-0.55913,
11,-0.55755,
12,-0.55708,
13,-0.55894,
14,-0.55508,
15,-0.55423,
16,-0.55434,
17,-0.55418,
18,-0.55406,
19,-0.55405,
20,-0.55404,
21,-0.55404,
22,-0.55405,
23,-0.55404,
24,-0.55404,
25,-0.55404,
26,-0.55404,
26,-0.55404,
