"iter","cost",
0,-0.070285,
1,-0.73942,
2,-1.0746,
3,-0.8595,
4,-0.77766,
5,-0.76042,
6,-0.75619,
7,-0.75467,
8,-0.75437,
9,-0.75401,
10,-0.75394,
11,-0.75392,
12,-0.75391,
13,-0.75391,
14,-0.75391,
15,-0.75391,
16,-0.75391,
16,-0.75391,
