"iter","cost",
0,-0.048011,
1,-0.5447,
2,-0.83281,
3,-0.76143,
4,-0.72477,
5,-0.73979,
6,-0.71775,
7,-0.71164,
8,-0.70786,
9,-0.70642,
10,-0.70588,
11,-0.70584,
12,-0.70579,
13,-0.70577,
14,-0.70577,
15,-0.70577,
16,-0.70577,
17,-0.70577,
18,-0.70577,
18,-0.70577,
