"iter","cost","gradnorm","time","stepsize","ls_max_steps_break","dist","qpexitflag","rho","violation_sum","maxviolation","meanviolation",
0,-0.28197,2.5466,7.4761e-05,NaN,NaN,NaN,NaN,1,1.3826,0.46339,0.17819,
1,-0.11712,4.3905,0.0094524,1,0,0.89187,1,2.7622,0.5416,0,0,
2,-1.3771,14.3796,0.018873,0.03125,0,1.3637,1,14.4819,0.17075,0,0,
3,-1.3804,0.00033636,0.027264,1,0,0.048439,1,14.4819,0.09782,0,0,
4,-1.3804,7.3035e-10,0.038969,1,0,0.00012241,1,14.4819,0.097824,0,0,
