"iter","cost",
0,-0.043188,
1,-0.32324,
2,-0.59925,
3,-0.54665,
4,-0.64111,
5,-0.92363,
6,-0.84494,
7,-0.75252,
8,-0.73896,
9,-0.73731,
10,-0.73812,
11,-0.73752,
12,-0.73785,
13,-0.73652,
14,-0.73647,
15,-0.73647,
16,-0.73646,
17,-0.73646,
17,-0.73646,
