"iter","cost",
0,-0.0050706,
1,-0.37109,
2,-0.6872,
3,-0.66097,
4,-0.61318,
5,-0.59431,
6,-0.59191,
7,-0.59236,
8,-0.59193,
9,-0.59253,
10,-0.59099,
11,-0.59037,
12,-0.59035,
13,-0.59038,
14,-0.59038,
15,-0.59035,
16,-0.59034,
17,-0.59033,
18,-0.59033,
19,-0.59033,
20,-0.59033,
21,-0.59033,
21,-0.59033,
