"iter","cost",
0,-0.025717,
1,-0.31197,
2,-0.55249,
3,-0.80258,
4,-0.94443,
5,-0.93447,
6,-0.82973,
7,-0.79538,
8,-0.79134,
9,-0.78928,
10,-0.78902,
11,-0.78895,
12,-0.78893,
13,-0.78893,
14,-0.78893,
15,-0.78893,
15,-0.78893,
