"iter","cost","gradnorm","time","stepsize","ls_max_steps_break","dist","qpexitflag","rho","violation_sum","maxviolation","meanviolation",
0,-0.33952,3.6984,5.777e-05,NaN,NaN,NaN,NaN,1,1.4355,0.4393,0.16024,
1,-0.77518,0.27812,0.0091024,1,0,1.034,1,1,0.37307,0,0,
2,-0.77936,0.0068989,0.019387,1,0,0.077723,1,1,0.36151,1.946e-15,1.946e-16,
3,-0.77939,0.00055382,0.02763,1,0,0.006101,1,1,0.36185,0,0,
4,-0.77939,4.8322e-05,0.034995,1,0,0.00053102,1,1,0.36189,0,0,
