"iter","cost",
0,-0.12508,
1,-0.54688,
2,-0.50144,
3,-0.48177,
4,-0.48158,
5,-0.48158,
6,-0.48158,
6,-0.48158,
