"iter","cost",
0,0.046168,
1,-0.22982,
2,-0.60235,
3,-0.66306,
4,-0.62029,
5,-0.57953,
6,-0.57134,
7,-0.57181,
8,-0.57414,
9,-0.57335,
10,-0.58139,
11,-0.5752,
12,-0.57716,
13,-0.57585,
14,-0.57662,
15,-0.57623,
16,-0.57583,
17,-0.57579,
18,-0.57576,
19,-0.57574,
20,-0.57574,
21,-0.57574,
22,-0.57574,
23,-0.57574,
24,-0.57574,
24,-0.57574,
