"iter","cost",
0,-0.00097562,
1,-0.23815,
2,-0.43838,
3,-0.57024,
4,-0.50799,
5,-0.49622,
6,-0.49282,
7,-0.49839,
8,-0.49315,
9,-0.4955,
10,-0.49558,
11,-0.49447,
12,-0.49462,
13,-0.49453,
14,-0.49456,
15,-0.49459,
16,-0.49462,
17,-0.4946,
18,-0.49457,
19,-0.49456,
20,-0.49456,
21,-0.49456,
22,-0.49456,
23,-0.49455,
24,-0.49455,
25,-0.49455,
26,-0.49455,
27,-0.49455,
28,-0.49455,
28,-0.49455,
