"iter","cost",
0,0.45936,
1,-2.8914,
2,-2.2808,
3,-0.74606,
4,-0.97664,
5,-0.48034,
6,-0.070177,
7,-0.11409,
8,-0.061107,
9,-0.067038,
10,-0.16561,
11,-0.33287,
12,-0.30148,
13,-0.30027,
14,-0.48498,
15,-0.57152,
16,-0.55461,
17,-0.55485,
18,-0.55446,
19,-0.62478,
20,-0.624,
21,-0.62234,
22,-0.62225,
23,-0.62222,
24,-0.63693,
25,-0.63628,
26,-0.63625,
27,-0.63625,
28,-0.63624,
29,-0.63624,
30,-0.63908,
31,-0.63906,
32,-0.63904,
33,-0.63904,
34,-0.63904,
34,-0.63904,
