"iter","cost",
0,1.4934,
1,-0.14319,
2,-0.068516,
3,0.11143,
4,0.051755,
5,0.03629,
6,0.050337,
7,-0.013118,
8,-0.10947,
9,-0.12447,
10,-0.14585,
11,-0.15334,
12,-0.16069,
13,-0.16426,
14,-0.36134,
15,-0.37196,
16,-0.36932,
17,-0.37916,
18,-0.37717,
19,-0.37675,
20,-0.3765,
21,-0.37641,
22,-0.41999,
23,-0.42069,
24,-0.42097,
25,-0.42103,
26,-0.42092,
27,-0.43016,
28,-0.43021,
29,-0.43019,
30,-0.4302,
31,-0.43019,
32,-0.43208,
33,-0.43209,
34,-0.43209,
34,-0.43209,
