"iter","cost",
0,0.28809,
1,-3.3911,
2,-2.2472,
3,-1.0952,
4,-0.88857,
5,-0.31279,
6,-0.12306,
7,-0.15203,
8,-0.1196,
9,-0.11936,
10,-0.2324,
11,-0.3722,
12,-0.35818,
13,-0.35556,
14,-0.50177,
15,-0.56343,
16,-0.56103,
17,-0.56416,
18,-0.56202,
19,-0.62075,
20,-0.62051,
21,-0.61954,
22,-0.61944,
23,-0.61939,
24,-0.61939,
25,-0.61939,
26,-0.63264,
27,-0.63176,
28,-0.63168,
29,-0.63168,
30,-0.63168,
31,-0.63429,
32,-0.63418,
33,-0.63417,
34,-0.63417,
35,-0.63417,
35,-0.63417,
