"iter","cost",
0,-0.0064029,
1,-0.30075,
2,-0.54617,
3,-0.63178,
4,-0.6006,
5,-0.6079,
6,-0.60283,
7,-0.62199,
8,-0.61106,
9,-0.607,
10,-0.60549,
11,-0.60756,
12,-0.60628,
13,-0.6046,
14,-0.60444,
15,-0.60441,
16,-0.60438,
17,-0.60437,
18,-0.60437,
19,-0.60436,
20,-0.60435,
21,-0.60435,
22,-0.60435,
22,-0.60435,
