"iter","cost",
0,-0.59595,
1,-4.4852,
2,-4.1685,
3,-1.0426,
4,-1.2042,
5,-0.39494,
6,-0.14187,
7,-0.19581,
8,-0.15154,
9,-0.15786,
10,-0.25333,
11,-0.47319,
12,-0.41802,
13,-0.40977,
14,-0.62833,
15,-0.69202,
16,-0.67939,
17,-0.67942,
18,-0.67866,
19,-0.75199,
20,-0.74865,
21,-0.74778,
22,-0.74768,
23,-0.74763,
24,-0.76242,
25,-0.76181,
26,-0.76177,
27,-0.76175,
28,-0.76175,
29,-0.76465,
30,-0.76457,
31,-0.76457,
32,-0.76457,
33,-0.76457,
33,-0.76457,
