"iter","cost",
0,-0.62636,
1,-5.7042,
2,-4.2459,
3,-1.1373,
4,-0.33699,
5,-0.21811,
6,-0.10592,
7,-0.12727,
8,-0.117,
9,-0.21726,
10,-0.45508,
11,-0.40316,
12,-0.39889,
13,-0.66339,
14,-0.69315,
15,-0.68963,
16,-0.69005,
17,-0.68877,
18,-0.75943,
19,-0.75779,
20,-0.7574,
21,-0.75719,
22,-0.75715,
23,-0.77133,
24,-0.7711,
25,-0.77108,
26,-0.77107,
27,-0.77107,
28,-0.7739,
29,-0.77387,
30,-0.77386,
31,-0.77386,
32,-0.77386,
32,-0.77386,
