"iter","cost",
0,-0.030772,
1,-0.35526,
2,-0.53585,
3,-0.52406,
4,-0.56352,
5,-0.56978,
6,-0.63344,
7,-0.57404,
8,-0.56934,
9,-0.5695,
10,-0.57139,
11,-0.57072,
12,-0.56951,
13,-0.56949,
14,-0.56952,
15,-0.5696,
16,-0.56956,
17,-0.56944,
18,-0.56942,
19,-0.56942,
20,-0.56943,
21,-0.56943,
22,-0.56944,
23,-0.56943,
24,-0.56943,
25,-0.56943,
26,-0.56943,
26,-0.56943,
