"iter","cost",
0,-0.053926,
1,-0.57271,
2,-0.84516,
3,-0.84462,
4,-0.74681,
5,-0.71535,
6,-0.71172,
7,-0.71234,
8,-0.70927,
9,-0.70825,
10,-0.70798,
11,-0.70794,
12,-0.70792,
13,-0.70792,
14,-0.70791,
15,-0.70791,
16,-0.70791,
17,-0.70791,
18,-0.70791,
18,-0.70791,
