"iter","cost",
0,-0.038979,
1,-0.7954,
2,-1.5871,
3,-1.1457,
4,-0.95657,
5,-0.90135,
6,-0.8899,
7,-0.88767,
8,-0.8867,
9,-0.88657,
10,-0.8865,
11,-0.88649,
12,-0.88649,
13,-0.88649,
14,-0.88649,
14,-0.88649,
