"iter","cost",
0,-0.045327,
1,-0.36994,
2,-0.47476,
3,-0.4689,
4,-0.53492,
5,-0.50624,
6,-0.54124,
7,-0.56425,
8,-0.57037,
9,-0.58862,
10,-0.56759,
11,-0.5839,
12,-0.59416,
13,-0.57764,
14,-0.58436,
15,-0.60265,
16,-0.58619,
17,-0.5849,
18,-0.58502,
19,-0.58408,
20,-0.58401,
21,-0.584,
22,-0.584,
23,-0.58399,
24,-0.58399,
25,-0.58399,
26,-0.58399,
27,-0.58399,
28,-0.58399,
29,-0.58399,
29,-0.58399,
