"iter","cost",
0,-0.023019,
1,-0.34418,
2,-0.54077,
3,-0.58865,
4,-0.55177,
5,-0.54241,
6,-0.5346,
7,-0.53726,
8,-0.53843,
9,-0.53715,
10,-0.53583,
11,-0.53591,
12,-0.53604,
13,-0.53621,
14,-0.53606,
15,-0.53601,
16,-0.53596,
17,-0.53594,
18,-0.53593,
19,-0.53593,
20,-0.53593,
21,-0.53593,
22,-0.53593,
23,-0.53593,
24,-0.53593,
24,-0.53593,
