"iter","cost","gradnorm","time","stepsize","ls_max_steps_break","dist","qpexitflag","rho","violation_sum","maxviolation","meanviolation",
0,-0.003607,7.0865,7.967e-05,NaN,NaN,NaN,NaN,1,0.9327,0.35574,0.049064,
1,-0.61278,0.81618,0.085142,1,0,1.0558,1,1,0.54044,0,0,
2,-0.71659,0.16658,0.1647,1,0,0.82507,1,1,0.3267,0,0,
3,-0.71861,0.0036547,0.24341,1,0,0.14906,1,1,0.32141,0,0,
4,-0.71861,2.4053e-06,0.32304,1,0,0.0038695,1,1,0.32129,0,0,
