"iter","cost",
0,-4.1398,
1,-5.5109,
2,-2.6349,
3,-0.66651,
4,-0.42141,
5,-0.17019,
6,-0.18818,
7,-0.15896,
8,-0.22334,
9,-0.35885,
10,-0.32398,
11,-0.44562,
12,-0.51356,
13,-0.50882,
14,-0.51333,
15,-0.51307,
16,-0.51131,
17,-0.51145,
18,-0.57493,
19,-0.57718,
20,-0.57473,
21,-0.57504,
22,-0.57472,
23,-0.57467,
24,-0.59037,
25,-0.58875,
26,-0.58868,
27,-0.58866,
28,-0.58866,
29,-0.59168,
30,-0.5915,
31,-0.5915,
32,-0.5915,
33,-0.5915,
34,-0.59208,
35,-0.59206,
36,-0.59206,
36,-0.59206,
