"iter","cost",
0,-0.041071,
1,-0.31095,
2,-0.45446,
3,-0.60791,
4,-0.62235,
5,-0.59416,
6,-0.56732,
7,-0.56289,
8,-0.56296,
9,-0.56481,
10,-0.56501,
11,-0.56449,
12,-0.56381,
13,-0.56368,
14,-0.56373,
15,-0.56368,
16,-0.56373,
17,-0.56376,
18,-0.56371,
19,-0.56368,
20,-0.56366,
21,-0.56365,
22,-0.56365,
23,-0.56365,
24,-0.56365,
25,-0.56365,
25,-0.56365,
