"iter","cost","gradnorm","time","stepsize","ls_max_steps_break","dist","qpexitflag","rho","violation_sum","maxviolation","meanviolation",
0,-0.58061,3.6903,4.9841e-05,NaN,NaN,NaN,NaN,1,1.1735,0.38372,0.060576,
1,-1.1289,0.48999,0.0085515,1,0,0.77993,1,1,0.32848,0,0,
2,-1.187,0.045424,0.016399,1,0,0.34649,1,1,0.049084,0,0,
3,-1.1873,1.4051e-05,0.024665,1,0,0.020997,1,1,0.032658,0,0,
