"iter","cost","gradnorm","time","stepsize","ls_max_steps_break","dist","qpexitflag","rho","violation_sum","maxviolation","meanviolation",
0,0.02282,3.0197,4.4932e-05,NaN,NaN,NaN,NaN,1,1.0322,0.55801,0.137,
1,-0.58522,0.57533,0.0081841,1,0,1.262,1,1,0.2952,0,0,
2,-0.59633,0.011446,0.016485,1,0,0.19604,1,1,0.22608,0,0,
3,-0.59646,0.0013746,0.02364,1,0,0.023431,1,1,0.22414,0,0,
4,-0.59647,0.00019729,0.032409,1,0,0.0033239,1,1,0.22417,0,0,
5,-0.59647,2.902e-05,0.040294,1,0,0.00048804,1,1,0.22419,0,0,
