"iter","cost",
0,-0.061724,
1,-0.58981,
2,-0.80907,
3,-0.71997,
4,-0.68083,
5,-0.66175,
6,-0.65795,
7,-0.65754,
8,-0.65704,
9,-0.65661,
10,-0.65634,
11,-0.65627,
12,-0.65623,
13,-0.65621,
14,-0.65621,
15,-0.6562,
16,-0.6562,
17,-0.6562,
18,-0.6562,
19,-0.6562,
20,-0.6562,
20,-0.6562,
