"iter","cost",
0,-0.029673,
1,-0.3095,
2,-0.4902,
3,-0.9386,
4,-0.83522,
5,-0.96283,
6,-0.88347,
7,-0.82601,
8,-0.81723,
9,-0.81517,
10,-0.81437,
11,-0.8143,
12,-0.81427,
13,-0.81427,
14,-0.81427,
15,-0.81427,
15,-0.81427,
