"iter","cost",
0,-0.073818,
1,-0.67745,
2,-0.71758,
3,-0.65859,
4,-0.63157,
5,-0.64107,
6,-0.65532,
7,-0.65694,
8,-0.65257,
9,-0.65463,
10,-0.65076,
11,-0.64841,
12,-0.64815,
13,-0.64809,
14,-0.64807,
15,-0.64806,
16,-0.64806,
17,-0.64806,
17,-0.64806,
