"iter","cost",
0,-0.051523,
1,-0.76118,
2,-1.438,
3,-1.2431,
4,-0.99337,
5,-0.94866,
6,-0.94536,
7,-0.94288,
8,-0.94222,
9,-0.94221,
10,-0.9422,
11,-0.9422,
12,-0.9422,
12,-0.9422,
