"iter","cost",
0,-1.8459,
1,-2.2852,
2,-2.3615,
3,-0.96984,
4,-0.60622,
5,-0.39562,
6,-0.33842,
7,-0.34471,
8,-0.50214,
9,-0.60081,
10,-0.60035,
11,-0.59805,
12,-0.72056,
13,-0.72651,
14,-0.72422,
15,-0.72415,
16,-0.75631,
17,-0.75493,
18,-0.75468,
19,-0.75464,
20,-0.76145,
21,-0.76126,
22,-0.76126,
23,-0.76125,
24,-0.76264,
25,-0.76263,
26,-0.76263,
27,-0.76263,
27,-0.76263,
