"iter","cost","gradnorm","time","stepsize","ls_max_steps_break","dist","qpexitflag","rho","violation_sum","maxviolation","meanviolation",
0,0.20553,5.1758,4.833e-05,NaN,NaN,NaN,NaN,1,0.93255,0.54906,0.081559,
1,-0.60266,1.1353,0.027438,1,0,1.1906,1,1,0.57597,1.4729e-15,5.8917e-17,
2,-0.67777,0.060454,0.055055,1,0,0.34869,1,1,0.39181,0,0,
3,-0.67876,0.00036553,0.083159,1,0,0.043251,1,1,0.37959,0,0,
4,-0.67876,2.24e-09,0.11355,1,0,0.00010863,1,1,0.37961,0,0,
