"iter","cost",
0,-0.059779,
1,-0.35227,
2,-0.62345,
3,-0.90137,
4,-0.69294,
5,-0.63589,
6,-0.62817,
7,-0.62747,
8,-0.62733,
9,-0.62731,
10,-0.62731,
11,-0.62731,
12,-0.62731,
12,-0.62731,
