"iter","cost",
0,-7.7924,
1,-8.122,
2,-3.3299,
3,-1.5593,
4,-0.92587,
5,-0.70932,
6,-0.42659,
7,-0.40009,
8,-0.39226,
9,-0.45647,
10,-0.52853,
11,-0.51978,
12,-0.51685,
13,-0.61147,
14,-0.661,
15,-0.65314,
16,-0.65287,
17,-0.70021,
18,-0.69831,
19,-0.69692,
20,-0.69702,
21,-0.69692,
22,-0.70764,
23,-0.70675,
24,-0.70649,
25,-0.70645,
26,-0.70645,
27,-0.70645,
28,-0.70857,
29,-0.70835,
30,-0.70835,
31,-0.70834,
32,-0.70834,
32,-0.70834,
