"iter","cost","gradnorm","time","stepsize","ls_max_steps_break","dist","qpexitflag","rho","violation_sum","maxviolation","meanviolation",
0,-0.017274,12.133,5.4372e-05,NaN,NaN,NaN,NaN,1,1.045,0.22123,0.038496,
1,-0.38977,2.4638,0.83108,1,0,1.0061,1,1,0.84738,0,0,
2,-0.75059,0.38779,1.6677,1,0,0.97613,1,1,0.46485,2.7201e-15,1.8134e-17,
3,-0.7568,0.0042889,2.5432,1,0,0.13175,1,1,0.45299,0,0,
4,-0.75681,1.9283e-06,3.3653,1,0,0.0029178,1,1,0.45298,0,0,
