"iter","cost",
0,0.015501,
1,-0.26047,
2,-0.48711,
3,-0.45821,
4,-0.42689,
5,-0.43314,
6,-0.4496,
7,-0.45192,
8,-0.45319,
9,-0.46424,
10,-0.46371,
11,-0.47526,
12,-0.47409,
13,-0.46898,
14,-0.47199,
15,-0.47634,
16,-0.56093,
17,-0.49748,
18,-0.49414,
19,-0.50276,
20,-0.50188,
21,-0.50327,
22,-0.50323,
23,-0.50341,
24,-0.50328,
25,-0.50321,
26,-0.50311,
27,-0.50309,
28,-0.50309,
29,-0.50309,
29,-0.50309,
