"iter","cost",
0,-4.4878,
1,-6.3388,
2,-3.8568,
3,-2.7619,
4,-0.9594,
5,-0.89316,
6,-0.69125,
7,-0.52236,
8,-0.50852,
9,-0.50518,
10,-0.61969,
11,-0.68937,
12,-0.69021,
13,-0.68829,
14,-0.78127,
15,-0.81306,
16,-0.80716,
17,-0.80609,
18,-0.83642,
19,-0.83598,
20,-0.83577,
21,-0.8356,
22,-0.83556,
23,-0.83557,
24,-0.84177,
25,-0.84144,
26,-0.84143,
27,-0.84142,
28,-0.84142,
29,-0.84142,
29,-0.84142,
