"iter","cost",
0,-0.29335,
1,-1.333,
2,-1.0698,
3,-0.96415,
4,-0.93545,
5,-0.92605,
6,-0.92395,
7,-0.92341,
8,-0.92329,
9,-0.92325,
10,-0.92323,
11,-0.92323,
12,-0.92323,
13,-0.92323,
14,-0.92323,
14,-0.92323,
