"iter","cost",
0,0.0052488,
1,-0.40866,
2,-0.6612,
3,-0.95211,
4,-0.76383,
5,-0.69195,
6,-0.67337,
7,-0.67207,
8,-0.67101,
9,-0.67096,
10,-0.67094,
11,-0.67095,
12,-0.67094,
13,-0.67093,
14,-0.67093,
14,-0.67093,
