"iter","cost",
0,-0.0015663,
1,-0.57476,
2,-1.2382,
3,-1.2532,
4,-0.98319,
5,-0.88971,
6,-0.88033,
7,-0.87654,
8,-0.87561,
9,-0.87544,
10,-0.87539,
11,-0.87539,
12,-0.87538,
13,-0.87538,
14,-0.87538,
14,-0.87538,
