"iter","cost",
0,-73.3808,
1,-51.4556,
2,-24.0761,
3,-15.6115,
4,-12.5357,
5,-7.4499,
6,-5.9375,
7,-4.6385,
8,-4.2169,
9,-2.6356,
10,-1.6073,
11,-1.4268,
12,-0.74427,
13,-0.72563,
14,-0.64031,
15,-0.62268,
16,-0.62524,
17,-0.62542,
18,-0.62476,
19,-0.63413,
20,-0.64748,
21,-0.64738,
22,-0.66847,
23,-0.72841,
24,-0.72186,
25,-0.72177,
26,-0.7744,
27,-0.82628,
28,-0.8163,
29,-0.81636,
30,-0.81629,
31,-0.81631,
32,-0.81644,
33,-0.81644,
34,-0.81644,
35,-0.81643,
35,-0.81643,
