"iter","cost",
0,-0.59655,
1,-3.5015,
2,-1.6473,
3,-0.66483,
4,-0.3179,
5,-0.25022,
6,-0.21701,
7,-0.39079,
8,-0.52614,
9,-0.50875,
10,-0.6225,
11,-0.62874,
12,-0.62817,
13,-0.62815,
14,-0.6543,
15,-0.6543,
16,-0.65434,
17,-0.65429,
18,-0.65967,
19,-0.65969,
20,-0.65969,
21,-0.65969,
22,-0.66079,
23,-0.66079,
24,-0.66079,
25,-0.66079,
26,-0.66079,
27,-0.66079,
27,-0.66079,
