"iter","cost","gradnorm","time","stepsize","ls_max_steps_break","dist","qpexitflag","rho","violation_sum","maxviolation","meanviolation",
0,-0.014441,31.6701,6.7965e-05,NaN,NaN,NaN,NaN,1,0.9847,0.10458,0.012754,
1,-0.36488,2.1483,45.5676,1,0,0.92495,1,1,0.86739,0,0,
2,-0.81141,0.4486,90.9527,1,0,0.97753,1,1,0.47654,0,0,
3,-0.8154,0.0019084,136.3028,1,0,0.087335,1,1,0.464,0,0,
4,-0.8154,1.3867e-07,181.7481,1,0,0.00077311,1,1,0.46401,0,0,
