"iter","cost",
0,0.067926,
1,0.068983,
2,-0.15494,
3,-0.25991,
4,-0.24015,
5,-0.22591,
6,-0.23034,
7,-0.23522,
8,-0.23386,
9,-0.26296,
10,-0.24184,
11,-0.26286,
12,-0.35139,
13,-0.30563,
14,-0.34582,
15,-0.3714,
16,-0.39498,
17,-0.40066,
18,-0.39632,
19,-0.39593,
20,-0.39591,
21,-0.3959,
22,-0.3959,
22,-0.3959,
