"iter","cost",
0,0.046709,
1,-0.57826,
2,-1.5178,
3,-1.2309,
4,-0.96445,
5,-0.89501,
6,-0.88775,
7,-0.88592,
8,-0.88538,
9,-0.88533,
10,-0.8853,
11,-0.88529,
12,-0.88529,
13,-0.88529,
13,-0.88529,
