"iter","cost",
0,-0.043361,
1,-0.56584,
2,-0.9308,
3,-0.8835,
4,-0.79619,
5,-0.76076,
6,-0.74943,
7,-0.74316,
8,-0.74223,
9,-0.74194,
10,-0.74188,
11,-0.74185,
12,-0.74184,
13,-0.74184,
14,-0.74184,
15,-0.74184,
16,-0.74184,
16,-0.74184,
