"iter","cost","gradnorm","time","stepsize","ls_max_steps_break","dist","qpexitflag","rho","violation_sum","maxviolation","meanviolation",
0,0.1589,4.5545,6.2301e-05,NaN,NaN,NaN,NaN,1,1.211,0.45,0.10072,
1,-0.45316,3.1278,0.032608,1,0,1.2068,1,1.8498,0.73013,0,0,
2,-0.69934,0.1363,0.067718,1,0,1.054,1,1.8498,0.12519,4.2743e-18,3.0293e-19,
3,-0.70007,0.00033522,0.096246,1,0,0.075431,1,1.8498,0.11094,0,0,
4,-0.70007,1.6138e-08,0.13986,1,0,0.00053925,1,1.8498,0.11099,0,0,
