"iter","cost","gradnorm","time","stepsize","ls_max_steps_break","dist","qpexitflag","rho","violation_sum","maxviolation","meanviolation",
0,-0.052733,3.3962,6.5322e-05,NaN,NaN,NaN,NaN,1,1.0314,0.56919,0.07831,
1,-0.7908,1.0636,0.0096155,1,0,1.4968,1,1.1439,0.174,3.8975e-17,3.8975e-18,
2,-0.8014,0.0039703,0.018212,1,0,0.17624,1,1.1439,0.078561,0,0,
3,-0.80141,1.6944e-06,0.026763,1,0,0.0065096,1,1.1439,0.079645,0,0,
