"iter","cost",
0,0.014117,
1,-0.3151,
2,-0.65921,
3,-0.64008,
4,-0.61024,
5,-0.60997,
6,-0.59881,
7,-0.59726,
8,-0.59386,
9,-0.59437,
10,-0.59388,
11,-0.59379,
12,-0.59366,
13,-0.59352,
14,-0.59347,
15,-0.59346,
16,-0.59346,
17,-0.59346,
18,-0.59346,
19,-0.59346,
20,-0.59346,
20,-0.59346,
