"iter","cost","gradnorm","time","stepsize","ls_max_steps_break","dist","qpexitflag","rho","violation_sum","maxviolation","meanviolation",
0,-0.27352,4.7049,5.0218e-05,NaN,NaN,NaN,NaN,1,1.0914,0.12873,0.023572,
1,-0.58464,0.87701,0.030958,1,0,0.41231,1,1,0.89054,0,0,
2,-0.83868,0.32706,0.077213,1,0,0.82996,1,1,0.41312,0,0,
3,-0.84629,0.0042786,0.12618,1,0,0.13661,1,1,0.39685,0,0,
4,-0.8463,1.8289e-06,0.15782,1,0,0.0030356,1,1,0.39691,0,0,
