"iter","cost",
0,-0.04624,
1,-0.62411,
2,-0.84923,
3,-0.92638,
4,-0.76523,
5,-0.72976,
6,-0.72691,
7,-0.72317,
8,-0.72288,
9,-0.72282,
10,-0.72281,
11,-0.7228,
12,-0.7228,
13,-0.7228,
14,-0.7228,
14,-0.7228,
