"iter","cost",
0,-1.7533,
1,-1.5899,
2,-0.85231,
3,-0.60343,
4,-0.54758,
5,-0.68537,
6,-0.7319,
7,-0.71329,
8,-0.7724,
9,-0.76959,
10,-0.78555,
11,-0.78474,
12,-0.78472,
13,-0.78472,
14,-0.78484,
15,-0.78488,
15,-0.78488,
