"iter","cost",
0,-0.020716,
1,-0.45267,
2,-0.81402,
3,-0.79627,
4,-0.73441,
5,-0.70116,
6,-0.6906,
7,-0.68625,
8,-0.68519,
9,-0.68485,
10,-0.68476,
11,-0.68474,
12,-0.68474,
13,-0.68474,
14,-0.68474,
14,-0.68474,
