"iter","cost","gradnorm","time","stepsize","ls_max_steps_break","dist","qpexitflag","rho","violation_sum","maxviolation","meanviolation",
0,-0.08228,4.9421,8.0802e-05,NaN,NaN,NaN,NaN,1,1.0423,0.30287,0.089865,
1,-0.30438,2.3231,0.036562,1,0,0.95967,1,1.4282,0.83685,0,0,
2,-0.68044,0.20815,0.064362,1,0,0.79237,1,1.4282,0.49755,0,0,
3,-0.68275,0.0028075,0.091226,1,0,0.08813,1,1.4282,0.48525,0,0,
4,-0.68275,0.00021448,0.11867,1,0,0.0055125,1,1.4282,0.48495,0,0,
5,-0.68275,2.8014e-05,0.14615,1,0,0.00069965,1,1.4282,0.48495,0,0,
