"iter","cost",
0,-0.0031975,
1,-0.23706,
2,-0.42049,
3,-0.47076,
4,-0.48723,
5,-0.48641,
6,-0.49378,
7,-0.48494,
8,-0.48535,
9,-0.48601,
10,-0.48898,
11,-0.49035,
12,-0.48986,
13,-0.49079,
14,-0.48885,
15,-0.48924,
16,-0.49043,
17,-0.49162,
18,-0.4907,
19,-0.49041,
20,-0.49021,
21,-0.49067,
22,-0.49052,
23,-0.49041,
24,-0.49024,
25,-0.49023,
26,-0.4902,
27,-0.49019,
28,-0.49019,
29,-0.49019,
30,-0.49019,
31,-0.49019,
32,-0.49019,
32,-0.49019,
