"iter","cost",
0,-0.053342,
1,-0.48452,
2,-0.83937,
3,-0.81057,
4,-0.73471,
5,-0.70579,
6,-0.69703,
7,-0.69345,
8,-0.69289,
9,-0.69277,
10,-0.69274,
11,-0.69273,
12,-0.69273,
13,-0.69273,
14,-0.69273,
15,-0.69273,
15,-0.69273,
