"iter","cost","gradnorm","time","stepsize","ls_max_steps_break","dist","qpexitflag","rho","violation_sum","maxviolation","meanviolation",
0,-0.040696,12.3496,5.1729e-05,NaN,NaN,NaN,NaN,1,0.99343,0.22441,0.029918,
1,-0.74401,0.67841,0.83496,1,0,1.2687,1,1,0.34023,0,0,
2,-0.76934,0.016006,1.6515,1,0,0.26426,1,1,0.22596,0,0,
3,-0.76949,7.0696e-05,2.5442,1,0,0.024981,1,1,0.22531,0,0,
