"iter","cost",
0,-0.040511,
1,-0.45738,
2,-0.58058,
3,-0.54368,
4,-0.54091,
5,-0.53559,
6,-0.54071,
7,-0.53802,
8,-0.54191,
9,-0.53863,
10,-0.53995,
11,-0.54079,
12,-0.54246,
13,-0.54016,
14,-0.54,
15,-0.5399,
16,-0.54006,
17,-0.54002,
18,-0.54003,
19,-0.53995,
20,-0.53994,
21,-0.5399,
22,-0.53988,
23,-0.53988,
24,-0.53988,
25,-0.53988,
25,-0.53988,
