"iter","cost",
0,0.051818,
1,-0.12844,
2,-0.54217,
3,-0.72914,
4,-0.61562,
5,-0.60299,
6,-0.59704,
7,-0.60236,
8,-0.59689,
9,-0.59577,
10,-0.59382,
11,-0.59364,
12,-0.59356,
13,-0.59354,
14,-0.59353,
15,-0.59353,
16,-0.59353,
17,-0.59353,
17,-0.59353,
