"iter","cost",
0,0.010681,
1,-0.19463,
2,-0.43957,
3,-0.55718,
4,-0.48991,
5,-0.48467,
6,-0.49555,
7,-0.4941,
8,-0.49446,
9,-0.49618,
10,-0.49431,
11,-0.49445,
12,-0.49534,
13,-0.49722,
14,-0.49553,
15,-0.49524,
16,-0.49512,
17,-0.4951,
18,-0.49509,
19,-0.49508,
20,-0.49508,
21,-0.49508,
22,-0.49508,
23,-0.49508,
23,-0.49508,
