"iter","cost",
0,-0.032683,
1,-0.41239,
2,-0.67183,
3,-0.85577,
4,-0.89861,
5,-0.74569,
6,-0.71427,
7,-0.71238,
8,-0.71186,
9,-0.71174,
10,-0.7117,
11,-0.71161,
12,-0.71161,
13,-0.7116,
14,-0.71158,
15,-0.71158,
16,-0.71158,
16,-0.71158,
