"iter","cost","gradnorm","time","stepsize","ls_max_steps_break","dist","qpexitflag","rho","violation_sum","maxviolation","meanviolation",
0,0.013155,12.3317,6.4566e-05,NaN,NaN,NaN,NaN,1,0.99871,0.23128,0.028733,
1,-0.81285,0.79427,0.82191,1,0,1.3711,1,1,0.2384,0,0,
2,-0.82045,0.002616,1.6942,1,0,0.13043,1,1,0.19681,0,0,
3,-0.82046,1.1307e-06,2.5217,1,0,0.0033903,1,1,0.1967,0,0,
