"iter","cost",
0,-1.4216,
1,-1.5799,
2,-0.95001,
3,-0.55741,
4,-0.4067,
5,-0.36241,
6,-0.42937,
7,-0.46982,
8,-0.47158,
9,-0.48339,
10,-0.48499,
11,-0.56018,
12,-0.54258,
13,-0.54287,
14,-0.54401,
15,-0.54392,
16,-0.55626,
17,-0.55515,
18,-0.55503,
19,-0.55719,
20,-0.55708,
21,-0.55758,
22,-0.55756,
23,-0.55756,
23,-0.55756,
