"iter","cost",
0,-0.98022,
1,-3.0644,
2,-1.7555,
3,-0.57021,
4,-0.27686,
5,-0.20725,
6,-0.20008,
7,-0.35958,
8,-0.4446,
9,-0.45237,
10,-0.45346,
11,-0.58426,
12,-0.61391,
13,-0.5978,
14,-0.59769,
15,-0.63525,
16,-0.63155,
17,-0.63151,
18,-0.63145,
19,-0.63141,
20,-0.63869,
21,-0.63838,
22,-0.63833,
23,-0.63833,
24,-0.63833,
25,-0.63976,
26,-0.63972,
27,-0.63972,
27,-0.63972,
