"iter","cost",
0,-0.015872,
1,-0.37695,
2,-0.75406,
3,-1.1344,
4,-0.9916,
5,-0.84848,
6,-0.81437,
7,-0.81079,
8,-0.80913,
9,-0.80876,
10,-0.80869,
11,-0.80867,
12,-0.80867,
13,-0.80867,
14,-0.80867,
14,-0.80867,
