"iter","cost",
0,-0.054578,
1,-0.58558,
2,-0.93087,
3,-0.83098,
4,-0.73794,
5,-0.71664,
6,-0.7122,
7,-0.71069,
8,-0.71015,
9,-0.70989,
10,-0.70974,
11,-0.70971,
12,-0.7097,
13,-0.70969,
14,-0.70969,
15,-0.70969,
15,-0.70969,
