"iter","cost",
0,-0.038447,
1,-0.35299,
2,-0.49588,
3,-0.57197,
4,-0.56853,
5,-0.55527,
6,-0.55864,
7,-0.55,
8,-0.54795,
9,-0.54715,
10,-0.54717,
11,-0.54726,
12,-0.54726,
13,-0.54726,
14,-0.54724,
15,-0.54731,
16,-0.5472,
17,-0.54727,
18,-0.54736,
19,-0.54762,
20,-0.54769,
21,-0.5476,
22,-0.54755,
23,-0.54752,
24,-0.54753,
25,-0.54752,
26,-0.54752,
27,-0.54752,
28,-0.54752,
29,-0.54753,
30,-0.54753,
31,-0.54753,
32,-0.54753,
33,-0.54753,
34,-0.54753,
34,-0.54753,
