"iter","cost",
0,0.057132,
1,-0.26297,
2,-0.85401,
3,-0.6332,
4,-0.53843,
5,-0.52987,
6,-0.52962,
7,-0.52956,
8,-0.52956,
9,-0.52956,
10,-0.52956,
10,-0.52956,
