"iter","cost",
0,-0.065362,
1,-0.67302,
2,-1.0115,
3,-0.87037,
4,-0.76506,
5,-0.74966,
6,-0.74527,
7,-0.74341,
8,-0.74248,
9,-0.74242,
10,-0.74178,
11,-0.74163,
12,-0.7416,
13,-0.74159,
14,-0.74159,
15,-0.74159,
16,-0.74159,
17,-0.74159,
17,-0.74159,
