"iter","cost",
0,-0.091544,
1,-0.60116,
2,-1.4857,
3,-0.89649,
4,-0.80223,
5,-0.8002,
6,-0.79802,
7,-0.79758,
8,-0.79758,
9,-0.79758,
9,-0.79758,
