"iter","cost",
0,-0.047792,
1,-0.42397,
2,-0.72128,
3,-0.71435,
4,-0.80944,
5,-0.70027,
6,-0.68452,
7,-0.67725,
8,-0.67821,
9,-0.67582,
10,-0.6752,
11,-0.67508,
12,-0.67505,
13,-0.67504,
14,-0.67503,
15,-0.67501,
16,-0.67501,
17,-0.67501,
18,-0.67501,
18,-0.67501,
