"iter","cost","gradnorm","time","stepsize","ls_max_steps_break","dist","qpexitflag","rho","violation_sum","maxviolation","meanviolation",
0,-0.068624,11.1394,5.1351e-05,NaN,NaN,NaN,NaN,1,1.0822,0.29758,0.039401,
1,-0.45265,2.7782,0.65216,1,0,1.0509,1,1.329,0.85759,3.6399e-15,6.5023e-17,
2,-0.80012,0.47081,1.3102,1,0,0.95549,1,1.329,0.50029,0,0,
3,-0.81559,0.011449,1.8991,1,0,0.20144,1,1.329,0.46268,0,0,
4,-0.81561,1.7408e-05,2.5,1,0,0.0086685,1,1.329,0.46316,0,0,
