"iter","cost",
0,-0.051823,
1,-0.3701,
2,-0.50887,
3,-0.54187,
4,-0.656,
5,-0.55219,
6,-0.54203,
7,-0.54144,
8,-0.54143,
9,-0.54142,
10,-0.54142,
10,-0.54142,
