"iter","cost",
0,-0.014273,
1,-0.33371,
2,-0.52083,
3,-0.52774,
4,-0.51597,
5,-0.51557,
6,-0.51778,
7,-0.52024,
8,-0.52081,
9,-0.52206,
10,-0.52081,
11,-0.52104,
12,-0.5212,
13,-0.52139,
14,-0.52171,
15,-0.52142,
16,-0.52156,
17,-0.52185,
18,-0.52175,
19,-0.52165,
20,-0.52157,
21,-0.52155,
22,-0.52154,
23,-0.52152,
24,-0.52151,
25,-0.5215,
26,-0.5215,
27,-0.5215,
28,-0.52151,
29,-0.52151,
30,-0.52151,
31,-0.52151,
32,-0.5215,
33,-0.5215,
34,-0.5215,
35,-0.5215,
36,-0.5215,
36,-0.5215,
