"iter","cost","gradnorm","time","stepsize","ls_max_steps_break","dist","qpexitflag","rho","violation_sum","maxviolation","meanviolation",
0,-0.10017,8.7039,6.7587e-05,NaN,NaN,NaN,NaN,1,1.1422,0.31309,0.054418,
1,-0.47457,2.065,0.16822,1,0,1.0896,1,1,0.6031,0,0,
2,-0.57744,0.11321,0.34511,1,0,0.44551,1,1,0.43356,0,0,
3,-0.58558,0.026921,0.51288,1,0,0.13058,1,1,0.41464,0,0,
4,-0.58606,0.0065585,0.6811,1,0,0.031527,1,1,0.41322,0,0,
5,-0.5861,0.0021412,0.8483,1,0,0.010263,1,1,0.41285,0,0,
6,-0.58611,0.00074228,1.0284,1,0,0.0035559,1,1,0.41272,0,0,
7,-0.58611,0.00026374,1.2059,1,0,0.0012633,1,1,0.41267,0,0,
8,-0.58611,9.5028e-05,1.3801,1,0,0.00045517,1,1,0.41265,0,0,
