"iter","cost",
0,-3.7372,
1,-5.6399,
2,-4.6407,
3,-3.2183,
4,-1.2256,
5,-0.82506,
6,-0.69579,
7,-0.66426,
8,-0.78865,
9,-0.84015,
10,-0.82892,
11,-0.82599,
12,-0.90667,
13,-0.90769,
14,-0.90396,
15,-0.90328,
16,-0.92373,
17,-0.92015,
18,-0.91977,
19,-0.9196,
20,-0.91958,
21,-0.92346,
22,-0.92256,
23,-0.92256,
24,-0.92256,
25,-0.92256,
26,-0.92316,
27,-0.9231,
28,-0.9231,
29,-0.9231,
29,-0.9231,
