"iter","cost",
0,-0.047816,
1,-0.49544,
2,-0.88421,
3,-0.90828,
4,-0.9004,
5,-0.80258,
6,-0.77928,
7,-0.77389,
8,-0.77181,
9,-0.77114,
10,-0.77097,
11,-0.77093,
12,-0.77091,
13,-0.7709,
14,-0.7709,
15,-0.7709,
16,-0.7709,
16,-0.7709,
