"iter","cost",
0,-0.079162,
1,-0.84561,
2,-1.3621,
3,-1.0175,
4,-0.88062,
5,-0.85691,
6,-0.85286,
7,-0.85144,
8,-0.85109,
9,-0.85101,
10,-0.85098,
11,-0.85098,
12,-0.85097,
12,-0.85097,
