"iter","cost",
0,1.8605,
1,-1.6441,
2,-1.6763,
3,-1.0023,
4,-0.23323,
5,-0.064874,
6,-0.012088,
7,-0.16019,
8,-0.29532,
9,-0.30963,
10,-0.31017,
11,-0.45304,
12,-0.5121,
13,-0.49625,
14,-0.49168,
15,-0.49075,
16,-0.53571,
17,-0.53226,
18,-0.53269,
19,-0.53255,
20,-0.5413,
21,-0.54141,
22,-0.54139,
23,-0.54139,
23,-0.54139,
