"iter","cost",
0,-0.040852,
1,-0.37862,
2,-0.5336,
3,-0.53756,
4,-0.543,
5,-0.55089,
6,-0.54339,
7,-0.54571,
8,-0.54666,
9,-0.55201,
10,-0.55268,
11,-0.55272,
12,-0.55315,
13,-0.55236,
14,-0.55269,
15,-0.552,
16,-0.5519,
17,-0.55184,
18,-0.55186,
19,-0.55187,
20,-0.55184,
21,-0.55184,
22,-0.55183,
23,-0.55183,
24,-0.55181,
25,-0.5518,
26,-0.5518,
27,-0.5518,
28,-0.5518,
29,-0.5518,
30,-0.5518,
31,-0.5518,
31,-0.5518,
