"iter","cost",
0,-0.017488,
1,-0.3331,
2,-0.55373,
3,-0.57905,
4,-0.55078,
5,-0.53973,
6,-0.54043,
7,-0.54213,
8,-0.54698,
9,-0.542,
10,-0.54109,
11,-0.54129,
12,-0.54105,
13,-0.54108,
14,-0.54102,
15,-0.54114,
16,-0.54118,
17,-0.5412,
18,-0.54114,
19,-0.54107,
20,-0.54106,
21,-0.54105,
22,-0.54105,
23,-0.54105,
24,-0.54105,
25,-0.54105,
25,-0.54105,
