"iter","cost","gradnorm","time","stepsize","ls_max_steps_break","dist","qpexitflag","rho","violation_sum","maxviolation","meanviolation",
0,-0.037061,15.7814,5.3617e-05,NaN,NaN,NaN,NaN,1,1.0641,0.18131,0.026212,
1,-0.283,2.0059,2.2173,1,0,0.92373,1,1,0.759,0,0,
2,-0.65193,0.28627,4.3014,1,0,0.8515,1,1,0.5024,0,0,
3,-0.67347,0.022263,6.3854,1,0,0.21772,1,1,0.47482,0,0,
4,-0.67374,0.002401,8.4651,1,0,0.027891,1,1,0.47505,0,0,
5,-0.67374,0.00039718,10.5553,1,0,0.0046388,1,1,0.47505,6.0937e-15,2.4375e-17,
6,-0.67374,7.27e-05,12.6228,1,0,0.0008495,1,1,0.47504,2.9666e-14,2.5528e-16,
