"iter","cost",
0,0.79134,
1,-1.4823,
2,-1.04,
3,-0.56471,
4,-0.50486,
5,-0.41355,
6,-0.73668,
7,-0.69497,
8,-0.69014,
9,-0.76097,
10,-0.76081,
11,-0.7787,
12,-0.77915,
13,-0.77917,
14,-0.77919,
15,-0.77919,
16,-0.77935,
17,-0.77935,
18,-0.77935,
18,-0.77935,
