"iter","cost","gradnorm","time","stepsize","ls_max_steps_break","dist","qpexitflag","rho","violation_sum","maxviolation","meanviolation",
0,0.014749,5.1349,6.9853e-05,NaN,NaN,NaN,NaN,1,0.96875,0.35702,0.073969,
1,-0.25781,1.6831,0.029895,1,0,0.82957,1,1.228,0.66044,2.1833e-15,1.3531e-16,
2,-0.54364,0.36562,0.056153,1,0,0.6609,1,1.228,0.55782,0,0,
3,-0.64403,0.090077,0.080161,1,0,0.55387,1,1.228,0.50369,0,0,
4,-0.64426,0.00021135,0.10687,1,0,0.028823,1,1.228,0.50764,0,0,
5,-0.64426,1.69e-10,0.13235,1,0,2.5804e-05,1,1.228,0.50764,0,0,
