"iter","cost",
0,-0.027778,
1,-0.54263,
2,-1.1116,
3,-1.0433,
4,-0.87979,
5,-0.81698,
6,-0.80819,
7,-0.80618,
8,-0.80569,
9,-0.8056,
10,-0.80558,
11,-0.80557,
12,-0.80557,
13,-0.80557,
13,-0.80557,
