"iter","cost",
0,-13.9933,
1,-13.6222,
2,-7.7998,
3,-4.4982,
4,-3.5089,
5,-1.0588,
6,-1.1248,
7,-0.99106,
8,-0.59429,
9,-0.59029,
10,-0.57327,
11,-0.64601,
12,-0.72479,
13,-0.7184,
14,-0.71351,
15,-0.80746,
16,-0.85608,
17,-0.85191,
18,-0.85041,
19,-0.84989,
20,-0.89309,
21,-0.89389,
22,-0.89324,
23,-0.89314,
24,-0.89308,
25,-0.89308,
26,-0.90272,
27,-0.90218,
28,-0.9021,
29,-0.90206,
30,-0.90206,
31,-0.90206,
32,-0.90392,
33,-0.90378,
34,-0.90378,
35,-0.90378,
36,-0.90378,
36,-0.90378,
