"iter","cost",
0,-0.095941,
1,-1.0616,
2,-1.2871,
3,-0.96275,
4,-0.86632,
5,-0.84895,
6,-0.84597,
7,-0.84488,
8,-0.84459,
9,-0.84454,
10,-0.84452,
11,-0.84451,
12,-0.84451,
13,-0.84451,
14,-0.84451,
14,-0.84451,
