"iter","cost","gradnorm","time","stepsize","ls_max_steps_break","dist","qpexitflag","rho","violation_sum","maxviolation","meanviolation",
0,-0.028234,4.6415,0.00010308,NaN,NaN,NaN,NaN,1,1.0233,0.47304,0.084964,
1,-0.32142,1.8499,0.035643,1,0,0.93661,1,1,0.79134,0,0,
2,-0.84762,0.78243,0.065595,1,0,1.3381,1,1,0.16774,2.0483e-16,1.0906e-17,
3,-0.85775,0.0037899,0.11257,1,0,0.17727,1,1,0.068724,0,0,
4,-0.85776,2.1058e-06,0.14669,1,0,0.0077961,1,1,0.068981,0,0,
