"iter","cost",
0,-9.2424,
1,-7.9213,
2,-3.2832,
3,-1.7269,
4,-1.697,
5,-0.99568,
6,-0.58708,
7,-0.55382,
8,-0.5228,
9,-0.51882,
10,-0.56954,
11,-0.61292,
12,-0.60652,
13,-0.6601,
14,-0.67817,
15,-0.67525,
16,-0.67503,
17,-0.67488,
18,-0.67491,
19,-0.69778,
20,-0.69707,
21,-0.69624,
22,-0.69616,
23,-0.69612,
24,-0.70142,
25,-0.70042,
26,-0.70033,
27,-0.70032,
28,-0.70032,
29,-0.70032,
30,-0.70032,
31,-0.70123,
32,-0.70109,
33,-0.70109,
34,-0.70109,
35,-0.70109,
36,-0.70109,
36,-0.70109,
