"iter","cost","gradnorm","time","stepsize","ls_max_steps_break","dist","qpexitflag","rho","violation_sum","maxviolation","meanviolation",
0,0.008906,8.2051,5.4372e-05,NaN,NaN,NaN,NaN,1,1.1464,0.30853,0.058142,
1,-0.40501,3.3095,0.18213,1,0,1.0717,1,1.1452,0.85128,0,0,
2,-0.87539,0.84081,0.35358,0.5,0,0.94776,1,1.1452,0.43888,0,0,
3,-0.90417,0.0057852,0.52027,1,0,0.14734,1,1.1452,0.3161,0,0,
4,-0.90418,4.5206e-06,0.70438,1,0,0.0053442,1,1.1452,0.31645,0,0,
