"iter","cost",
0,-0.061274,
1,-0.96782,
2,-1.3836,
3,-0.9902,
4,-0.86693,
5,-0.84286,
6,-0.83629,
7,-0.83464,
8,-0.83435,
9,-0.83427,
10,-0.83426,
11,-0.83426,
12,-0.83426,
12,-0.83426,
