"iter","cost",
0,-0.036756,
1,-0.43221,
2,-0.64928,
3,-0.59883,
4,-0.60221,
5,-0.56637,
6,-0.56576,
7,-0.56698,
8,-0.56482,
9,-0.5665,
10,-0.56474,
11,-0.56462,
12,-0.56457,
13,-0.56457,
14,-0.56457,
15,-0.56457,
15,-0.56457,
