"iter","cost",
0,-0.07648,
1,-0.66989,
2,-0.97451,
3,-0.9588,
4,-0.79614,
5,-0.76567,
6,-0.76343,
7,-0.76307,
8,-0.76299,
9,-0.76298,
10,-0.76298,
11,-0.76298,
12,-0.76298,
12,-0.76298,
