"initialpoint","repeat","row_dim","col_dim","rank","mineigval_correction","tolKKTres","maxOuterIter","maxtime","verbosity","eqconstratio","maskratio","filepath","P","A","PA","x0",
"feasible_region",1,6,12,2,1e-05,16,100000,150,1,1,0.1,"nrep1Rowdim6Coldim12Rank2Tol16Eqratio1.0e+00Maskratio1.0e-01",0,0,0,0,1,0,0,0,0,0,0,0,0.73439,0.27126,0.20862,0.21768,0.41138,0.21412,0.57677,0.49718,0.28731,0.034192,0.4027,0.43841,0,0,0,0,0.41138,0,0,0,0,0,0,0,0.31772,0.32955,0.065804,0.53914,0.41138,0.24425,0.17436,0.33373,0.031566,0.25351,0.091677,0.56551,
,,,,,,,,,,,,,0,0,0,0,0,0,0,0,0,0,0,0,0.30848,0.11496,0.095683,0.094964,0.20193,0.12455,0.37757,0.29756,0.071595,0.020952,0.063252,0.15939,0,0,0,0,0,0,0,0,0,0,0,0,0.095476,0.31638,0.049608,0.49073,0.26366,0.23108,0.063668,0.20472,0.019407,0.23156,0.028066,0.54618,
,,,,,,,,,,,,,0,0,0,0,0,0,1,0,0,0,0,0,0.58123,0.21374,0.15754,0.16897,0.29819,0.13691,0.32923,0.31004,0.27357,0.020864,0.41834,0.37027,0,0,0,0,0,0,0.32923,0,0,0,0,0,0.66213,0.028408,0.046767,0.12784,0.43313,0.031389,0.32923,0.37916,0.035732,0.057678,0.18949,0.038861,
,,,,,,,,,,,,,1,0,0,0,1,0,0,0,0,1,1,0,0.75539,0.28092,0.22965,0.2305,0.47763,0.28499,0.84635,0.67735,0.2037,0.047496,0.21612,0.40462,0.75539,0,0,0,0.47763,0,0,0,0,0.047496,0.21612,0,0.75539,0.0068017,0.049839,0.10712,0.47763,0.017232,0.37427,0.42026,0.039596,0.047496,0.21612,6.8694e-06,
,,,,,,,,,,,,,0,0,0,0,0,0,0,0,0,0,0,0,0.42162,0.15457,0.11053,0.12093,0.20275,0.083206,0.17584,0.18361,0.2213,0.012067,0.35276,0.28012,0,0,0,0,0,0,0,0,0,0,0,0,0.13944,0.47002,0.073543,0.72873,0.39019,0.34325,0.093396,0.30281,0.028706,0.34387,0.041006,0.81145,
,,,,,,,,,,,,,1,0,0,0,0,0,0,1,0,0,0,0,1.323,0.48776,0.36863,0.389,0.71507,0.35482,0.91817,0.8164,0.56143,0.05571,0.82007,0.8119,1.323,0,0,0,0,0,0,0.8164,0,0,0,0,1.323,0.17919,0.11025,0.44059,0.94429,0.15153,0.66416,0.8164,0.076983,0.20276,0.37891,0.28957,
