"initialpoint","repeat","row_dim","col_dim","rank","mineigval_correction","tolKKTres","maxOuterIter","maxtime","verbosity","eqconstratio","maskratio","filepath","P","A","PA","x0",
"feasible_region",1,4,8,2,1e-05,16,100000,150,1,0,0.1,"nrep1Rowdim4Coldim8Rank2Tol16Eqratio0.0e+00Maskratio1.0e-01",0,0,0,0,0,0,0,0,0.51183,0.28672,0.44578,0.59658,0.28723,0.64311,0.6374,0.087855,0,0,0,0,0,0,0,0,0.94704,0.9942,0.15006,0.036732,0.1699,0.37804,0.25279,0.32498,
,,,,,,,,,,,,,1,0,0,0,0,1,0,1,0.96602,0.65423,0.52739,0.84025,0.34524,0.99077,1.1867,0.18267,0.96602,0,0,0,0,0.99077,0,0.18267,0.058934,0.064411,0.16848,0.082244,0.60799,0.84621,0.86608,0.84677,
,,,,,,,,,,,,,0,0,0,0,0,0,0,0,1.2408,0.8771,0.57531,0.98635,0.37943,1.2001,1.519,0.24012,0,0,0,0,0,0,0,0,0.27089,0.28479,0.068675,0.023445,0.14527,0.24126,0.20991,0.22671,
,,,,,,,,,,,,,0,0,1,0,0,0,0,0,1.0073,0.71495,0.45891,0.79332,0.30292,0.96844,1.2327,0.19536,0,0,0.45891,0,0,0,0,0,0.58789,0.61861,0.18398,0.068439,0.44645,0.70423,0.64227,0.6735,
