"initialpoint","repeat","row_dim","col_dim","rank","mineigval_correction","tolKKTres","maxOuterIter","maxtime","verbosity","eqconstratio","maskratio","filepath","P","A","PA","x0",
"feasible_region",1,4,8,2,1e-05,16,100000,150,1,0.7,0.3,"nrep1Rowdim4Coldim8Rank2Tol16Eqratio7.0e-01Maskratio3.0e-01",1,0,0,0,1,0,1,0,0.88755,0.85892,0.014612,0.83153,0.77881,0.28796,0.64178,0.057514,0.88755,0,0,0,0.77881,0,0.64178,0,0.88755,0.099123,0.024124,0.087812,0.77881,0.065218,0.64178,0.27477,
,,,,,,,,,,,,,1,0,1,1,0,1,0,1,0.3962,0.45962,0.0087032,0.42711,0.34243,0.13599,0.34884,0.065442,0.3962,0,0.0087032,0.42711,0,0.13599,0,0.065442,0.59974,0.017287,0.0087032,0.020048,0.42982,0.015301,0.43614,0.065442,
,,,,,,,,,,,,,0,0,0,0,0,0,0,0,0.81996,0.8736,0.015791,0.82697,0.714,0.27385,0.65843,0.094932,0,0,0,0,0,0,0,0,0.28275,0.017063,0.005466,0.016499,0.21994,0.012374,0.20518,0.052417,
,,,,,,,,,,,,,0,0,1,0,0,0,0,1,0.1897,0.66892,0.017011,0.53386,0.13315,0.10896,0.53425,0.26558,0,0,0.017011,0,0,0,0,0.26558,0.029643,0.10929,0.017011,0.086726,0.2317,0.063533,0.016168,0.26558,
