"initialpoint","repeat","row_dim","col_dim","rank","mineigval_correction","tolKKTres","maxOuterIter","maxtime","verbosity","eqconstratio","maskratio","filepath","P","A","PA","x0",
"feasible_region",1,4,8,2,1e-05,16,100000,150,1,1,0.5,"nrep1Rowdim4Coldim8Rank2Tol16Eqratio1.0e+00Maskratio5.0e-01",0,1,1,1,1,1,1,0,0.18612,0.62369,0.38864,0.58881,0.3565,0.30646,0.64218,0.14483,0,0.62369,0.38864,0.58881,0.3565,0.30646,0.64218,0,0.23104,0.62369,0.38864,0.58881,0.3565,0.13896,0.64218,0.24505,
,,,,,,,,,,,,,1,1,1,0,0,1,0,0,0.35536,0.97891,0.86888,0.56856,0.76393,0.24521,1.1789,0.63332,0.35536,0.97891,0.86888,0,0,0.24521,0,0,0.35536,0.97891,0.86888,1.0784,0.46267,0.24521,0.80851,0.21259,
,,,,,,,,,,,,,1,1,0,0,0,1,0,1,0.27384,0.70588,0.69856,0.31106,0.60772,0.11122,0.89761,0.56963,0.27384,0.70588,0,0,0,0.11122,0,0.56963,0.27384,0.70588,-2.6013e-08,0.4044,0.56808,0.11122,1.0656,0.56963,
,,,,,,,,,,,,,0,1,0,1,0,0,0,0,0.28321,0.81187,0.67352,0.53624,0.59639,0.24626,0.9466,0.45139,0,0.81187,0,0.53624,0,0,0,0,0.3116,0.81187,0.11939,0.53624,0.6087,0.14042,1.1337,0.57582,
