"initialpoint","repeat","row_dim","col_dim","rank","mineigval_correction","tolKKTres","maxOuterIter","maxtime","verbosity","eqconstratio","maskratio","filepath","P","A","PA","x0",
"feasible_region",1,4,8,2,1e-05,16,100000,150,1,0,0.5,"nrep1Rowdim4Coldim8Rank2Tol16Eqratio0.0e+00Maskratio5.0e-01",1,0,1,1,1,1,1,0,0.18908,0.36097,0.44508,0.25709,0.2785,0.77288,0.32574,0.2007,0.18908,0,0.44508,0.25709,0.2785,0.77288,0.32574,0,0.70165,0.60357,0.75238,0.38392,0.80376,0.71975,0.58423,0.21934,
,,,,,,,,,,,,,0,0,1,1,0,0,1,0,0.78666,0.95321,0.073595,0.30752,0.77403,1.008,0.72428,0.64676,0,0,0.073595,0.30752,0,0,0.72428,0,0.26773,0.15774,0.53472,0.11676,0.19633,0.51713,0.17971,0.073663,
,,,,,,,,,,,,,1,0,1,1,1,1,0,0,0.18521,0.22395,0.015813,0.071752,0.18191,0.23544,0.16999,0.15211,0.18521,0,0.015813,0.071752,0.18191,0.23544,0,0,0.51684,0.48488,0.4167,0.29931,0.65333,0.39552,0.45434,0.16713,
,,,,,,,,,,,,,0,0,0,0,0,0,1,1,0.25783,0.39669,0.29727,0.21786,0.31278,0.66949,0.33431,0.2409,0,0,0,0,0,0,0.33431,0.2409,0.38798,0.16686,0.98558,0.14391,0.19061,0.95573,0.22365,0.098216,
