"initialpoint","repeat","row_dim","col_dim","rank","mineigval_correction","tolKKTres","maxOuterIter","maxtime","verbosity","eqconstratio","maskratio","filepath","P","A","PA","x0",
"feasible_region",1,5,10,2,1e-05,16,100000,150,1,0,0.3,"nrep1Rowdim5Coldim10Rank2Tol16Eqratio0.0e+00Maskratio3.0e-01",0,0,0,0,0,0,0,1,1,0,0.31732,0.92357,0.29439,0.76382,0.37884,0.7463,0.77533,0.75396,0.85748,0.86466,0,0,0,0,0,0,0,0.75396,0.85748,0,0.0493,0.0081966,0.042577,0.068376,0.07237,0.0060755,0.071618,0.067621,0.047189,0.0043146,
,,,,,,,,,,,,,1,1,0,1,0,0,0,0,1,0,0.38753,0.68835,0.13173,0.48253,0.29365,0.46137,0.53042,0.52678,0.67161,0.52224,0.38753,0.68835,0,0.48253,0,0,0,0,0.67161,0,0.028004,0.012909,0.018999,0.03099,0.0018351,0.026075,0.012728,0.0023142,0.0075608,0.0059311,
,,,,,,,,,,,,,0,0,0,1,0,1,1,0,0,0,0.61512,1.3547,0.34489,1.0344,0.56687,1.0006,1.0902,1.071,1.29,1.1471,0,0,0,1.0344,0,1.0006,1.0902,0,0,0,0.078857,0.011894,0.068867,0.11052,0.12155,0.0063825,0.11868,0.11348,0.078316,0.0063882,
,,,,,,,,,,,,,1,0,0,0,1,0,0,0,1,1,0.1559,0.42766,0.13111,0.34854,0.17609,0.33995,0.3562,0.34704,0.39899,0.39313,0.1559,0,0,0,0.17609,0,0,0,0.39899,0.39313,0.052313,0.015494,0.040909,0.066091,0.044452,0.025077,0.052976,0.042029,0.034226,0.0074443,
,,,,,,,,,,,,,0,0,0,0,1,0,1,0,0,0,0.38511,0.55773,0.06545,0.35012,0.24325,0.32916,0.40744,0.41027,0.55949,0.36561,0,0,0,0,0.24325,0,0.40744,0,0,0,0.051937,0.024632,0.034803,0.056821,0.00012032,0.050252,0.02127,0.0012745,0.012414,0.011291,
