"initialpoint","repeat","row_dim","col_dim","rank","mineigval_correction","tolKKTres","maxOuterIter","maxtime","verbosity","eqconstratio","maskratio","filepath","P","A","PA","x0",
"feasible_region",1,6,12,2,1e-05,16,100000,150,1,0.5,0.1,"nrep1Rowdim6Coldim12Rank2Tol16Eqratio5.0e-01Maskratio1.0e-01",1,0,0,1,0,0,0,0,0,0,0,0,0.28702,0.25301,0.28213,0.081197,0.083103,0.32781,0.092632,0.23062,0.12713,0.2664,0.22192,0.33646,0.28702,0,0,0.081197,0,0,0,0,0,0,0,0,0.0057673,0.19436,0.074145,0.081197,0.011257,0.093159,0.059079,0.060767,0.12383,0.027503,0.04171,0.011037,
,,,,,,,,,,,,,0,0,0,0,0,0,0,0,0,0,0,0,0.67083,0.91041,0.63103,0.31463,0.23732,0.84938,0.23367,0.90458,0.43525,0.63068,1.0042,0.88974,0,0,0,0,0,0,0,0,0,0,0,0,0.0012697,0.023484,0.0061745,0.0058207,0.0011663,0.031487,0.0060829,0.0266,0.0084431,0.017318,0.020337,0.0024598,
,,,,,,,,,,,,,0,1,0,0,0,0,0,0,1,0,0,0,0.16172,0.29958,0.14501,0.1072,0.068031,0.22565,0.060644,0.30985,0.1396,0.15406,0.36396,0.24044,0,0.29958,0,0,0,0,0,0,0.1396,0,0,0,0.0011363,0.020267,0.0051312,0.0047404,0.0009928,0.028607,0.0051747,0.02432,0.0068242,0.015937,0.018636,0.0022026,
,,,,,,,,,,,,,0,0,0,0,0,0,0,0,0,0,0,0,0.47944,0.37908,0.47513,0.11859,0.13293,0.53621,0.15239,0.33532,0.1935,0.44389,0.30442,0.54792,0,0,0,0,0,0,0,0,0,0,0,0,0.012869,0.19043,0.037559,0.029273,0.0085871,0.34623,0.044584,0.30223,0.039175,0.20331,0.23365,0.025007,
,,,,,,,,,,,,,0,1,0,0,0,1,0,0,0,0,1,0,0.3276,0.27991,0.3228,0.089206,0.093654,0.37185,0.10525,0.25306,0.14126,0.30384,0.2398,0.38116,0,0.27991,0,0,0,0.37185,0,0,0,0,0.2398,0,0.015036,0.27991,0.07407,0.070059,0.013935,0.37185,0.072683,0.31376,0.10175,0.20403,0.2398,0.029127,
,,,,,,,,,,,,,0,0,0,0,1,0,0,0,0,0,0,0,0.92149,1.2079,0.87062,0.41549,0.32023,1.1556,0.31869,1.1937,0.5794,0.86526,1.3144,1.2084,0,0,0,0,0.32023,0,0,0,0,0,0,0,0.0047209,0.18518,0.074401,0.082749,0.010987,0.061425,0.057712,0.03188,0.12678,0.0072972,0.019073,0.0089936,
