,ALM,LQH,LSE,Riemannian_SQP,log10residual
0,0.0,0.0,0.0,9.175200000000001e-05,-3
1,0.0,0.0,0.0,9.175200000000001e-05,-2
2,0.0,0.0,0.0,9.175200000000001e-05,-1
3,0.45653,,1.5122,0.6060399999999999,0
4,0.68355,,,0.71668,1
5,1.2829,,,1.3277,2
6,4.7895,,,1.4477,3
7,4.9968,,,2.6457,4
8,5.1424,,,3.9158,5
9,5.1785,,,5.1158,6
10,5.1993,,,6.3229999999999995,7
11,,,,7.5685,8
12,,,,12.1264,9
13,,,,274.0417,10
