"initialpoint","repeat","row_dim","col_dim","rank","mineigval_correction","tolKKTres","maxOuterIter","maxtime","verbosity","eqconstratio","maskratio","filepath","P","A","x0",
"feasible_region",1,7,14,2,1e-05,16,100000,300,1,0.5,0.3,"nrep1Rowdim7Coldim14Rank2Tol16Eqratio5.0e-01Maskratio3.0e-01",0,0,1,0,0,1,0,0,1,1,0,1,0,0,0.15923,0.33705,0.27767,0.13746,0.27214,0.20303,0.35848,0.41644,0.23064,0.25665,0.18818,0.11173,0.21621,0.27792,0.43558,0.68836,0.74826,0.46782,0.27214,0.61276,0.77736,0.21676,0.56233,0.39415,0.41554,0.49623,0.40995,0.9258,
,,,,,,,,,,,,,0,0,1,1,0,0,0,1,0,1,0,0,0,0,0.43507,0.8592,0.71652,0.36101,0.71851,0.50818,0.90969,1.1149,0.58492,0.64422,0.56518,0.30999,0.60107,0.7261,0.38206,0.55768,0.72347,0.49611,0.51041,0.45841,0.7004,0.20689,0.58492,0.28346,0.67959,0.47175,0.60107,1.0009,
,,,,,,,,,,,,,1,0,0,0,0,0,0,0,0,0,0,1,0,0,0.19955,0.45322,0.36902,0.17955,0.35356,0.2777,0.48409,0.53334,0.31163,0.35011,0.21033,0.13767,0.2658,0.36489,0.26403,0.38526,0.50018,0.34312,0.35356,0.31656,0.48409,0.14303,0.40451,0.1957,0.47062,0.32613,0.41613,0.69226,
,,,,,,,,,,,,,1,0,0,0,0,0,1,0,0,0,0,0,0,0,0.38737,0.68134,0.58085,0.30167,0.60577,0.38935,0.71539,0.9616,0.45946,0.49631,0.5724,0.28239,0.54917,0.60143,0.12365,0.1483,0.28104,0.22046,0.3549,0.093159,0.23964,0.078665,0.25332,0.048267,0.43997,0.17816,0.36316,0.45577,
,,,,,,,,,,,,,0,0,0,0,0,0,0,0,0,1,0,0,0,0,0.59575,1.0809,0.91584,0.47175,0.94503,0.62371,1.1375,1.4911,0.73082,0.79379,0.85299,0.43177,0.83906,0.94274,0.64963,1.0809,1.037,0.59681,0.086248,1.0069,1.1375,0.30355,0.73082,0.66108,0.24906,0.69715,0.32731,1.1586,
,,,,,,,,,,,,,0,0,0,0,0,0,0,0,0,0,0,0,0,0,0.49875,0.61679,0.57003,0.32691,0.67419,0.30484,0.62668,1.1413,0.40064,0.39844,0.95229,0.38344,0.75062,0.63408,0.35815,0.59704,0.57003,0.32691,0.04082,0.55706,0.62668,0.16694,0.40064,0.366,0.1295,0.38344,0.17447,0.63408,
,,,,,,,,,,,,,0,0,0,0,0,1,0,0,0,0,0,0,0,0,0.31231,0.55441,0.47177,0.24442,0.49046,0.31775,0.58253,0.77716,0.37416,0.40485,0.45727,0.22728,0.44191,0.48764,0.14876,0.18895,0.32275,0.24561,0.36486,0.13015,0.28406,0.090806,0.2838,0.0723,0.45727,0.206,0.38169,0.50516,
