"initialpoint","repeat","row_dim","col_dim","rank","mineigval_correction","tolKKTres","maxOuterIter","maxtime","verbosity","eqconstratio","maskratio","filepath","P","A","x0",
"feasible_region",1,5,10,2,1e-05,16,100000,300,1,0.3,0.5,"nrep1Rowdim5Coldim10Rank2Tol16Eqratio3.0e-01Maskratio5.0e-01",1,0,1,0,0,0,0,0,1,1,0.763,0.46263,0.63923,0.35445,0.67811,0.50307,0.43524,0.33611,0.74686,0.45619,0.33904,0.16471,0.83655,0.35445,0.67811,0.50307,0.43524,0.068164,0.17924,0.12739,
,,,,,,,,,,,,,0,0,0,0,0,0,1,0,0,0,0.1335,0.1112,0.11647,0.058447,0.13141,0.095977,0.10643,0.081151,0.14189,0.092944,0.41007,0.1112,0.22071,0.058447,0.22385,0.095977,0.69323,0.58881,0.80026,0.73861,
,,,,,,,,,,,,,0,0,1,1,0,1,0,1,0,0,1.0331,0.34342,0.82232,0.51332,0.79884,0.60678,0.30611,0.24615,0.90638,0.49494,0.44204,0.16523,0.64562,0.25382,0.54863,0.36758,0.66131,0.37375,0.56195,0.49494,
,,,,,,,,,,,,,1,1,1,1,1,0,0,0,0,0,0.73316,0.73789,0.65901,0.30596,0.7753,0.56051,0.7118,0.53959,0.82636,0.56559,0.6878,0.24975,0.93858,0.36406,0.80392,0.5292,1.0429,0.62378,0.92304,0.81886,
,,,,,,,,,,,,,0,1,0,0,0,1,0,1,0,0,0.5914,0.4638,0.51153,0.26231,0.56998,0.41759,0.44265,0.33822,0.61788,0.39923,0.34658,0.17545,0.91878,0.39211,0.74116,0.55548,0.43149,0.028943,0.13629,0.083192,
