"initialpoint","repeat","row_dim","col_dim","rank","mineigval_correction","tolKKTres","maxOuterIter","maxtime","verbosity","eqconstratio","maskratio","filepath","P","A","x0",
"feasible_region",1,4,8,2,1e-05,16,100000,300,1,0.5,0.3,"nrep1Rowdim4Coldim8Rank2Tol16Eqratio5.0e-01Maskratio3.0e-01",1,0,0,0,0,0,0,0,1.0759,0.89096,1.2292,0.81545,0.768,0.74746,1.1133,0.41534,0.53602,0.37912,0.63676,0.59311,0.18202,0.74746,0.44422,0.90478,
,,,,,,,,,,,,,1,1,0,0,1,0,0,0,0.71161,0.52693,0.82446,0.66587,0.49215,0.61526,0.66301,0.21736,0.21245,0.33002,0.23538,0.74665,0.33664,0.41915,0.66301,0.058414,
,,,,,,,,,,,,,0,0,1,0,0,0,0,0,0.55121,0.51106,0.6197,0.30692,0.40729,0.27703,0.63452,0.26301,0.14428,0.17393,0.16459,0.36424,0.15477,0.25034,0.31431,0.12348,
,,,,,,,,,,,,,0,0,0,0,0,0,0,0,0.25589,0.24254,0.28671,0.13174,0.19042,0.11835,0.30079,0.12696,0.25589,0.36359,0.28671,0.80284,0.35559,0.48168,0.70675,0.12696,
