"initialpoint","repeat","row_dim","col_dim","rank","mineigval_correction","tolKKTres","maxOuterIter","maxtime","verbosity","eqconstratio","maskratio","filepath","P","A","x0",
"feasible_region",1,4,8,2,1e-05,16,100000,300,1,0.3,0.5,"nrep1Rowdim4Coldim8Rank2Tol16Eqratio3.0e-01Maskratio5.0e-01",1,0,1,0,0,0,1,0,0.18442,0.51301,0.53556,0.14282,0.18153,0.12736,0.21715,0.22208,0.83173,0.54676,0.31641,0.22866,0.057591,0.028972,0.18049,0.22208,
,,,,,,,,,,,,,0,0,1,0,0,0,0,0,0.19073,0.50561,0.53514,0.18125,0.21467,0.23221,0.3512,0.2152,0.81405,0.50561,0.2766,0.18125,0.0054253,0.026808,0.18988,0.23666,
,,,,,,,,,,,,,1,0,1,0,1,0,0,1,0.07809,0.22167,0.23012,0.05451,0.072077,0.036051,0.069422,0.096614,0.85359,0.81955,0.61432,0.60712,0.50505,0.043285,0.069422,0.058953,
,,,,,,,,,,,,,0,1,1,0,0,0,1,0,0.2347,0.54949,0.60394,0.32069,0.34257,0.57832,0.80082,0.22265,0.81373,0.60221,0.38497,0.32069,0.17246,0.031874,0.14643,0.17328,
