"initialpoint","repeat","row_dim","col_dim","rank","mineigval_correction","tolKKTres","maxOuterIter","maxtime","verbosity","eqconstratio","maskratio","filepath","P","A","x0",
"feasible_region",1,5,10,2,1e-05,16,100000,300,1,0.3,0.7,"nrep1Rowdim5Coldim10Rank2Tol16Eqratio3.0e-01Maskratio7.0e-01",1,0,1,0,0,0,1,1,1,1,0.75697,0.92473,0.19598,0.13916,0.14791,0.64737,0.35866,0.77753,0.86517,0.67412,0.32958,0.27125,0.056909,0.13916,0.14791,0.16009,0.087042,0.28269,0.47289,0.13277,
,,,,,,,,,,,,,1,1,0,0,1,0,0,1,0,0,0.26191,0.3176,0.19055,0.058683,0.16786,0.26483,0.1443,0.17277,0.2708,0.14002,0.050624,0.039383,0.00010972,0.031007,0.11567,0.26483,0.1443,0.017728,0.27882,0.14002,
,,,,,,,,,,,,,0,1,1,0,0,0,1,0,1,1,0.3083,0.37713,0.053445,0.054414,0.035173,0.25489,0.14173,0.33736,0.3585,0.29459,0.10939,0.08808,0.011516,0.054414,0.12849,0.25833,0.14072,0.071881,0.33306,0.14624,
,,,,,,,,,,,,,0,0,0,1,0,1,1,0,0,1,0.42483,0.51765,0.17949,0.084064,0.14908,0.38645,0.21273,0.38186,0.46938,0.32554,0.42483,0.3512,0.079224,0.17283,0.12747,0.043031,0.023188,0.38186,0.46938,0.089819,
,,,,,,,,,,,,,0,0,1,1,0,0,1,1,0,1,0.67513,0.82209,0.31413,0.13607,0.26438,0.62375,0.34282,0.5842,0.73923,0.49541,0.3478,0.28359,0.05,0.15807,0.26438,0.44881,0.24439,0.26839,0.73923,0.27947,
