"initialpoint","repeat","row_dim","col_dim","rank","mineigval_correction","tolKKTres","maxOuterIter","maxtime","verbosity","eqconstratio","maskratio","filepath","P","A","x0",
"feasible_region",1,4,8,2,1e-05,16,100000,300,1,0.5,0.7,"nrep1Rowdim4Coldim8Rank2Tol16Eqratio5.0e-01Maskratio7.0e-01",1,1,1,1,0,1,0,0,0.15388,0.50671,0.77775,0.86202,0.18295,0.51577,0.71655,0.74256,0.13955,0.19431,0.7742,0.56835,0.18295,0.62811,0.71655,0.095785,
,,,,,,,,,,,,,1,1,0,1,0,0,0,1,0.21295,0.70189,1.0549,1.1589,0.25773,0.75962,0.97345,1.0379,0.1762,0.14569,1.0549,0.18015,0.089146,0.75962,0.97345,0.055438,
,,,,,,,,,,,,,0,0,0,0,0,0,0,1,0.039756,0.13187,0.17078,0.1748,0.053677,0.19786,0.15955,0.20632,0.031944,0.052767,0.17078,0.1748,0.053677,0.14656,0.15831,0.027374,
,,,,,,,,,,,,,0,0,0,1,0,0,0,0,0.036292,0.12066,0.14689,0.14526,0.050916,0.19992,0.138,0.19267,0.036292,0.12066,0.14689,0.52603,0.1474,0.18689,0.138,0.071007,
