"initialpoint","repeat","row_dim","col_dim","rank","mineigval_correction","tolKKTres","maxOuterIter","maxtime","verbosity","eqconstratio","maskratio","filepath","P","A","x0",
"feasible_region",1,4,8,2,1e-05,16,100000,300,1,0.5,0.5,"nrep1Rowdim4Coldim8Rank2Tol16Eqratio5.0e-01Maskratio5.0e-01",0,0,0,0,0,1,0,0,0.80485,0.89117,0.90343,0.67768,1.0591,0.71815,0.35822,0.6416,0.54573,0.18881,0.12694,0.67768,0.050921,0.28465,0.092218,0.035666,
,,,,,,,,,,,,,0,1,1,1,0,0,1,0,0.40637,0.46263,0.31699,0.069571,0.46807,0.051326,0.16569,0.34287,0.42094,0.44756,0.11831,0.19273,0.55148,0.218,0.2021,0.34287,
,,,,,,,,,,,,,0,0,0,0,0,0,0,0,0.29246,0.33011,0.25925,0.11103,0.35177,0.10655,0.12264,0.24253,0.22528,0.27291,0.065574,0.066654,0.35177,0.11649,0.12264,0.21837,
,,,,,,,,,,,,,1,0,1,0,0,0,1,0,0.11291,0.12556,0.12083,0.083494,0.14575,0.087528,0.04961,0.090812,0.13626,0.12556,0.036993,0.083494,0.14575,0.070665,0.05704,0.090812,
