"repeat","row_dim","col_dim","rank","mineigval_correction","tolKKTres","maxOuterIter","maxtime","verbosity","P","PA",
1,4,8,2,1e-05,7,10000,180,1,0,0,1,1,0,0,1,1,0,0,1.2317,-0.49368,0,0,0.089467,0.25066,
,,,,,,,,,0,0,1,1,0,1,1,0,0,0,1.5878,-0.59633,0,0.22204,0.12022,0,
,,,,,,,,,1,1,1,1,1,1,1,1,1.6703,0.87009,1.8515,-3.5313,-5.109,-0.11963,-0.20568,2.7071,
,,,,,,,,,1,1,1,1,1,0,1,0,0.74573,-0.35498,1.7922,-1.1396,-0.021693,0,0.07881,0,
