"repeat","row_dim","col_dim","rank","mineigval_correction","tolKKTres","maxOuterIter","maxtime","verbosity","P","PA",
1,4,8,2,1e-05,4,10000,180,1,1,0,0,0,1,0,1,0,-3.0316,0,0,0,-1.9581,0,0.33541,0,
,,,,,,,,,1,1,1,1,1,1,0,1,0.64027,-1.0531,1.8502,1.2671,0.4181,0.28512,0,0.62961,
,,,,,,,,,0,1,0,1,1,1,0,1,0,-2.1775,0,2.2462,1.3369,0.39214,0,0.64104,
,,,,,,,,,0,1,1,1,0,1,1,1,0,-0.39899,0.85804,0.38344,0,0.057001,-0.3699,0.067748,
