"iter","cost","gradnorm","time","stepsize","ls_max_steps_break","dist","qpexitflag","rho","KKT_residual","maxviolation","meanviolation",
0,16.7293,6.3488,9.8926e-05,NaN,NaN,NaN,NaN,1,6.3491,0.040952,0.0054481,
1,16.6848,22.7942,0.33285,1,0,0.094898,1,11.8497,22.7942,1.1359e-10,1.3583e-11,
2,15.7612,7.6746,0.54093,1.1434e-05,0,1.2384,1,11.8497,7.6746,0.029631,0.0014833,
3,7.4943,2.8567,0.63553,1,0,7.2844,1,11.8497,2.8582,0.093546,0.0029233,
4,7.0088,1.9833,0.71871,0.9,0,7.1509,1,11.8497,1.9834,0.017241,0.00066572,
5,6.1391,1.1604,0.86847,0.729,0,14.9167,1,11.8497,1.1604,0,0,
6,4.1281,0.34425,0.94541,1,0,12.6558,1,11.8497,0.34909,0.042065,0.0037275,
