"repeat","row_dim","col_dim","rank","tolKKTres","maxOuterIter","maxtime","verbosity","P","PA",
1,5,10,2,8,10000,180,1,1,0,1,0,1,0,0,0,0,0,1.2035,0,0.21745,0,0.24454,0,0,0,0,0,
,,,,,,,,1,0,0,0,1,0,1,1,0,0,-4.376,0,0,0,-0.89616,0,1.9138,-2.226,0,0,
,,,,,,,,1,1,1,1,0,0,1,1,0,0,4.4497,1.0122,0.78216,-1.2912,0,0,-2.0331,2.1995,0,0,
,,,,,,,,0,0,0,1,0,1,1,1,0,0,0,0,0,1.1421,0,0.2766,0.89043,-0.84484,0,0,
,,,,,,,,1,0,0,0,0,0,0,1,1,0,1.4847,0,0,0,0,0,0,0.66132,0.66236,0,
