"repeat","row_dim","col_dim","rank","tolKKTres","maxOuterIter","maxtime","verbosity","P","PA",
1,4,8,1,3,10000,180,1,0,1,0,1,0,1,1,0,0,0.082953,0,-0.27402,0,-0.28076,0.091482,0,
,,,,,,,,1,0,0,1,1,0,0,0,0.34919,0,0,0.69445,0.96492,0,0,0,
,,,,,,,,1,0,0,1,0,1,0,1,-0.24385,0,0,-0.48494,0,-0.49687,0,-0.78826,
,,,,,,,,1,0,0,0,0,0,1,0,-1.2768,0,0,0,0,0,0.84774,0,
