"repeat","row_dim","col_dim","rank","tolKKTres","maxOuterIter","maxtime","verbosity","P","PA",
1,7,11,2,2,10000,180,1,1,0,1,0,0,1,0,1,0,0,0,1.2721,0,0.24283,0,0,-1.3737,0,1.3204,0,0,0,
,,,,,,,,0,1,1,1,0,0,0,0,0,0,1,0,0.48631,0.5475,2.1982,0,0,0,0,0,0,-4.9833,
,,,,,,,,0,1,0,0,0,0,0,0,0,0,0,0,-0.43519,0,0,0,0,0,0,0,0,0,
,,,,,,,,0,1,1,0,0,1,1,1,0,1,0,0,0.4946,-1.1412,0,0,1.3029,-0.96477,-2.2271,0,-0.0050414,0,
,,,,,,,,1,0,1,0,1,1,0,1,0,0,0,-1.4219,0,-0.20846,0,0.079933,1.4396,0,-1.3344,0,0,0,
,,,,,,,,1,0,1,1,1,0,1,0,0,0,0,0.27994,0,-0.24067,0.22421,0.11669,0,-0.18381,0,0,0,0,
,,,,,,,,0,1,0,0,1,1,0,0,0,1,1,0,0.3423,0,0,0.096063,-0.80686,0,0,0,0.91753,-0.47849,
