"repeat","row_dim","col_dim","rank","tolKKTres","maxOuterIter","maxtime","verbosity","P","PA",
1,5,9,2,3,10000,180,1,1,0,0,1,1,0,0,1,0,-0.13256,0,0,0.27552,0.18563,0,0,0.51685,0,
,,,,,,,,0,0,0,0,0,1,1,0,0,0,0,0,0,0,0.23147,0.50317,0,0,
,,,,,,,,0,0,1,1,1,0,0,0,1,0,0,1.1377,0.74257,0.2157,0,0,0,2.7053,
,,,,,,,,1,0,1,1,0,0,0,1,1,-0.25836,0,0.35434,0.35703,0,0,0,1.0804,0.81827,
,,,,,,,,1,0,1,0,0,0,0,1,1,0.053109,0,-0.13711,0,0,0,0,-0.51827,-0.47028,
