"repeat","row_dim","col_dim","rank","tolKKTres","maxOuterIter","maxtime","verbosity","P","PA",
1,4,7,2,6,10000,180,1,0,1,0,0,0,0,1,0,0.9142,0,0,0,0,0.34918,
,,,,,,,,1,1,1,1,1,1,1,0.38635,-0.19333,-0.069857,-0.069854,-0.20318,0.64467,0.08984,
,,,,,,,,1,1,1,1,0,0,0,1.7211,-0.95325,-0.21454,-0.33811,0,0,0,
,,,,,,,,0,1,1,0,0,0,0,0,-0.012211,0.044638,0,0,0,0,
