"repeat","row_dim","col_dim","rank","tolKKTres","maxOuterIter","maxtime","verbosity","P","PA",
1,7,11,1,6,10000,180,1,0,1,0,0,0,0,1,0,0,1,0,0,0.61779,0,0,0,0,-0.29501,0,0,0.050877,0,
,,,,,,,,0,0,0,1,0,0,0,0,0,0,1,0,0,0,0.21336,0,0,0,0,0,0,-0.68677,
,,,,,,,,1,0,0,1,0,0,0,0,1,0,1,-2.7708,0,0,-0.53257,0,0,0,0,-0.32532,0,1.7143,
,,,,,,,,0,0,1,0,0,0,0,0,0,0,0,0,0,-1.1122,0,0,0,0,0,0,0,0,
,,,,,,,,0,0,0,1,0,0,1,1,0,1,1,0,0,0,-0.23264,0,0,0.74181,1.421,0,-0.12793,0.74883,
,,,,,,,,0,0,1,1,1,0,0,1,1,0,0,0,0,1.1531,-0.23506,-0.57828,0,0,1.4358,-0.14359,0,0,
,,,,,,,,0,0,0,0,1,1,0,0,1,0,0,0,0,0,0,1.1286,0.5924,0,0,0.28022,0,0,
