"repeat","row_dim","col_dim","rank","tolKKTres","maxOuterIter","maxtime","verbosity","P","PA",
1,5,9,1,4,10000,180,1,0,0,0,0,0,0,0,0,1,0,0,0,0,0,0,0,0,0.91252,
,,,,,,,,0,1,1,0,0,0,0,0,1,0,-0.02697,0.13355,0,0,0,0,0,-0.55795,
,,,,,,,,0,0,0,1,1,1,0,0,0,0,0,0,-0.36956,0.59214,-0.18701,0,0,0,
,,,,,,,,0,1,1,1,0,0,1,0,0,0,0.14938,-0.73973,1.876,0,0,0.729,0,0,
,,,,,,,,0,0,1,0,1,0,0,0,0,0,0,0.66927,0,2.7196,0,0,0,0,
