"repeat","row_dim","col_dim","rank","tolKKTres","maxOuterIter","maxtime","verbosity","P","PA",
1,5,10,2,6,10000,180,1,1,0,1,0,0,1,0,0,0,0,-0.55753,0,-1.2924,0,0,0.24485,0,0,0,0,
,,,,,,,,1,0,1,1,1,0,0,1,1,1,0.072713,0,0.80895,1.918,-1.6474,0,0,-0.84119,0.24609,-2.1519,
,,,,,,,,0,1,1,0,0,1,1,0,1,0,0,-0.43535,0.28692,0,0,0.068822,1.6066,0,-0.164,0,
,,,,,,,,0,1,1,0,0,1,1,1,0,0,0,0.70653,2.6459,0,0,-1.0326,3.3016,-0.58633,0,0,
,,,,,,,,1,0,0,1,0,1,1,1,1,1,0.82216,0,0,0.29699,0,-0.25994,0.35906,0.0099163,0.70013,-0.12083,
