"repeat","row_dim","col_dim","rank","tolKKTres","maxOuterIter","maxtime","verbosity","P","PA",
1,4,8,2,7,10000,180,1,1,0,0,1,1,1,0,0,1.385,0,0,1.4582,0.011166,1.5612,0,0,
,,,,,,,,1,1,1,1,0,1,0,0,-0.26168,0.047286,0.20887,-0.229,0,-0.26811,0,0,
,,,,,,,,1,1,1,0,0,0,0,0,0.015648,-0.040202,0.20611,0,0,0,0,0,
,,,,,,,,1,1,0,1,0,1,1,0,-2.5061,0.86731,0,1.9308,0,-0.18589,-0.068943,0,
