"repeat","row_dim","col_dim","rank","tolKKTres","maxOuterIter","maxtime","verbosity","P","PA",
1,5,8,2,7,10000,180,1,1,0,1,0,0,0,1,1,-0.16149,0,0.032578,0,0,0,-0.11413,0.004643,
,,,,,,,,1,0,0,0,1,0,1,1,0.39265,0,0,0,0.85839,0,0.12489,0.1847,
,,,,,,,,0,1,1,0,0,1,0,1,0,-0.78212,-0.2741,0,0,-0.75144,0,0.011067,
,,,,,,,,0,1,0,1,1,1,1,1,0,-0.58703,0,1.979,0.095232,0.022149,-1.3324,0.33841,
,,,,,,,,0,1,0,1,1,0,1,1,0,1.4994,0,-1.3344,-0.66345,0,0.93662,-0.38673,
