"repeat","row_dim","col_dim","rank","tolKKTres","maxOuterIter","maxtime","verbosity","P","PA",
1,4,6,2,4,10000,180,1,1,1,1,0,1,1,-0.12017,0.35393,0.16389,0,0.59697,0.3453,
,,,,,,,,0,0,1,1,1,1,0,0,-0.26704,0.15675,0.0062214,-0.010014,
,,,,,,,,0,0,1,1,1,1,0,0,-0.27733,1.3695,2.0842,1.1625,
,,,,,,,,0,0,1,0,1,1,0,0,-1.5054,0,-1.433,-0.88521,
