"repeat","row_dim","col_dim","rank","tolKKTres","maxOuterIter","maxtime","verbosity","P","PA",
1,6,12,3,5,10000,180,1,0,1,0,1,1,1,0,1,1,0,1,0,0,-0.21644,0,-0.39297,1.2319,-0.58854,0,-0.8686,0.92025,0,0.64554,0,
,,,,,,,,1,1,0,0,0,1,1,1,0,0,1,1,1.9748,1.4497,0,0,0,1.3854,-3.5028,0.49355,0,0,-1.3141,-0.3799,
,,,,,,,,0,0,1,1,1,1,0,0,0,0,1,1,0,0,0.32373,-0.39808,0.097244,-0.41893,0,0,0,0,-0.094499,0.68413,
,,,,,,,,0,0,0,1,0,0,1,0,0,1,1,0,0,0,0,0.35775,0,0,-0.63277,0,0,-0.17211,-0.20745,0,
,,,,,,,,0,1,1,0,0,0,0,0,1,1,0,1,0,-1.1722,0.89204,0,0,0,0,0,-2.3895,-1.6916,0,-2.7503,
,,,,,,,,1,1,1,0,0,1,0,1,1,1,0,1,0.96549,0.092143,-0.68741,0,0,0.53207,0,0.34831,-1.3791,-0.55761,0,-0.64628,
