"repeat","row_dim","col_dim","rank","tolKKTres","maxOuterIter","maxtime","verbosity","P","PA",
1,6,9,3,3,10000,180,1,1,1,0,1,1,0,1,1,0,0.024814,1.0217,0,0.54459,0.32649,0,-0.82987,0.28149,0,
,,,,,,,,0,0,0,1,0,1,1,0,1,0,0,0,1.6366,0,1.3236,0.65338,0,0.5385,
,,,,,,,,1,1,0,0,0,1,1,1,1,1.773,0.10405,0,0,0,1.7952,-1.2513,0.43713,-1.0163,
,,,,,,,,1,1,1,0,0,1,1,1,1,1.5027,-1.2299,2.0826,0,0,-0.68189,-0.27023,-0.7634,-0.66911,
,,,,,,,,0,1,0,1,1,1,1,1,1,0,-0.93858,0,0.24686,-0.075072,-1.7422,0.22639,-1.449,0.66572,
,,,,,,,,1,0,1,0,0,0,1,1,1,-1.0453,0,-0.76446,0,0,0,-0.30787,1.694,0.037743,
