"repeat","row_dim","col_dim","rank","tolKKTres","maxOuterIter","maxtime","verbosity","P","PA",
1,3,6,2,2,10000,180,1,1,1,1,1,1,0,-0.47363,-0.66046,-0.56919,-0.68462,-0.25268,0,
,,,,,,,,1,1,1,1,1,1,-0.38085,-1.5213,-0.19211,-0.27071,-0.22802,0.5426,
,,,,,,,,1,0,1,1,1,0,0.59749,0,-0.056604,0.047541,0.3912,0,
