"repeat","row_dim","col_dim","rank","tolKKTres","maxOuterIter","maxtime","verbosity","P","PA",
1,5,10,3,8,10000,180,1,1,0,1,1,0,0,1,1,0,1,-1.9359,0,-1.1878,0.40684,0,0,1.2092,1.0759,0,0.47618,
,,,,,,,,1,1,1,1,0,1,1,1,0,1,-0.87872,-1.2346,-0.2005,0.5771,0,1.1409,0.58171,1.1328,0,-1.0292,
,,,,,,,,0,0,1,0,1,1,1,1,0,0,0,0,-0.43694,0,1.3058,2.7351,0.84298,1.8593,0,0,
,,,,,,,,1,1,1,1,1,1,1,0,1,1,-1.3726,-1.9224,0.35634,-0.0063809,1.8781,1.0958,0.59619,0,-1.1292,-1.7492,
,,,,,,,,0,1,1,0,1,1,1,1,1,1,0,0.65058,0.47378,0,1.2259,-2.157,0.26577,0.17462,0.3891,1.3644,
