"repeat","row_dim","col_dim","rank","tolKKTres","maxOuterIter","maxtime","verbosity","P","PA",
1,5,8,2,2,10000,180,1,0,0,0,0,1,0,0,1,0,0,0,0,-0.67263,0,0,0.1378,
,,,,,,,,0,1,1,1,0,1,1,1,0,0.16709,-0.31122,-0.73487,0,0.33753,0.37737,-0.68474,
,,,,,,,,0,0,0,1,1,1,1,0,0,0,0,-0.058136,2.9086,-0.9683,0.48071,0,
,,,,,,,,1,1,0,1,1,0,0,1,-0.11733,2.3823,0,0.81019,3.0928,0,0,0.40538,
,,,,,,,,1,0,1,0,1,1,0,1,-0.030352,0,-0.83105,0,-1.2842,0.6679,0,-0.36102,
