"repeat","row_dim","col_dim","rank","tolKKTres","maxOuterIter","maxtime","verbosity","P","PA",
1,6,11,3,6,10000,180,1,0,0,1,0,0,0,1,0,0,1,0,0,0,-0.9825,0,0,0,-2.0953,0,0,1.1702,0,
,,,,,,,,0,1,1,1,1,0,1,0,0,0,0,0,-1.6356,-0.06026,-2.0486,2.2459,0,-0.29222,0,0,0,0,
,,,,,,,,1,1,1,0,1,1,1,1,1,0,0,2.0264,0.82804,0.62812,0,1.1566,1.1196,1.7306,1.465,1.3709,0,0,
,,,,,,,,1,0,0,1,1,1,0,0,1,1,1,0.31129,0,0,-3.4346,1.5557,0.69318,0,0,4.2684,3.747,1.2099,
,,,,,,,,0,1,0,1,1,1,0,0,1,0,1,0,-0.15709,0,-0.03255,-0.60377,-0.29882,0,0,0.20673,0,-0.084918,
,,,,,,,,1,0,0,0,0,1,1,1,1,0,1,2.1648,0,0,0,0,1.3074,1.5839,1.793,2.2136,0,1.3689,
