"repeat","row_dim","col_dim","rank","tolKKTres","maxOuterIter","maxtime","verbosity","P","PA",
1,6,9,2,2,10000,180,1,1,0,0,0,1,1,1,0,1,0.043746,0,0,0,-0.11412,-0.45856,0.026171,0,-0.050793,
,,,,,,,,1,0,0,0,0,1,0,1,1,0.39254,0,0,0,0,-2.9718,0,-0.68368,-0.33963,
,,,,,,,,1,1,1,1,1,0,0,1,0,0.18388,0.4155,-3.9959,-5.0323,-0.42254,0,0,-0.077767,0,
,,,,,,,,1,0,1,0,1,1,0,0,1,0.10024,0,-0.57555,0,-0.18459,-0.79332,0,0,-0.090228,
,,,,,,,,0,1,1,0,0,0,1,0,1,0,0.31005,-2.7718,0,0,0,-0.33326,0,-0.17341,
,,,,,,,,0,1,0,1,0,0,1,1,0,0,0.01861,0,-0.74143,0,0,0.18353,0.080378,0,
