"repeat","row_dim","col_dim","rank","tolKKTres","maxOuterIter","maxtime","verbosity","P","PA",
1,5,9,3,5,10000,180,1,1,1,1,1,1,1,1,1,0,-0.36033,1.4959,0.4167,0.60902,-3.1601,-0.77226,-2.2482,0.19053,0,
,,,,,,,,1,1,1,1,1,0,1,1,1,-0.33103,0.68174,4.2457,1.9163,0.83939,0,2.8837,-0.53685,-3.1106,
,,,,,,,,1,1,1,1,1,1,1,1,1,0.97388,-1.4799,2.111,-2.4322,0.15128,1.0892,0.80673,0.19042,-1.0109,
,,,,,,,,0,1,1,1,1,1,0,1,1,0,0.75781,0.29212,1.3115,-0.059291,-0.33244,0,-0.1771,-0.28507,
,,,,,,,,1,1,0,0,1,0,1,1,1,-0.11342,0.20401,0,0,-0.78862,0,-1.7533,0.22228,1.8055,
