"repeat","row_dim","col_dim","rank","tolKKTres","maxOuterIter","maxtime","verbosity","P","PA",
1,6,11,2,4,10000,180,1,0,1,1,1,0,0,1,1,1,1,1,0,-0.42573,2.9178,-1.4237,0,0,-2.9865,1.7405,0.6045,-1.2178,0.019356,
,,,,,,,,0,1,1,0,1,1,0,0,0,1,1,0,0.087567,0.2999,0,0.23572,-0.022999,0,0,0,-0.68524,0.24297,
,,,,,,,,1,0,0,1,0,1,1,1,1,1,0,-3.3216,0,0,-1.8858,0,1.5377,-3.4211,1.6681,0.82539,-1.6744,0,
,,,,,,,,1,0,1,0,1,0,0,0,0,1,0,-0.16681,0,0.39276,0,-0.3216,0,0,0,0,1.435,0,
,,,,,,,,0,0,1,1,1,1,1,1,0,1,1,0,0,-2.1364,1.1184,-0.62288,-1.0442,2.2073,-1.2018,0,0.97258,-0.048993,
,,,,,,,,0,0,1,1,0,1,1,0,1,0,1,0,0,0.39922,-3.2533,0,-0.80707,-1.235,0,1.6396,0,1.4045,
