"repeat","row_dim","col_dim","rank","tolKKTres","maxOuterIter","maxtime","verbosity","P","PA",
1,4,8,1,8,10000,180,1,0,0,1,1,0,1,0,0,0,0,-0.2254,0.38897,0,0.12713,0,0,
,,,,,,,,1,1,1,1,0,0,1,0,0.35479,-0.26746,-0.18634,0.32157,0,0,0.36528,0,
,,,,,,,,0,0,0,0,0,1,1,1,0,0,0,0,0,0.012966,0.045062,0.056923,
,,,,,,,,0,1,0,0,0,0,1,0,0,0.81412,0,0,0,0,-1.1119,0,
