"repeat","row_dim","col_dim","rank","tolKKTres","maxOuterIter","maxtime","verbosity","P","PA",
1,6,9,2,3,10000,180,1,0,0,1,1,1,0,1,1,1,0,0,-0.69699,-0.30201,-0.55709,0,-0.33013,-0.22339,-0.97156,
,,,,,,,,1,1,1,0,0,0,0,1,1,-6.4728,-1.0532,2.2712,0,0,0,0,-1.3297,2.4598,
,,,,,,,,0,0,1,1,1,0,1,0,1,0,0,0.68732,0.27669,0.56023,0,0.33212,0,0.94723,
,,,,,,,,0,0,1,1,0,0,1,0,1,0,0,-0.48737,-0.4815,0,0,-0.14671,0,-0.818,
,,,,,,,,1,1,0,0,1,0,0,0,1,2.3387,1.0288,0,0,-1.1584,0,0,0,-1.617,
,,,,,,,,1,1,0,0,1,1,0,0,0,0.31284,0.83195,0,0,-0.41893,-0.12186,0,0,0,
