"iter","cost","gradnorm","time","stepsize","ls_max_steps_break","dist","qpexitflag","rho","violation_sum","maxviolation","meanviolation",
0,4924.6263,321.1315,6.4189e-05,NaN,NaN,NaN,NaN,1,137.5344,93.0983,93.0983,
1,4899.3768,2828.071,1.2521,0.00012207,0,2.0508,1,9.9282,136.4167,89.6769,89.6769,
2,4899.2259,273.5805,2.411,0.00097656,0,0.014597,1,9.9282,136.4145,89.6475,89.6475,
3,4899.2101,836.5384,3.6832,1.9073e-06,0,0.0015138,1,9.9282,136.4166,89.648,89.648,
4,4899.1893,1180.5612,4.8095,3.8147e-06,0,0.0019948,1,9.9282,136.4195,89.6487,89.6487,
5,4899.1656,2125.1289,5.9804,1.9073e-06,0,0.0022608,1,9.9282,136.423,89.6499,89.6499,
6,4899.163,22105.7008,7.2261,3.7253e-09,0,0.00025363,1,77.5193,136.4234,89.65,89.65,
7,4899.1622,77431.8574,8.3678,9.3132e-10,0,7.2208e-05,1,271.4411,136.4234,89.65,89.65,
