"initialpoint","repeat","row_dim","col_dim","rank","mineigval_correction","tolKKTres","maxOuterIter","maxtime","verbosity","eqconstratio","maskratio","filepath","P","A","x0",
"feasible_region",20,5,10,2,1e-05,6,100000,60,1,0.5,0.7,"nrep20Rowdim5Coldim10Rank2Tol6Eqratio5.0e-01Maskratio7.0e-01",0,0,0,0,1,0,0,0,0,0,0.10352,0.22764,0.10955,0.010591,0.0939,0.16784,0.048653,0.13399,0.17159,0.20228,0.045233,0.27608,0.10955,0.010591,0.075581,0.16784,0.048653,0.13399,0.17159,0.20228,
,,,,,,,,,,,,,0,0,1,0,0,1,0,1,0,0,0.41463,0.51231,0.42313,0.020775,0.19101,0.68163,0.12456,0.5224,0.57327,0.43602,0.28019,1.0865,0.11125,0.10054,0.19101,0.021564,0.35849,0.011256,0.57327,0.43602,
,,,,,,,,,,,,,1,0,0,0,0,0,1,0,0,1,0.16015,0.51916,0.17602,0.025435,0.22265,0.25571,0.10466,0.21326,0.3131,0.46936,0.094639,0.51916,0.17602,0.025435,0.13215,0.25571,0.10715,0.20359,0.3131,0.34662,
,,,,,,,,,,,,,0,1,0,1,1,0,1,0,1,1,0.38192,0.30959,0.38339,0.010341,0.10073,0.63168,0.086162,0.47539,0.48173,0.2496,0.23122,1.2726,0.43391,0.061903,0.32475,0.63168,0.26139,0.50299,0.76829,0.85242,
,,,,,,,,,,,,,1,1,0,0,0,0,1,1,0,0,0.39746,0.70914,0.41415,0.031731,0.28413,0.64828,0.15778,0.50857,0.61175,0.62221,0.16291,1.0211,0.41896,0.03664,0.28413,0.64828,0.17276,0.51782,0.63904,0.76366,
