"initialpoint","repeat","row_dim","col_dim","rank","mineigval_correction","tolKKTres","maxOuterIter","maxtime","verbosity","eqconstratio","maskratio","filepath","P","A","x0",
"feasible_region",8,4,8,2,1e-05,6,100000,60,1,0.3,0.7,"nrep8Rowdim4Coldim8Rank2Tol6Eqratio3.0e-01Maskratio7.0e-01",1,0,1,1,0,1,0,1,0.38341,0.67263,0.1746,0.54622,0.38541,0.24339,0.67876,0.31325,0.4348,0.46212,0.12674,0.78972,0.82973,0.47137,0.67876,0.093781,
,,,,,,,,,,,,,1,1,0,0,1,1,1,1,0.22894,0.39478,0.10488,0.30693,0.21476,0.14959,0.43088,0.18391,0.37708,0.4102,0.10488,0.72219,0.73739,0.42017,0.63652,0.081259,
,,,,,,,,,,,,,0,1,0,1,0,0,0,0,0.68786,1.3228,0.30257,1.3054,0.9516,0.3645,0.78478,0.61505,0.68786,0.53999,0.30257,0.49292,0.9516,0.51517,0.10319,0.14984,
,,,,,,,,,,,,,1,1,0,0,0,0,1,0,0.30055,0.63976,0.12653,0.74357,0.55425,0.12086,0.11244,0.29698,0.19141,0.30347,0.0023807,0.74357,0.55425,0.32818,0.80682,0.040515,
