"initialpoint","repeat","row_dim","col_dim","rank","mineigval_correction","tolKKTres","maxOuterIter","maxtime","verbosity","eqconstratio","maskratio","filepath","P","A","x0",
"feasible_region",12,4,8,2,1e-05,6,100000,60,1,0.5,0.3,"nrep12Rowdim4Coldim8Rank2Tol6Eqratio5.0e-01Maskratio3.0e-01",1,0,0,0,0,1,0,0,0.27633,0.35741,0.52552,0.53519,0.65538,0.46987,0.37404,0.20438,0.15953,0.027065,0.074243,0.3239,0.13409,0.11526,0.069459,0.20438,
,,,,,,,,,,,,,1,0,0,0,0,0,0,0,0.6021,0.33314,0.40806,0.16807,0.44482,0.20928,0.48278,0.43887,0.1958,0.023512,0.06924,0.40681,0.13276,0.1347,0.02753,0.23293,
,,,,,,,,,,,,,0,0,1,0,0,0,0,0,0.045912,0.061269,0.090434,0.093146,0.11305,0.081516,0.063553,0.033985,0.11537,0.021813,0.058741,0.2321,0.10432,0.084919,0.063553,0.15194,
,,,,,,,,,,,,,0,0,1,0,0,0,0,0,0.041073,0.065695,0.098904,0.10771,0.12515,0.092819,0.06497,0.030561,0.077784,0.065695,0.15456,0.10771,0.23747,0.092819,0.3461,0.19654,
