"initialpoint","repeat","row_dim","col_dim","rank","mineigval_correction","tolKKTres","maxOuterIter","maxtime","verbosity","eqconstratio","maskratio","filepath","P","A","x0",
"feasible_region",8,5,10,2,1e-05,6,100000,60,1,0.5,0.3,"nrep8Rowdim5Coldim10Rank2Tol6Eqratio5.0e-01Maskratio3.0e-01",1,0,0,0,0,0,0,0,0,0,0.19082,0.67365,0.47384,0.66017,0.44404,0.44152,0.99016,0.37058,0.19278,0.43998,0.35015,0.20175,0.37618,0.70708,0.25632,0.44152,0.40966,0.11661,0.19278,0.35116,
,,,,,,,,,,,,,0,0,0,0,0,0,0,0,0,0,0.16299,0.59868,0.48977,0.73168,0.31599,0.37845,0.93686,0.45789,0.22377,0.31246,0.47685,0.3088,0.48977,0.79473,0.11265,1.0025,0.19596,0.45789,0.22377,0.83524,
,,,,,,,,,,,,,1,0,0,0,0,0,0,1,0,0,0.30429,1.0875,0.8041,1.1484,0.672,0.70482,1.6309,0.67154,0.34112,0.66549,0.37199,0.21899,0.39656,0.72818,0.23997,0.52392,0.38571,0.16479,0.1995,0.42189,
,,,,,,,,,,,,,0,0,1,0,0,0,0,1,0,0,0.16274,0.58022,0.42493,0.6041,0.36321,0.37687,0.86676,0.35065,0.17888,0.35973,0.43078,0.24131,0.46736,0.90396,0.36321,0.46196,0.57728,0.082898,0.24502,0.35973,
,,,,,,,,,,,,,0,0,1,0,1,0,0,0,0,0,0.29684,1.0557,0.76572,1.0834,0.66943,0.68726,1.5709,0.62405,0.31978,0.6631,0.30675,0.20224,0.31268,0.49345,0.047476,0.68726,0.087797,0.32616,0.13985,0.57503,
