"initialpoint","repeat","row_dim","col_dim","rank","mineigval_correction","tolKKTres","maxOuterIter","maxtime","verbosity","eqconstratio","maskratio","filepath","P","A","x0",
"feasible_region",11,4,8,2,1e-05,6,100000,60,1,0.3,0.5,"nrep11Rowdim4Coldim8Rank2Tol6Eqratio3.0e-01Maskratio5.0e-01",0,1,1,1,0,1,0,0,0.44165,0.30051,0.38316,0.14569,0.40152,0.83073,0.45701,0.95733,0.45945,0.15654,0.19254,0.081014,0.18533,0.1676,0.45701,0.095137,
,,,,,,,,,,,,,1,0,0,1,0,0,1,1,0.33345,0.30108,0.41922,0.11518,0.39491,0.6696,0.46045,0.78239,0.90177,0.30108,0.13447,0.1221,0.39491,0.11695,0.81495,0.1794,
,,,,,,,,,,,,,0,1,0,0,0,1,0,0,0.28121,0.44444,0.68722,0.11045,0.5687,0.67357,0.68467,0.81288,0.03951,0.013658,0.024336,0.0081462,0.014941,0.021188,0.041922,0.0084154,
,,,,,,,,,,,,,0,0,1,0,0,0,0,0,0.52952,0.42609,0.57461,0.17928,0.56277,1.0336,0.65027,1.2006,0.41772,0.15994,0.8717,0.17928,0.079308,0.75911,0.65027,0.10747,
