"initialpoint","repeat","row_dim","col_dim","rank","mineigval_correction","tolKKTres","maxOuterIter","maxtime","verbosity","eqconstratio","maskratio","filepath","P","A","x0",
"feasible_region",12,4,8,2,1e-05,6,100000,60,1,0.3,0.5,"nrep12Rowdim4Coldim8Rank2Tol6Eqratio3.0e-01Maskratio5.0e-01",0,0,1,0,1,0,1,0,1.476,1.8227,0.61033,1.3635,1.38,1.2391,0.60554,1.3607,0.39751,0.62477,0.48513,0.55241,0.33246,0.55975,0.39509,0.54226,
,,,,,,,,,,,,,1,0,1,0,0,0,0,0,0.69221,0.76923,0.38831,0.50347,0.65633,0.49296,0.13561,0.56341,0.43314,0.76923,0.45181,0.50347,0.26187,0.53065,0.49801,0.56341,
,,,,,,,,,,,,,0,1,0,0,1,0,0,0,0.7154,0.86599,0.31665,0.63312,0.67073,0.58257,0.26322,0.64428,0.35588,0.19397,0.75154,0.90121,0.71234,0.82857,0.074867,0.59888,
,,,,,,,,,,,,,1,1,1,0,0,0,0,1,0.92392,1.0666,0.47072,0.73537,0.87176,0.69904,0.25015,0.78683,0.36973,0.38202,0.62406,0.73537,0.53518,0.69904,0.21554,0.56615,
