"initialpoint","repeat","row_dim","col_dim","rank","mineigval_correction","tolKKTres","maxOuterIter","maxtime","verbosity","eqconstratio","maskratio","filepath","P","A","x0",
"feasible_region",17,4,8,2,1e-05,6,100000,60,1,0.3,0.7,"nrep17Rowdim4Coldim8Rank2Tol6Eqratio3.0e-01Maskratio7.0e-01",0,1,1,0,0,0,1,1,0.78978,0.45576,0.53541,0.19917,0.88383,0.39752,1.0099,1.1566,0.94868,0.80696,0.52207,0.12445,0.88383,0.23707,0.15414,0.16717,
,,,,,,,,,,,,,1,1,1,1,1,1,1,0,0.5422,0.28394,0.30643,0.18343,0.5867,0.25595,0.70041,0.91513,0.35876,0.89399,0.52335,0.27052,1.0732,1.1268,0.041423,1.0754,
,,,,,,,,,,,,,1,1,0,1,0,1,0,0,0.67053,0.35403,0.38504,0.2222,0.72756,0.31822,0.86549,1.1197,0.46016,0.62956,0.38504,0.15074,0.72756,0.53445,0.067946,0.49046,
,,,,,,,,,,,,,0,0,0,0,0,0,0,1,0.54067,0.29855,0.33812,0.15805,0.59573,0.26426,0.69467,0.84808,0.54067,0.53322,0.33812,0.098754,0.59573,0.26426,0.085749,0.22132,
