"initialpoint","repeat","row_dim","col_dim","rank","mineigval_correction","tolKKTres","maxOuterIter","maxtime","verbosity","eqconstratio","maskratio","filepath","P","A","x0",
"feasible_region",1,5,10,2,1e-05,6,100000,60,1,0.3,0.7,"nrep1Rowdim5Coldim10Rank2Tol6Eqratio3.0e-01Maskratio7.0e-01",1,0,1,1,0,0,1,0,1,0,0.5044,0.25122,0.3698,0.22003,0.28751,0.15849,0.63353,0.32972,0.58919,0.56492,0.44934,0.14703,0.0011977,0.12278,0.33693,0.049627,0.95398,0.32972,0.3575,0.56492,
,,,,,,,,,,,,,1,1,0,0,1,1,1,0,1,0,0.38303,0.19029,0.28066,0.16705,0.21832,0.12011,0.48087,0.25016,0.44722,0.42887,0.74216,0.18909,0.60454,0.16305,0.49269,0.37433,0.71184,0.27707,1.0211,0.38603,
,,,,,,,,,,,,,0,0,1,1,0,0,1,0,0,1,0.30481,0.63444,0.37934,0.16971,0.18386,0.33548,0.59524,0.41539,0.54419,0.44929,0.30481,0.062077,0.42293,0.055446,0.18386,0.23848,0.041996,0.036258,0.54419,-6.3664e-09,
,,,,,,,,,,,,,0,1,0,0,0,0,1,1,0,1,0.69728,0.63247,0.60331,0.32588,0.40343,0.36073,1.0013,0.58351,0.92566,0.8447,0.62299,0.15017,0.60331,0.13055,0.40343,0.36073,0.46013,0.19002,0.92566,0.23703,
,,,,,,,,,,,,,0,1,0,0,1,0,1,0,1,1,0.28786,0.30378,0.26285,0.13778,0.16744,0.17011,0.43214,0.26,0.39877,0.35826,0.56733,0.16232,0.26285,0.13778,0.39773,0.18946,0.82983,0.30027,0.63815,0.476,
