"initialpoint","repeat","row_dim","col_dim","rank","mineigval_correction","tolKKTres","maxOuterIter","maxtime","verbosity","eqconstratio","maskratio","filepath","P","A","x0",
"feasible_region",5,4,8,2,1e-05,6,100000,60,1,0.5,0.7,"nrep5Rowdim4Coldim8Rank2Tol6Eqratio5.0e-01Maskratio7.0e-01",1,1,1,1,0,1,0,0,1.2273,0.8783,0.57934,0.74502,0.5493,0.84096,0.67336,0.94454,0.4291,0.57478,0.80467,0.40084,1.0374,0.27222,0.67336,0.94454,
,,,,,,,,,,,,,1,1,0,1,0,0,0,1,0.91707,0.65792,0.4343,0.5599,0.4101,0.6269,0.50203,0.70517,0.70439,0.65808,0.4343,0.73831,0.4101,0.32052,0.50203,0.24898,
,,,,,,,,,,,,,0,0,0,0,0,0,0,1,1.1569,0.75773,0.48568,0.56367,0.5338,0.85815,0.68413,0.91822,0.55042,0.56134,0.48568,0.56367,0.5338,0.27131,0.49186,0.40934,
,,,,,,,,,,,,,0,0,0,1,0,0,0,0,0.85188,0.81244,0.57669,0.91746,0.33516,0.39497,0.32491,0.57535,0.85188,0.81244,0.57669,0.88823,0.57101,0.39497,0.64217,0.37666,
