"initialpoint","repeat","row_dim","col_dim","rank","mineigval_correction","tolKKTres","maxOuterIter","maxtime","verbosity","eqconstratio","maskratio","filepath","P","A","x0",
"feasible_region",18,5,10,2,1e-05,6,100000,60,1,0.5,0.3,"nrep18Rowdim5Coldim10Rank2Tol6Eqratio5.0e-01Maskratio3.0e-01",1,0,1,1,0,0,1,0,0,0,0.34558,0.32322,0.57818,0.46536,0.57917,0.58115,0.11159,0.17142,0.66793,0.079146,0.15467,0.28125,0.63229,0.73353,0.57917,0.58115,0.26819,0.10106,0.58905,0.079855,
,,,,,,,,,,,,,0,0,0,0,0,0,1,0,0,0,0.42578,0.31016,0.78502,0.80661,0.5672,0.66318,0.13415,0.4558,0.91,0.11851,0.27637,0.31016,0.81405,0.52317,0.061097,0.13441,0.21238,0.032441,0.9708,0.10981,
,,,,,,,,,,,,,1,0,0,0,0,0,0,0,0,0,0.6478,0.52607,1.1497,1.0837,0.95302,1.0415,0.20616,0.54297,1.3309,0.16738,0.37572,0.44783,1.1497,0.81833,0.21546,0.30564,0.32501,0.064244,1.3309,0.15375,
,,,,,,,,,,,,,0,1,0,0,0,0,0,0,0,0,0.53443,0.53571,0.86453,0.62464,0.95529,0.92024,0.17394,0.16546,0.99745,0.11384,0.019188,0.20942,0.36488,0.80545,0.95529,0.89222,0.27533,0.14692,0.14719,0.039735,
,,,,,,,,,,,,,0,0,0,0,0,0,0,0,0,0,0.39499,0.33112,0.69244,0.63334,0.59831,0.64125,0.12609,0.30231,0.80129,0.099591,0.21929,0.31902,0.76561,0.71361,0.41755,0.44928,0.26965,0.081883,0.80129,0.099591,
