"initialpoint","repeat","row_dim","col_dim","rank","mineigval_correction","tolKKTres","maxOuterIter","maxtime","verbosity","eqconstratio","maskratio","filepath","P","A","PA","x0",
"feasible_region",1,6,12,2,1e-05,16,100000,300,1,0.5,0.7,"nrep1Rowdim6Coldim12Rank2Tol16Eqratio5.0e-01Maskratio7.0e-01",1,1,1,1,1,1,1,1,1,1,1,0,0.57977,0.46079,0.37179,0.57229,0.47493,0.63602,0.63009,0.24807,0.47331,0.23556,0.47413,0.64906,0.57977,0.46079,0.37179,0.57229,0.47493,0.63602,0.63009,0.24807,0.47331,0.23556,0.47413,0,0.40958,0.46079,0.37179,0.71225,0.79862,0.63602,0.9643,0.24807,0.47331,0.23556,0.52479,0.64906,
,,,,,,,,,,,,,1,0,1,0,0,1,1,1,1,1,0,1,0.83243,0.86998,0.68643,0.91897,0.52309,0.68903,0.65308,0.25326,0.5547,0.33227,0.37396,0.7066,0.83243,0,0.68643,0,0,0.68903,0.65308,0.25326,0.5547,0.33227,0,0.7066,0.77614,0.47603,0.68643,0.85112,1.0918,1.0617,1.3908,0.30384,0.5547,0.33227,0.94977,0.7066,
,,,,,,,,,,,,,1,1,1,0,1,1,0,0,1,0,1,1,0.5208,0.25596,0.21828,0.44034,0.54703,0.74128,0.75676,0.30087,0.51985,0.2161,0.6585,0.75388,0.5208,0.25596,0.21828,0,0.54703,0.74128,0,0,0.51985,0,0.6585,0.75388,0.5208,0.50772,0.46919,0.80748,0.93246,0.78047,1.1402,0.2827,0.53445,0.27705,0.6585,0.72226,
,,,,,,,,,,,,,1,1,0,1,1,1,0,0,1,1,0,1,0.63291,0.24215,0.21481,0.50297,0.71729,0.97497,1.0029,0.39966,0.67304,0.26459,0.90169,0.99066,0.63291,0.24215,0,0.50297,0.71729,0.97497,0,0,0.67304,0.26459,0,0.99066,0.60913,0.24215,0.53273,0.50297,0.71729,0.78575,0.94709,0.18344,0.32208,0.22301,0.73061,0.38134,
,,,,,,,,,,,,,1,1,0,1,1,1,1,0,1,1,1,1,0.52278,0.082468,0.091341,0.36057,0.68207,0.93178,0.97029,0.38818,0.62638,0.2219,0.91786,0.94539,0.52278,0.082468,0,0.36057,0.68207,0.93178,0.97029,0,0.62638,0.2219,0.91786,0.94539,0.78686,0.082468,0.67767,0.36057,0.68207,0.93178,0.97029,0.14055,0.21759,0.2219,0.91786,0.18908,
,,,,,,,,,,,,,0,0,1,0,0,0,1,0,1,1,1,1,0.49825,0.16395,0.14957,0.3835,0.58501,0.79624,0.8217,0.3278,0.54583,0.20905,0.74913,0.80873,0,0,0.14957,0,0,0,0.8217,0,0.54583,0.20905,0.74913,0.80873,0.14255,0.60267,0.14957,0.80312,0.74748,0.3812,0.8217,0.27148,0.54583,0.20905,0.23242,0.80873,
