"initialpoint","repeat","row_dim","col_dim","rank","mineigval_correction","tolKKTres","maxOuterIter","maxtime","verbosity","eqconstratio","maskratio","filepath","P","A","PA","x0",
"feasible_region",1,4,8,2,1e-05,16,100000,300,1,0.5,0.3,"nrep1Rowdim4Coldim8Rank2Tol16Eqratio5.0e-01Maskratio3.0e-01",1,0,0,0,1,0,0,1,0.28444,0.22459,0.060107,0.19683,0.23338,0.20597,0.14426,0.21198,0.28444,0,0,0,0.23338,0,0,0.21198,0.10589,0.49989,0.15381,0.12362,0.51077,0.10818,0.49359,0.21198,
,,,,,,,,,,,,,0,1,0,0,0,0,0,0,1.3956,0.66556,0.73213,0.87717,0.74345,0.88838,0.88532,1.1002,0,0.66556,0,0,0,0,0,0,0.15294,0.66556,0.29178,0.23732,0.67864,0.19984,0.62775,0.30832,
,,,,,,,,,,,,,1,0,0,1,1,1,0,0,0.78173,0.72902,0.053179,0.56366,0.7443,0.59739,0.35098,0.5672,0.78173,0,0,0.56366,0.7443,0.59739,0,0,0.13896,0.72672,0.11476,0.088697,0.7443,0.087443,0.7544,0.27553,
,,,,,,,,,,,,,0,0,0,0,0,0,1,1,0.51551,0.40364,0.11233,0.35605,0.41985,0.37235,0.26283,0.38466,0,0,0,0,0,0,0.26283,0.38466,0.18466,0.47539,0.75683,0.62806,0.47587,0.49456,0.26283,0.38466,
