"initialpoint","repeat","row_dim","col_dim","rank","mineigval_correction","tolKKTres","maxOuterIter","maxtime","verbosity","eqconstratio","maskratio","filepath","P","A","PA","x0",
"feasible_region",1,5,10,2,1e-05,16,100000,300,1,0.5,0.3,"nrep1Rowdim5Coldim10Rank2Tol16Eqratio5.0e-01Maskratio3.0e-01",1,1,1,0,0,1,1,0,0,1,0.33172,0.41992,0.4018,0.24659,0.084876,0.40837,0.18734,0.30813,0.4764,0.15078,0.33172,0.41992,0.4018,0,0,0.40837,0.18734,0,0,0.15078,0.54277,0.41992,0.4018,0.09348,0.55317,0.40837,0.64796,0.84538,0.087825,0.15078,
,,,,,,,,,,,,,0,0,0,0,0,0,0,0,0,0,0.31949,0.36311,0.37753,0.22998,0.10093,0.37097,0.17234,0.2983,0.4163,0.14188,0,0,0,0,0,0,0,0,0,0,0.46708,1.0388,0.95229,0.62616,0.42851,0.34882,0.38106,0.7418,0.34223,0.52102,
,,,,,,,,,,,,,1,1,0,0,0,0,0,0,0,0,0.30935,0.055111,0.29772,0.16876,0.23533,0.19897,0.10879,0.29982,0.097918,0.11339,0.30935,0.055111,0,0,0,0,0,0,0,0,0.56158,0.76661,0.71308,0.36427,0.54904,0.42124,0.58386,0.88169,0.2216,0.34783,
,,,,,,,,,,,,,0,0,0,1,1,0,0,1,0,0,0.68386,0.40219,0.72228,0.42406,0.3901,0.59136,0.29541,0.65239,0.50504,0.27334,0,0,0,0.42406,0.3901,0,0,0.65239,0,0,0.41292,0.7576,0.69794,0.42406,0.3901,0.30899,0.37876,0.65239,0.23927,0.36776,
,,,,,,,,,,,,,0,1,1,0,0,1,1,0,0,0,0.51895,0.11891,0.50549,0.28792,0.38249,0.34807,0.18768,0.50198,0.19149,0.19236,0,0.11891,0.50549,0,0,0.34807,0.18768,0,0,0,0.2791,0.77429,0.70651,0.49785,0.24528,0.20785,0.18768,0.4465,0.26494,0.40002,
