"iter","cost","gradnorm","time","stepsize","ls_max_steps_break","dist","qpexitflag","rho","KKT_residual","maxviolation","meanviolation",
0,33.9078,6.5594,3.6248e-05,NaN,NaN,NaN,NaN,1,7.169,2.8099,1.7488,
1,21.7877,4.6416,0.045698,1.5684e-05,0,6.3072,1,6.3756,5.5658,2.6308,2.1079,
2,37.8345,10.8354,0.064827,0.16677,0,9.4547,1,9.5864,10.892,1.0134,0.73273,
3,22.5449,7.7196,0.079088,0.9,0,16.7142,1,9.5864,7.775,0.66279,0.65465,
4,3.2561,1.2807,0.093379,1,0,6.6944,1,9.5864,1.4014,0.56841,0.29853,
5,2.2665,0.13939,0.10726,1,0,2.4831,1,9.5864,0.15537,0.05468,0.048079,
6,2.2524,0.0035513,0.1216,1,0,0.33162,1,9.5864,0.0036155,0.00067811,0.00034473,
7,2.2524,2.5015e-05,0.13573,1,0,0.010571,1,9.5864,2.5017e-05,3.063e-07,1.5971e-07,
8,2.2524,6.8993e-07,0.14977,1,0,0.00025049,1,9.5864,6.8993e-07,4.9073e-11,4.7798e-11,
