"iter","cost","gradnorm","time","stepsize","ls_max_steps_break","dist","qpexitflag","rho","KKT_residual","maxviolation","meanviolation",
0,0.37533,1.0627,4.4177e-05,NaN,NaN,NaN,NaN,1,4.4413,4.3123,4.3123,
1,0.049444,0.22914,0.029864,0.00019663,0,1.9207,1,1,4.5468,4.541,4.541,
2,0.82158,1.224,0.049986,0.008728,0,13.433,1,1,3.8192,3.6177,3.6177,
3,0.64509,1.0961,0.069195,0.0063627,0,17.9126,1,1,3.7931,3.6313,3.6313,
4,1.0317,1.2583,0.082259,0.079766,0,75.4038,1,1,3.2413,2.9871,2.9871,
5,0.55469,0.98076,0.093084,0.20589,0,219.3533,1,1,2.7886,2.6105,2.6105,
6,0.0069702,0.11615,0.099775,1,0,149.7247,1,1,0.14387,0.084892,0.084892,
7,1.5609e-09,5.6289e-05,0.10663,1,0,0.66752,1,1,5.6406e-05,3.6289e-06,3.6289e-06,
8,3.3978e-22,1.3353e-10,0.11343,1,0,5.8348e-05,1,1,1.3353e-10,1.5152e-12,1.5152e-12,
